subject,study,parameter,value
S04-08,Day_2,FA,20.0
S04-08,Day_2,TR,0.0058
S04-08,Day_2,n0,4
S04-08,Day_2,center,G
S04-08,Day_2,field_strength,4.7
S04-08,Day_2,BAT,285.0
S04-08,Day_2,duration,30.0
S04-08,Day_2,study,4
S04-08,Day_2,visit,2
S04-08,Day_2,substance,Rifampicin
S04-08,Day_2,ve,0.23
S04-08,Day_2,Fp,0.022019
S04-08,Day_2,E,0.18996149888685723
S04-08,Day_2,Th,608.879522899238
S04-08,Day_2,vol,1000
S04-08,Day_2,Ktrans,0.004182762243989709
S04-08,Day_2,khe,0.005163658564675407
S04-08,Day_2,Khe,0.022450689411632203
S04-08,Day_2,kbh,0.0012646179926261462
S04-08,Day_2,Kbh,0.0016423610293846054
S04-08,Day_2,Te,8.46127686343716
S04-08,Day_2,CL,5.163658564675407
