subject,study,parameter,value
S13-04,Day_2,FA,20.0
S13-04,Day_2,TR,0.0058
S13-04,Day_2,n0,4
S13-04,Day_2,center,G
S13-04,Day_2,field_strength,4.7
S13-04,Day_2,BAT,285.0
S13-04,Day_2,duration,30.0
S13-04,Day_2,study,13
S13-04,Day_2,visit,2
S13-04,Day_2,substance,Placebo
S13-04,Day_2,H,0.418
S13-04,Day_2,ve,0.23
S13-04,Day_2,khe,0.0324881369855971
S13-04,Day_2,Th,241.1585723031119
S13-04,Day_2,Kbh,0.004146649196210621
S13-04,Day_2,Khe,0.14125276950259608
S13-04,Day_2,kbh,0.003192919881082179
S13-04,Day_2,E,0.5960345522125244
S13-04,Day_2,Ktrans,0.013124084805167578
