subject,study,parameter,value
S03-02,Day_1,FA,20.0
S03-02,Day_1,TR,0.0058
S03-02,Day_1,n0,4
S03-02,Day_1,center,G
S03-02,Day_1,field_strength,7.0
S03-02,Day_1,BAT,285.0
S03-02,Day_1,duration,30.0
S03-02,Day_1,study,3
S03-02,Day_1,visit,1
S03-02,Day_1,substance,Placebo
S03-02,Day_1,ve,0.23
S03-02,Day_1,Fp,0.022019
S03-02,Day_1,E,0.7767581095762782
S03-02,Day_1,Th,303.487147882807
S03-02,Day_1,vol,1000
S03-02,Day_1,Ktrans,0.01710343681476007
S03-02,Day_1,khe,0.07661392215545695
S03-02,Day_1,Khe,0.33310400937155193
S03-02,Day_1,kbh,0.0025371749854044535
S03-02,Day_1,Kbh,0.003295032448577212
S03-02,Day_1,Te,2.3318785956426726
S03-02,Day_1,CL,76.61392215545695
