subject,study,parameter,value
S03-02,Day_1,FA,20.0
S03-02,Day_1,TR,0.0058
S03-02,Day_1,n0,4
S03-02,Day_1,center,G
S03-02,Day_1,field_strength,7.0
S03-02,Day_1,BAT,285.0
S03-02,Day_1,duration,30.0
S03-02,Day_1,study,3
S03-02,Day_1,visit,1
S03-02,Day_1,substance,Placebo
S03-02,Day_1,H,0.418
S03-02,Day_1,ve,0.23
S03-02,Day_1,khe,0.027175328025430608
S03-02,Day_1,Th,321.09412235541174
S03-02,Day_1,Kbh,0.003114351619594964
S03-02,Day_1,Khe,0.11815360011056786
S03-02,Day_1,kbh,0.002398050747088122
S03-02,Day_1,E,0.5524077493523754
S03-02,Day_1,Ktrans,0.012163466232989955
