subject,study,parameter,value
S07-02,Day_2,FA,20.0
S07-02,Day_2,TR,0.0058
S07-02,Day_2,n0,4
S07-02,Day_2,center,D
S07-02,Day_2,field_strength,4.7
S07-02,Day_2,substance,Ketoconazole
S07-02,Day_2,BAT,292.0
S07-02,Day_2,duration,22.0
S07-02,Day_2,study,7
S07-02,Day_2,visit,2
S07-02,Day_2,H,0.418
S07-02,Day_2,ve,0.23
S07-02,Day_2,khe,0.012484707810558255
S07-02,Day_2,Th,254.36166668991604
S07-02,Day_2,Kbh,0.003931409999837229
S07-02,Day_2,Khe,0.05428133830677502
S07-02,Day_2,kbh,0.003027185699874666
S07-02,Day_2,E,0.3618367011193473
S07-02,Day_2,Ktrans,0.007967282321946908
