subject,study,parameter,value
S07-02,Day_2,FA,20.0
S07-02,Day_2,TR,0.0058
S07-02,Day_2,n0,4
S07-02,Day_2,center,D
S07-02,Day_2,field_strength,4.7
S07-02,Day_2,substance,Ketoconazole
S07-02,Day_2,BAT,292.0
S07-02,Day_2,duration,22.0
S07-02,Day_2,study,7
S07-02,Day_2,visit,2
S07-02,Day_2,ve,0.23
S07-02,Day_2,Fp,0.022019
S07-02,Day_2,E,0.35908815413074296
S07-02,Day_2,Th,237.70500842509642
S07-02,Day_2,vol,1000
S07-02,Day_2,Ktrans,0.00790676206580483
S07-02,Day_2,khe,0.012336738846012484
S07-02,Day_2,Khe,0.05363799498266297
S07-02,Day_2,kbh,0.003239309113011962
S07-02,Day_2,Kbh,0.004206894951963587
S07-02,Day_2,Te,6.694660272942873
S07-02,Day_2,CL,12.336738846012484
