subject,study,parameter,value
S10-01,Day_1,FA,20.0
S10-01,Day_1,TR,0.0058
S10-01,Day_1,n0,4
S10-01,Day_1,center,G
S10-01,Day_1,field_strength,7.0
S10-01,Day_1,substance,Bosentan
S10-01,Day_1,BAT,285.0
S10-01,Day_1,duration,30.0
S10-01,Day_1,study,10
S10-01,Day_1,visit,1
S10-01,Day_1,H,0.418
S10-01,Day_1,ve,0.23
S10-01,Day_1,khe,0.03265292164244778
S10-01,Day_1,Th,204.09596510577603
S10-01,Day_1,Kbh,0.004899655901975984
S10-01,Day_1,Khe,0.14196922453238164
S10-01,Day_1,kbh,0.0037727350445215077
S10-01,Day_1,E,0.5972521298226282
S10-01,Day_1,Ktrans,0.013150894646564451
