subject,study,parameter,value
S09-02,Day_1,FA,20.0
S09-02,Day_1,TR,0.0058
S09-02,Day_1,n0,4
S09-02,Day_1,center,G
S09-02,Day_1,field_strength,7.0
S09-02,Day_1,substance,Placebo
S09-02,Day_1,BAT,285.0
S09-02,Day_1,duration,30.0
S09-02,Day_1,study,9
S09-02,Day_1,visit,1
S09-02,Day_1,ve,0.23
S09-02,Day_1,Fp,0.022019
S09-02,Day_1,E,0.49960286464492315
S09-02,Day_1,Th,215.43994138790126
S09-02,Day_1,vol,1000
S09-02,Day_1,Ktrans,0.011000755476616563
S09-02,Day_1,khe,0.021984049666492464
S09-02,Day_1,Khe,0.09558282463692375
S09-02,Day_1,kbh,0.0035740819229690057
S09-02,Day_1,Kbh,0.004641664835024682
S09-02,Day_1,Te,5.226910446962519
S09-02,Day_1,CL,21.984049666492464
