subject,study,parameter,value
S09-02,Day_1,FA,20.0
S09-02,Day_1,TR,0.0058
S09-02,Day_1,n0,4
S09-02,Day_1,center,G
S09-02,Day_1,field_strength,7.0
S09-02,Day_1,substance,Placebo
S09-02,Day_1,BAT,285.0
S09-02,Day_1,duration,30.0
S09-02,Day_1,study,9
S09-02,Day_1,visit,1
S09-02,Day_1,H,0.418
S09-02,Day_1,ve,0.23
S09-02,Day_1,khe,0.01701429221075272
S09-02,Day_1,Th,232.39467691276747
S09-02,Day_1,Kbh,0.004303024549806551
S09-02,Day_1,Khe,0.07397518352501183
S09-02,Day_1,kbh,0.003313328903351044
S09-02,Day_1,E,0.4358918053564977
S09-02,Day_1,Ktrans,0.00959790166214472
