subject,study,parameter,value
S03-01,Day_1,FA,20.0
S03-01,Day_1,TR,0.0058
S03-01,Day_1,n0,4
S03-01,Day_1,center,G
S03-01,Day_1,field_strength,7.0
S03-01,Day_1,BAT,285.0
S03-01,Day_1,duration,30.0
S03-01,Day_1,study,3
S03-01,Day_1,visit,1
S03-01,Day_1,substance,Bosentan (clinical dose)
S03-01,Day_1,H,0.418
S03-01,Day_1,ve,0.23
S03-01,Day_1,khe,0.013877933054171291
S03-01,Day_1,Th,221.66387162565096
S03-01,Day_1,Kbh,0.0045113350798492505
S03-01,Day_1,Khe,0.060338839365962134
S03-01,Day_1,kbh,0.003473728011483923
S03-01,Day_1,E,0.3866049791281166
S03-01,Day_1,Ktrans,0.008512655035422001
