subject,study,parameter,value
S03-03,Day_2,FA,20.0
S03-03,Day_2,TR,0.0058
S03-03,Day_2,n0,4
S03-03,Day_2,center,G
S03-03,Day_2,field_strength,7.0
S03-03,Day_2,BAT,285.0
S03-03,Day_2,duration,30.0
S03-03,Day_2,study,3
S03-03,Day_2,visit,2
S03-03,Day_2,substance,Bosentan (clinical dose)
S03-03,Day_2,H,0.418
S03-03,Day_2,ve,0.23
S03-03,Day_2,khe,0.03860854480293832
S03-03,Day_2,Th,224.9234786006396
S03-03,Day_2,Kbh,0.004445956492499118
S03-03,Day_2,Khe,0.16786323827364488
S03-03,Day_2,kbh,0.0034233864992243204
S03-03,Day_2,E,0.636815245090828
S03-03,Day_2,Ktrans,0.014022034881654941
