subject,study,parameter,value
S12-03,Day_1,FA,20.0
S12-03,Day_1,TR,0.0058
S12-03,Day_1,n0,4
S12-03,Day_1,center,G
S12-03,Day_1,field_strength,4.7
S12-03,Day_1,substance,Placebo
S12-03,Day_1,BAT,285.0
S12-03,Day_1,duration,30.0
S12-03,Day_1,study,12
S12-03,Day_1,visit,1
S12-03,Day_1,H,0.418
S12-03,Day_1,ve,0.23
S12-03,Day_1,khe,0.031209200754198443
S12-03,Day_1,Th,259.22830472030864
S12-03,Day_1,Kbh,0.0038576034398671794
S12-03,Day_1,Khe,0.13569217719216714
S12-03,Day_1,kbh,0.002970354648697728
S12-03,Day_1,E,0.5863283055220831
S12-03,Day_1,Ktrans,0.012910362959290751
