subject,study,parameter,value
S12-03,Day_1,FA,20.0
S12-03,Day_1,TR,0.0058
S12-03,Day_1,n0,4
S12-03,Day_1,center,G
S12-03,Day_1,field_strength,4.7
S12-03,Day_1,substance,Placebo
S12-03,Day_1,BAT,285.0
S12-03,Day_1,duration,30.0
S12-03,Day_1,study,12
S12-03,Day_1,visit,1
S12-03,Day_1,ve,0.23
S12-03,Day_1,Fp,0.022019
S12-03,Day_1,E,0.887233964630927
S12-03,Day_1,Th,247.28931508584313
S12-03,Day_1,vol,1000
S12-03,Day_1,Ktrans,0.01953600466720838
S12-03,Day_1,khe,0.17324369526044614
S12-03,Day_1,Khe,0.7532334576541136
S12-03,Day_1,kbh,0.0031137617075477158
S12-03,Day_1,Kbh,0.004043846373438592
S12-03,Day_1,Te,1.1779003649069804
S12-03,Day_1,CL,173.24369526044615
