subject,study,parameter,value
S14-02,Day_1,FA,30.0
S14-02,Day_1,TR,0.036
S14-02,Day_1,n0,4
S14-02,Day_1,center,A
S14-02,Day_1,field_strength,7.0
S14-02,Day_1,BAT,285.0
S14-02,Day_1,duration,30.0
S14-02,Day_1,study,14
S14-02,Day_1,visit,1
S14-02,Day_1,substance,Rifampicin (high dose)
S14-02,Day_1,H,0.418
S14-02,Day_1,ve,0.23
S14-02,Day_1,khe,0.01167224433856626
S14-02,Day_1,Th,486.50563365685133
S14-02,Day_1,Kbh,0.0020554746560351926
S14-02,Day_1,Khe,0.05074888842854895
S14-02,Day_1,kbh,0.0015827154851470984
S14-02,Day_1,E,0.3464474099344879
S14-02,Day_1,Ktrans,0.00762842551934749
