subject,study,parameter,value
S14-02,Day_1,FA,30.0
S14-02,Day_1,TR,0.036
S14-02,Day_1,n0,4
S14-02,Day_1,center,A
S14-02,Day_1,field_strength,7.0
S14-02,Day_1,BAT,285.0
S14-02,Day_1,duration,30.0
S14-02,Day_1,study,14
S14-02,Day_1,visit,1
S14-02,Day_1,study arm,Rifampicin (high dose)
S14-02,Day_1,substance,Placebo
S14-02,Day_1,ve,0.23
S14-02,Day_1,Fp,0.022019
S14-02,Day_1,E,0.32328316574595084
S14-02,Day_1,Th,466.824969886779
S14-02,Day_1,vol,1000
S14-02,Day_1,Ktrans,0.007118372026560091
S14-02,Day_1,khe,0.01051898174575003
S14-02,Day_1,Khe,0.04573470324239143
S14-02,Day_1,kbh,0.0016494404748459606
S14-02,Day_1,Kbh,0.002142130486812936
S14-02,Day_1,Te,7.068662149890154
S14-02,Day_1,CL,10.518981745750029
