subject,study,parameter,value
S14-12,Day_4,FA,30.0
S14-12,Day_4,TR,0.036
S14-12,Day_4,n0,4
S14-12,Day_4,center,A
S14-12,Day_4,field_strength,7.0
S14-12,Day_4,BAT,285.0
S14-12,Day_4,duration,30.0
S14-12,Day_4,study,14
S14-12,Day_4,visit,4
S14-12,Day_4,substance,Placebo
S14-12,Day_4,H,0.418
S14-12,Day_4,ve,0.23
S14-12,Day_4,khe,0.013803641058745755
S14-12,Day_4,Th,467.9890389807484
S14-12,Day_4,Kbh,0.0021368021827561155
S14-12,Day_4,Khe,0.06001583069019893
S14-12,Day_4,kbh,0.001645337680722209
S14-12,Day_4,E,0.38533286912344306
S14-12,Day_4,Ktrans,0.008484644445229093
