subject,study,parameter,value
S14-12,Day_4,FA,30.0
S14-12,Day_4,TR,0.036
S14-12,Day_4,n0,4
S14-12,Day_4,center,A
S14-12,Day_4,field_strength,7.0
S14-12,Day_4,BAT,285.0
S14-12,Day_4,duration,30.0
S14-12,Day_4,study,14
S14-12,Day_4,visit,4
S14-12,Day_4,study arm,Placebo
S14-12,Day_4,substance,Placebo
S14-12,Day_4,ve,0.23
S14-12,Day_4,Fp,0.022019
S14-12,Day_4,E,0.3837641726073179
S14-12,Day_4,Th,448.1924577245088
S14-12,Day_4,vol,1000
S14-12,Day_4,Ktrans,0.008450103316640532
S14-12,Day_4,khe,0.01371245056035325
S14-12,Day_4,Khe,0.059619350262405425
S14-12,Day_4,kbh,0.001718011953858664
S14-12,Day_4,Kbh,0.0022311843556606023
S14-12,Day_4,Te,6.436906321827371
S14-12,Day_4,CL,13.712450560353249
