subject,study,parameter,value
S04-07,Day_2,FA,20.0
S04-07,Day_2,TR,0.0058
S04-07,Day_2,n0,4
S04-07,Day_2,center,G
S04-07,Day_2,field_strength,4.7
S04-07,Day_2,BAT,285.0
S04-07,Day_2,duration,30.0
S04-07,Day_2,study,4
S04-07,Day_2,visit,2
S04-07,Day_2,substance,Rifampicin
S04-07,Day_2,H,0.418
S04-07,Day_2,ve,0.23
S04-07,Day_2,khe,0.00660528925282937
S04-07,Day_2,Th,598.5525587119528
S04-07,Day_2,Kbh,0.0016706970598403868
S04-07,Day_2,Khe,0.028718648925345085
S04-07,Day_2,kbh,0.0012864367360770979
S04-07,Day_2,E,0.2307581926135151
S04-07,Day_2,Ktrans,0.005081064643156988
