subject,study,parameter,value
S01-03,Day_1,FA,20.0
S01-03,Day_1,TR,0.0058
S01-03,Day_1,n0,4
S01-03,Day_1,center,D
S01-03,Day_1,field_strength,4.7
S01-03,Day_1,BAT,292.0
S01-03,Day_1,duration,22.0
S01-03,Day_1,study,1
S01-03,Day_1,visit,1
S01-03,Day_1,substance,Placebo
S01-03,Day_1,ve,0.23
S01-03,Day_1,Fp,0.022019
S01-03,Day_1,E,0.6106082542234977
S01-03,Day_1,Th,236.6424179091837
S01-03,Day_1,vol,1000
S01-03,Day_1,Ktrans,0.013444983149747196
S01-03,Day_1,khe,0.03452816680265268
S01-03,Day_1,Khe,0.15012246435935947
S01-03,Day_1,kbh,0.0032538545151930584
S01-03,Day_1,Kbh,0.004225785084666309
S01-03,Day_1,Te,4.067400950478929
S01-03,Day_1,CL,34.52816680265268
