subject,study,parameter,value
S01-03,Day_1,FA,20.0
S01-03,Day_1,TR,0.0058
S01-03,Day_1,n0,4
S01-03,Day_1,center,D
S01-03,Day_1,field_strength,4.7
S01-03,Day_1,BAT,292.0
S01-03,Day_1,duration,22.0
S01-03,Day_1,study,1
S01-03,Day_1,visit,1
S01-03,Day_1,substance,Placebo
S01-03,Day_1,H,0.418
S01-03,Day_1,ve,0.23
S01-03,Day_1,khe,0.02120073372811008
S01-03,Day_1,Th,252.047161457853
S01-03,Day_1,Kbh,0.00396751145387217
S01-03,Day_1,Khe,0.092177103165696
S01-03,Day_1,kbh,0.003054983819481571
S01-03,Day_1,E,0.4905336497786227
S01-03,Day_1,Ktrans,0.010801060434475495
