subject,study,parameter,value
S15-03,Day_3,FA,20.0
S15-03,Day_3,TR,0.0058
S15-03,Day_3,n0,4
S15-03,Day_3,center,D
S15-03,Day_3,field_strength,4.7
S15-03,Day_3,BAT,292.0
S15-03,Day_3,duration,22.0
S15-03,Day_3,study,15
S15-03,Day_3,visit,3
S15-03,Day_3,substance,Placebo
S15-03,Day_3,H,0.418
S15-03,Day_3,ve,0.23
S15-03,Day_3,khe,0.039799683582218
S15-03,Day_3,Th,288.9629365904998
S15-03,Day_3,Kbh,0.0034606514309381397
S15-03,Day_3,Khe,0.1730421025313826
S15-03,Day_3,kbh,0.0026647016018223673
S15-03,Day_3,E,0.6438131852045178
S15-03,Day_3,Ktrans,0.014176122525018276
