subject,study,parameter,value
S15-03,Day_3,FA,20.0
S15-03,Day_3,TR,0.0058
S15-03,Day_3,n0,4
S15-03,Day_3,center,D
S15-03,Day_3,field_strength,4.7
S15-03,Day_3,BAT,292.0
S15-03,Day_3,duration,22.0
S15-03,Day_3,study,15
S15-03,Day_3,visit,3
S15-03,Day_3,study arm,Placebo
S15-03,Day_3,substance,Placebo
S15-03,Day_3,ve,0.23
S15-03,Day_3,Fp,0.022019
S15-03,Day_3,E,0.8999963797552542
S15-03,Day_3,Th,340.7149930842908
S15-03,Day_3,vol,1000
S15-03,Day_3,Ktrans,0.01981702028583094
S15-03,Day_3,khe,0.19816302887166845
S15-03,Day_3,Khe,0.8615783863985584
S15-03,Day_3,kbh,0.002259953379302879
S15-03,Day_3,Kbh,0.002935004388705037
S15-03,Day_3,Te,1.0445902473450905
S15-03,Day_3,CL,198.16302887166844
