subject,study,parameter,value
S04-07,Day_2,FA,20.0
S04-07,Day_2,TR,0.0058
S04-07,Day_2,n0,4
S04-07,Day_2,center,G
S04-07,Day_2,field_strength,4.7
S04-07,Day_2,BAT,285.0
S04-07,Day_2,duration,30.0
S04-07,Day_2,study,4
S04-07,Day_2,visit,2
S04-07,Day_2,substance,Rifampicin
S04-07,Day_2,H,0.418
S04-07,Day_2,ve,0.23
S04-07,Day_2,khe,0.00685003215655915
S04-07,Day_2,Th,579.3735379440665
S04-07,Day_2,Kbh,0.0017260021980785416
S04-07,Day_2,Khe,0.029782748506778912
S04-07,Day_2,kbh,0.001329021692520477
S04-07,Day_2,E,0.23727959148096336
S04-07,Day_2,Ktrans,0.0052246593248193324
