subject,study,parameter,value
S04-07,Day_2,FA,20.0
S04-07,Day_2,TR,0.0058
S04-07,Day_2,n0,4
S04-07,Day_2,center,G
S04-07,Day_2,field_strength,4.7
S04-07,Day_2,BAT,285.0
S04-07,Day_2,duration,30.0
S04-07,Day_2,study,4
S04-07,Day_2,visit,2
S04-07,Day_2,substance,Rifampicin
S04-07,Day_2,ve,0.23
S04-07,Day_2,Fp,0.022019
S04-07,Day_2,E,0.190481552922549
S04-07,Day_2,Th,547.2213452939867
S04-07,Day_2,vol,1000
S04-07,Day_2,Ktrans,0.004194213313801607
S04-07,Day_2,khe,0.005181121355472117
S04-07,Day_2,Khe,0.022526614589009206
S04-07,Day_2,kbh,0.0014071088538886011
S04-07,Day_2,Kbh,0.001827414095959222
S04-07,Day_2,Te,8.455844626359678
S04-07,Day_2,CL,5.181121355472118
