subject,study,parameter,value
S13-01,Day_1,FA,20.0
S13-01,Day_1,TR,0.0058
S13-01,Day_1,n0,4
S13-01,Day_1,center,G
S13-01,Day_1,field_strength,4.7
S13-01,Day_1,BAT,285.0
S13-01,Day_1,duration,30.0
S13-01,Day_1,study,13
S13-01,Day_1,visit,1
S13-01,Day_1,substance,Placebo
S13-01,Day_2,FA,20.0
S13-01,Day_2,TR,0.0058
S13-01,Day_2,n0,4
S13-01,Day_2,center,G
S13-01,Day_2,field_strength,7.0
S13-01,Day_2,BAT,285.0
S13-01,Day_2,duration,30.0
S13-01,Day_2,study,13
S13-01,Day_2,visit,2
S13-01,Day_2,substance,Placebo
S13-02,Day_1,FA,20.0
S13-02,Day_1,TR,0.0058
S13-02,Day_1,n0,4
S13-02,Day_1,center,G
S13-02,Day_1,field_strength,4.7
S13-02,Day_1,BAT,285.0
S13-02,Day_1,duration,30.0
S13-02,Day_1,study,13
S13-02,Day_1,visit,1
S13-02,Day_1,substance,Placebo
S13-02,Day_2,FA,20.0
S13-02,Day_2,TR,0.0058
S13-02,Day_2,n0,4
S13-02,Day_2,center,G
S13-02,Day_2,field_strength,7.0
S13-02,Day_2,BAT,285.0
S13-02,Day_2,duration,30.0
S13-02,Day_2,study,13
S13-02,Day_2,visit,2
S13-02,Day_2,substance,Placebo
S13-03,Day_1,FA,20.0
S13-03,Day_1,TR,0.0058
S13-03,Day_1,n0,4
S13-03,Day_1,center,G
S13-03,Day_1,field_strength,4.7
S13-03,Day_1,BAT,285.0
S13-03,Day_1,duration,30.0
S13-03,Day_1,study,13
S13-03,Day_1,visit,1
S13-03,Day_1,substance,Placebo
S13-03,Day_2,FA,20.0
S13-03,Day_2,TR,0.0058
S13-03,Day_2,n0,4
S13-03,Day_2,center,G
S13-03,Day_2,field_strength,7.0
S13-03,Day_2,BAT,285.0
S13-03,Day_2,duration,30.0
S13-03,Day_2,study,13
S13-03,Day_2,visit,2
S13-03,Day_2,substance,Placebo
S13-04,Day_1,FA,20.0
S13-04,Day_1,TR,0.0058
S13-04,Day_1,n0,4
S13-04,Day_1,center,G
S13-04,Day_1,field_strength,7.0
S13-04,Day_1,BAT,285.0
S13-04,Day_1,duration,30.0
S13-04,Day_1,study,13
S13-04,Day_1,visit,1
S13-04,Day_1,substance,Placebo
S13-04,Day_2,FA,20.0
S13-04,Day_2,TR,0.0058
S13-04,Day_2,n0,4
S13-04,Day_2,center,G
S13-04,Day_2,field_strength,4.7
S13-04,Day_2,BAT,285.0
S13-04,Day_2,duration,30.0
S13-04,Day_2,study,13
S13-04,Day_2,visit,2
S13-04,Day_2,substance,Placebo
S13-05,Day_1,FA,20.0
S13-05,Day_1,TR,0.0058
S13-05,Day_1,n0,4
S13-05,Day_1,center,G
S13-05,Day_1,field_strength,7.0
S13-05,Day_1,BAT,285.0
S13-05,Day_1,duration,30.0
S13-05,Day_1,study,13
S13-05,Day_1,visit,1
S13-05,Day_1,substance,Placebo
S13-05,Day_2,FA,20.0
S13-05,Day_2,TR,0.0058
S13-05,Day_2,n0,4
S13-05,Day_2,center,G
S13-05,Day_2,field_strength,4.7
S13-05,Day_2,BAT,285.0
S13-05,Day_2,duration,30.0
S13-05,Day_2,study,13
S13-05,Day_2,visit,2
S13-05,Day_2,substance,Placebo
S13-06,Day_1,FA,20.0
S13-06,Day_1,TR,0.0058
S13-06,Day_1,n0,4
S13-06,Day_1,center,G
S13-06,Day_1,field_strength,7.0
S13-06,Day_1,BAT,285.0
S13-06,Day_1,duration,30.0
S13-06,Day_1,study,13
S13-06,Day_1,visit,1
S13-06,Day_1,substance,Placebo
S13-06,Day_2,FA,20.0
S13-06,Day_2,TR,0.0058
S13-06,Day_2,n0,4
S13-06,Day_2,center,G
S13-06,Day_2,field_strength,4.7
S13-06,Day_2,BAT,285.0
S13-06,Day_2,duration,30.0
S13-06,Day_2,study,13
S13-06,Day_2,visit,2
S13-06,Day_2,substance,Placebo
