subject,study,parameter,value
S13-05,Day_2,FA,20.0
S13-05,Day_2,TR,0.0058
S13-05,Day_2,n0,4
S13-05,Day_2,center,G
S13-05,Day_2,field_strength,4.7
S13-05,Day_2,BAT,285.0
S13-05,Day_2,duration,30.0
S13-05,Day_2,study,13
S13-05,Day_2,visit,2
S13-05,Day_2,substance,Placebo
S13-05,Day_2,ve,0.23
S13-05,Day_2,Fp,0.022019
S13-05,Day_2,E,0.8611569111831362
S13-05,Day_2,Th,167.80672656658732
S13-05,Day_2,vol,1000
S13-05,Day_2,Ktrans,0.018961814027341477
S13-05,Day_2,khe,0.1365700964226776
S13-05,Day_2,Khe,0.5937830279246852
S13-05,Day_2,kbh,0.004588612243112058
S13-05,Day_2,Kbh,0.0059592366793663094
S13-05,Day_2,Te,1.450288860887355
S13-05,Day_2,CL,136.57009642267758
