subject,study,parameter,value
S13-05,Day_2,FA,20.0
S13-05,Day_2,TR,0.0058
S13-05,Day_2,n0,4
S13-05,Day_2,center,G
S13-05,Day_2,field_strength,4.7
S13-05,Day_2,BAT,285.0
S13-05,Day_2,duration,30.0
S13-05,Day_2,study,13
S13-05,Day_2,visit,2
S13-05,Day_2,substance,Placebo
S13-05,Day_2,H,0.418
S13-05,Day_2,ve,0.23
S13-05,Day_2,khe,0.029427457145582883
S13-05,Day_2,Th,178.49855128119214
S13-05,Day_2,Kbh,0.005602286364916661
S13-05,Day_2,Khe,0.12794546585036035
S13-05,Day_2,kbh,0.004313760500985829
S13-05,Day_2,E,0.5720016261238211
S13-05,Day_2,Ktrans,0.012594903805620415
