subject,study,parameter,value
S02-06,Day_1,FA,20.0
S02-06,Day_1,TR,0.0058
S02-06,Day_1,n0,4
S02-06,Day_1,center,E
S02-06,Day_1,field_strength,7.0
S02-06,Day_1,BAT,285.0
S02-06,Day_1,duration,30.0
S02-06,Day_1,study,2
S02-06,Day_1,visit,1
S02-06,Day_1,substance,Placebo
S02-06,Day_1,H,0.418
S02-06,Day_1,ve,0.23
S02-06,Day_1,khe,0.024746261438785336
S02-06,Day_1,Th,273.9948767713656
S02-06,Day_1,Kbh,0.0036497032783370164
S02-06,Day_1,Khe,0.10759244103819711
S02-06,Day_1,kbh,0.0028102715243195028
S02-06,Day_1,E,0.5291590526266517
S02-06,Day_1,Ktrans,0.011651553179786243
