subject,study,parameter,value
S02-06,Day_1,FA,20.0
S02-06,Day_1,TR,0.0058
S02-06,Day_1,n0,4
S02-06,Day_1,center,E
S02-06,Day_1,field_strength,7.0
S02-06,Day_1,BAT,285.0
S02-06,Day_1,duration,30.0
S02-06,Day_1,study,2
S02-06,Day_1,visit,1
S02-06,Day_1,substance,Placebo
S02-06,Day_1,ve,0.23
S02-06,Day_1,Fp,0.022019
S02-06,Day_1,E,0.7160775923258762
S02-06,Day_1,Th,257.08273774008245
S02-06,Day_1,vol,1000
S02-06,Day_1,Ktrans,0.01576731250542347
S02-06,Day_1,khe,0.05553387855008837
S02-06,Day_1,Khe,0.24145164586994944
S02-06,Day_1,kbh,0.002995144702319495
S02-06,Day_1,Kbh,0.0038897983147006426
S02-06,Day_1,Te,2.9657184143261945
S02-06,Day_1,CL,55.533878550088374
