subject,study,parameter,value
S15-10,Day_3,FA,20.0
S15-10,Day_3,TR,0.0058
S15-10,Day_3,n0,4
S15-10,Day_3,center,D
S15-10,Day_3,field_strength,4.7
S15-10,Day_3,BAT,292.0
S15-10,Day_3,duration,22.0
S15-10,Day_3,study,15
S15-10,Day_3,visit,3
S15-10,Day_3,study arm,Placebo
S15-10,Day_3,substance,Placebo
S15-10,Day_3,ve,0.23
S15-10,Day_3,Fp,0.022019
S15-10,Day_3,E,0.8999904460234723
S15-10,Day_3,Th,238.01373537356355
S15-10,Day_3,vol,1000
S15-10,Day_3,Ktrans,0.019816889630990837
S15-10,Day_3,khe,0.1981499651087523
S15-10,Day_3,Khe,0.8615215874293578
S15-10,Day_3,kbh,0.003235107414248517
S15-10,Day_3,Kbh,0.00420143820032275
S15-10,Day_3,Te,1.0446522282847253
S15-10,Day_3,CL,198.1499651087523
