subject,study,parameter,value
S15-10,Day_3,FA,20.0
S15-10,Day_3,TR,0.0058
S15-10,Day_3,n0,4
S15-10,Day_3,center,D
S15-10,Day_3,field_strength,4.7
S15-10,Day_3,BAT,292.0
S15-10,Day_3,duration,22.0
S15-10,Day_3,study,15
S15-10,Day_3,visit,3
S15-10,Day_3,substance,Placebo
S15-10,Day_3,H,0.418
S15-10,Day_3,ve,0.23
S15-10,Day_3,khe,0.04005351377214824
S15-10,Day_3,Th,199.64514749797107
S15-10,Day_3,Kbh,0.005008887080564594
S15-10,Day_3,Khe,0.17414571205281842
S15-10,Day_3,kbh,0.003856843052034737
S15-10,Day_3,E,0.645269723072181
S15-10,Day_3,Ktrans,0.014208194032326357
