subject,study,parameter,value
S01-07,Day_4,FA,30.0
S01-07,Day_4,TR,0.036
S01-07,Day_4,n0,4
S01-07,Day_4,center,A
S01-07,Day_4,field_strength,7.0
S01-07,Day_4,BAT,285.0
S01-07,Day_4,duration,30.0
S01-07,Day_4,study,1
S01-07,Day_4,visit,4
S01-07,Day_4,substance,Rifampicin (clinical dose)
S01-07,Day_4,H,0.418
S01-07,Day_4,ve,0.23
S01-07,Day_4,khe,0.011718708005995485
S01-07,Day_4,Th,413.5263022253486
S01-07,Day_4,Kbh,0.00241822586524389
S01-07,Day_4,Khe,0.05095090437389341
S01-07,Day_4,kbh,0.0018620339162377954
S01-07,Day_4,E,0.34734748442048785
S01-07,Day_4,Ktrans,0.007648244259454723
