subject,study,parameter,value
S02-04,Day_1,FA,20.0
S02-04,Day_1,TR,0.0058
S02-04,Day_1,n0,4
S02-04,Day_1,center,D
S02-04,Day_1,field_strength,4.7
S02-04,Day_1,BAT,292.0
S02-04,Day_1,duration,22.0
S02-04,Day_1,study,2
S02-04,Day_1,visit,1
S02-04,Day_1,substance,Placebo
S02-04,Day_1,H,0.418
S02-04,Day_1,ve,0.23
S02-04,Day_1,khe,0.03465087703030816
S02-04,Day_1,Th,271.86803471450554
S02-04,Day_1,Kbh,0.0036782551543807695
S02-04,Day_1,Khe,0.15065598708829636
S02-04,Day_1,kbh,0.0028322564688731925
S02-04,Day_1,E,0.6114514243921191
S02-04,Day_1,Ktrans,0.013463548913690076
