subject,study,parameter,value
S03-05,Day_2,FA,20.0
S03-05,Day_2,TR,0.0058
S03-05,Day_2,n0,4
S03-05,Day_2,center,G
S03-05,Day_2,field_strength,7.0
S03-05,Day_2,BAT,285.0
S03-05,Day_2,duration,30.0
S03-05,Day_2,study,3
S03-05,Day_2,visit,2
S03-05,Day_2,substance,Bosentan (clinical dose)
S03-05,Day_2,H,0.418
S03-05,Day_2,ve,0.23
S03-05,Day_2,khe,0.022091750258003667
S03-05,Day_2,Th,280.7717300612747
S03-05,Day_2,Kbh,0.003561612131612265
S03-05,Day_2,Khe,0.09605108807827681
S03-05,Day_2,kbh,0.0027424413413414442
S03-05,Day_2,E,0.5008246318366629
S03-05,Day_2,Ktrans,0.011027657568411477
