subject,study,parameter,value
S06-06,Day_1,FA,20.0
S06-06,Day_1,TR,0.0058
S06-06,Day_1,n0,4
S06-06,Day_1,center,E
S06-06,Day_1,field_strength,7.0
S06-06,Day_1,substance,Placebo
S06-06,Day_1,BAT,285.0
S06-06,Day_1,duration,30.0
S06-06,Day_1,study,6
S06-06,Day_1,visit,1
S06-06,Day_1,H,0.418
S06-06,Day_1,ve,0.23
S06-06,Day_1,khe,0.020710809638754785
S06-06,Day_1,Th,232.38252855210058
S06-06,Day_1,Kbh,0.004303249500858229
S06-06,Day_1,Khe,0.09004699842936863
S06-06,Day_1,kbh,0.0033135021156608367
S06-06,Day_1,E,0.48469229827718774
S06-06,Day_1,Ktrans,0.010672439715765395
