subject,study,parameter,value
S06-06,Day_1,FA,20.0
S06-06,Day_1,TR,0.0058
S06-06,Day_1,n0,4
S06-06,Day_1,center,E
S06-06,Day_1,field_strength,7.0
S06-06,Day_1,substance,Placebo
S06-06,Day_1,BAT,285.0
S06-06,Day_1,duration,30.0
S06-06,Day_1,study,6
S06-06,Day_1,visit,1
S06-06,Day_1,ve,0.23
S06-06,Day_1,Fp,0.022019
S06-06,Day_1,E,0.6078796455185531
S06-06,Day_1,Th,216.0473449075821
S06-06,Day_1,vol,1000
S06-06,Day_1,Ktrans,0.01338490191467302
S06-06,Day_1,khe,0.03413467768683843
S06-06,Day_1,Khe,0.1484116421166888
S06-06,Day_1,kbh,0.0035640336164713365
S06-06,Day_1,Kbh,0.004628615086326411
S06-06,Day_1,Te,4.095902699065934
S06-06,Day_1,CL,34.13467768683843
