subject,study,parameter,value
S13-06,Day_2,FA,20.0
S13-06,Day_2,TR,0.0058
S13-06,Day_2,n0,4
S13-06,Day_2,center,G
S13-06,Day_2,field_strength,4.7
S13-06,Day_2,BAT,285.0
S13-06,Day_2,duration,30.0
S13-06,Day_2,study,13
S13-06,Day_2,visit,2
S13-06,Day_2,substance,Placebo
S13-06,Day_2,H,0.418
S13-06,Day_2,ve,0.23
S13-06,Day_2,khe,0.027367625652143568
S13-06,Day_2,Th,212.48935507096968
S13-06,Day_2,Kbh,0.004706118100203224
S13-06,Day_2,Khe,0.11898967674845029
S13-06,Day_2,kbh,0.0036237109371564822
S13-06,Day_2,E,0.5541505476585584
S13-06,Day_2,Ktrans,0.012201840908893797
