subject,study,parameter,value
S09-02,Day_2,FA,20.0
S09-02,Day_2,TR,0.0058
S09-02,Day_2,n0,4
S09-02,Day_2,center,G
S09-02,Day_2,field_strength,7.0
S09-02,Day_2,substance,Placebo
S09-02,Day_2,BAT,285.0
S09-02,Day_2,duration,30.0
S09-02,Day_2,study,9
S09-02,Day_2,visit,2
S09-02,Day_2,H,0.418
S09-02,Day_2,ve,0.23
S09-02,Day_2,khe,0.02269969273328274
S09-02,Day_2,Th,326.272112703516
S09-02,Day_2,Kbh,0.003064926363806954
S09-02,Day_2,Khe,0.09869431623166408
S09-02,Day_2,kbh,0.002359993300131355
S09-02,Day_2,E,0.5076108299648048
S09-02,Day_2,Ktrans,0.01117708286499504
