subject,study,parameter,value
S02-04,Day_1,FA,20.0
S02-04,Day_1,TR,0.0058
S02-04,Day_1,n0,4
S02-04,Day_1,center,E
S02-04,Day_1,field_strength,7.0
S02-04,Day_1,BAT,285.0
S02-04,Day_1,duration,30.0
S02-04,Day_1,study,2
S02-04,Day_1,visit,1
S02-04,Day_1,substance,Placebo
S02-04,Day_1,ve,0.23
S02-04,Day_1,Fp,0.022019
S02-04,Day_1,E,0.7286180397908847
S02-04,Day_1,Th,164.87304684423742
S02-04,Day_1,vol,1000
S02-04,Day_1,Ktrans,0.01604344061815549
S02-04,Day_1,khe,0.05911756479978663
S02-04,Day_1,Khe,0.2570328904338549
S02-04,Day_1,kbh,0.004670260025748488
S02-04,Day_1,Kbh,0.006065272760712323
S02-04,Day_1,Te,2.8347268653479505
S02-04,Day_1,CL,59.11756479978663
