subject,study,parameter,value
S02-04,Day_1,FA,20.0
S02-04,Day_1,TR,0.0058
S02-04,Day_1,n0,4
S02-04,Day_1,center,E
S02-04,Day_1,field_strength,7.0
S02-04,Day_1,BAT,285.0
S02-04,Day_1,duration,30.0
S02-04,Day_1,study,2
S02-04,Day_1,visit,1
S02-04,Day_1,substance,Placebo
S02-04,Day_1,H,0.418
S02-04,Day_1,ve,0.23
S02-04,Day_1,khe,0.024410172280046476
S02-04,Day_1,Th,177.20807613722633
S02-04,Day_1,Kbh,0.005643083666376584
S02-04,Day_1,Khe,0.10613118382628903
S02-04,Day_1,kbh,0.00434517442310997
S02-04,Day_1,E,0.5257507528415934
S02-04,Day_1,Ktrans,0.011576505826819046
