subject,study,parameter,value
S06-02,Day_1,FA,20.0
S06-02,Day_1,TR,0.0058
S06-02,Day_1,n0,4
S06-02,Day_1,center,E
S06-02,Day_1,field_strength,7.0
S06-02,Day_1,substance,Placebo
S06-02,Day_1,BAT,285.0
S06-02,Day_1,duration,30.0
S06-02,Day_1,study,6
S06-02,Day_1,visit,1
S06-02,Day_1,ve,0.23
S06-02,Day_1,Fp,0.022019
S06-02,Day_1,E,0.86697884949
S06-02,Day_1,Th,198.26324345411263
S06-02,Day_1,vol,1000
S06-02,Day_1,Ktrans,0.01909000728692031
S06-02,Day_1,khe,0.14351106732823818
S06-02,Day_1,Khe,0.6239611622966877
S06-02,Day_1,kbh,0.0038837254277957678
S06-02,Day_1,Kbh,0.005043799256877621
S06-02,Day_1,Te,1.3894756627140195
S06-02,Day_1,CL,143.51106732823817
