subject,study,parameter,value
S06-02,Day_1,FA,20.0
S06-02,Day_1,TR,0.0058
S06-02,Day_1,n0,4
S06-02,Day_1,center,E
S06-02,Day_1,field_strength,7.0
S06-02,Day_1,substance,Placebo
S06-02,Day_1,BAT,285.0
S06-02,Day_1,duration,30.0
S06-02,Day_1,study,6
S06-02,Day_1,visit,1
S06-02,Day_1,H,0.418
S06-02,Day_1,ve,0.23
S06-02,Day_1,khe,0.02958332571213187
S06-02,Day_1,Th,210.95195411561028
S06-02,Day_1,Kbh,0.004740415912203208
S06-02,Day_1,Khe,0.12862315527013857
S06-02,Day_1,kbh,0.0036501202523964702
S06-02,Day_1,E,0.573294426246698
S06-02,Day_1,Ktrans,0.01262336997152604
