subject,study,parameter,value
S14-06,Day_1,FA,30.0
S14-06,Day_1,TR,0.036
S14-06,Day_1,n0,4
S14-06,Day_1,center,A
S14-06,Day_1,field_strength,7.0
S14-06,Day_1,BAT,285.0
S14-06,Day_1,duration,30.0
S14-06,Day_1,study,14
S14-06,Day_1,visit,1
S14-06,Day_1,substance,Placebo
S14-06,Day_1,H,0.418
S14-06,Day_1,ve,0.23
S14-06,Day_1,khe,0.018791228068736555
S14-06,Day_1,Th,250.55387643184656
S14-06,Day_1,Kbh,0.003991157567550191
S14-06,Day_1,Khe,0.0817009916032024
S14-06,Day_1,kbh,0.003073191327013648
S14-06,Day_1,E,0.46045388516541835
S14-06,Day_1,Ktrans,0.010138734097457348
