subject,study,parameter,value
S14-06,Day_1,FA,30.0
S14-06,Day_1,TR,0.036
S14-06,Day_1,n0,4
S14-06,Day_1,center,A
S14-06,Day_1,field_strength,7.0
S14-06,Day_1,BAT,285.0
S14-06,Day_1,duration,30.0
S14-06,Day_1,study,14
S14-06,Day_1,visit,1
S14-06,Day_1,study arm,Placebo
S14-06,Day_1,substance,Placebo
S14-06,Day_1,ve,0.23
S14-06,Day_1,Fp,0.022019
S14-06,Day_1,E,0.522501222022259
S14-06,Day_1,Th,244.29802751771572
S14-06,Day_1,vol,1000
S14-06,Day_1,Ktrans,0.011504954407708122
S14-06,Day_1,khe,0.024094207018566308
S14-06,Day_1,Khe,0.10475742181985351
S14-06,Day_1,kbh,0.0031518879125790817
S14-06,Day_1,Kbh,0.004093360925427379
S14-06,Day_1,Te,4.987725098091668
S14-06,Day_1,CL,24.09420701856631
