subject,study,parameter,value
S02-02,Day_1,FA,20.0
S02-02,Day_1,TR,0.0058
S02-02,Day_1,n0,4
S02-02,Day_1,center,E
S02-02,Day_1,field_strength,7.0
S02-02,Day_1,BAT,285.0
S02-02,Day_1,duration,30.0
S02-02,Day_1,study,2
S02-02,Day_1,visit,1
S02-02,Day_1,substance,Placebo
S02-02,Day_1,H,0.418
S02-02,Day_1,ve,0.23
S02-02,Day_1,khe,0.046177363221404824
S02-02,Day_1,Th,144.7668390371379
S02-02,Day_1,Kbh,0.006907659286139859
S02-02,Day_1,Khe,0.20077114444089053
S02-02,Day_1,kbh,0.005318897650327691
S02-02,Day_1,E,0.6771235450120178
S02-02,Day_1,Ktrans,0.01490958333761962
