subject,study,parameter,value
S02-02,Day_1,FA,20.0
S02-02,Day_1,TR,0.0058
S02-02,Day_1,n0,4
S02-02,Day_1,center,E
S02-02,Day_1,field_strength,7.0
S02-02,Day_1,BAT,285.0
S02-02,Day_1,duration,30.0
S02-02,Day_1,study,2
S02-02,Day_1,visit,1
S02-02,Day_1,substance,Placebo
S02-02,Day_1,ve,0.23
S02-02,Day_1,Fp,0.022019
S02-02,Day_1,E,0.8999962632247046
S02-02,Day_1,Th,199.74672261673007
S02-02,Day_1,vol,1000
S02-02,Day_1,Ktrans,0.01981701771994477
S02-02,Day_1,khe,0.19816277230192766
S02-02,Day_1,Khe,0.8615772708779463
S02-02,Day_1,kbh,0.003854881771839933
S02-02,Day_1,Kbh,0.005006339963428484
S02-02,Day_1,Te,1.0445914645677796
S02-02,Day_1,CL,198.16277230192767
