subject,study,parameter,value
S04-08,Day_2,FA,20.0
S04-08,Day_2,TR,0.0058
S04-08,Day_2,n0,4
S04-08,Day_2,center,G
S04-08,Day_2,field_strength,4.7
S04-08,Day_2,BAT,285.0
S04-08,Day_2,duration,30.0
S04-08,Day_2,study,4
S04-08,Day_2,visit,2
S04-08,Day_2,substance,Rifampicin
S04-08,Day_2,H,0.418
S04-08,Day_2,ve,0.23
S04-08,Day_2,khe,0.006650374373349827
S04-08,Day_2,Th,661.958695353626
S04-08,Day_2,Kbh,0.0015106682743487316
S04-08,Day_2,Khe,0.028914671188477507
S04-08,Day_2,kbh,0.0011632145712485234
S04-08,Day_2,E,0.23196789322099096
S04-08,Day_2,Ktrans,0.005107701040832999
