subject,study,parameter,value
S12-04,Day_1,FA,20.0
S12-04,Day_1,TR,0.0058
S12-04,Day_1,n0,4
S12-04,Day_1,center,G
S12-04,Day_1,field_strength,4.7
S12-04,Day_1,substance,Rifampicin
S12-04,Day_1,BAT,285.0
S12-04,Day_1,duration,30.0
S12-04,Day_1,study,12
S12-04,Day_1,visit,1
S12-04,Day_1,H,0.418
S12-04,Day_1,ve,0.23
S12-04,Day_1,khe,0.028471213484333704
S12-04,Day_1,Th,269.44799877374754
S12-04,Day_1,Kbh,0.0037112912493356045
S12-04,Day_1,Khe,0.12378788471449435
S12-04,Day_1,kbh,0.002857694261988416
S12-04,Day_1,E,0.5638956843224254
S12-04,Day_1,Ktrans,0.012416419073095484
