subject,study,parameter,value
S03-06,Day_2,FA,20.0
S03-06,Day_2,TR,0.0058
S03-06,Day_2,n0,4
S03-06,Day_2,center,G
S03-06,Day_2,field_strength,7.0
S03-06,Day_2,BAT,285.0
S03-06,Day_2,duration,30.0
S03-06,Day_2,study,3
S03-06,Day_2,visit,2
S03-06,Day_2,substance,Rifampicin
S03-06,Day_2,H,0.418
S03-06,Day_2,ve,0.23
S03-06,Day_2,khe,0.002556536620126119
S03-06,Day_2,Th,1882.214105073403
S03-06,Day_2,Kbh,0.0005312891861263583
S03-06,Day_2,Khe,0.011115376609243995
S03-06,Day_2,kbh,0.00040909267331729586
S03-06,Day_2,E,0.10402770281860073
S03-06,Day_2,Ktrans,0.002290585988362769
