subject,study,parameter,value
S03-06,Day_2,FA,20.0
S03-06,Day_2,TR,0.0058
S03-06,Day_2,n0,4
S03-06,Day_2,center,G
S03-06,Day_2,field_strength,7.0
S03-06,Day_2,BAT,285.0
S03-06,Day_2,duration,30.0
S03-06,Day_2,study,3
S03-06,Day_2,visit,2
S03-06,Day_2,substance,Rifampicin
S03-06,Day_2,ve,0.23
S03-06,Day_2,Fp,0.022019
S03-06,Day_2,E,0.06927039859588859
S03-06,Day_2,Th,1773.804057004657
S03-06,Day_2,vol,1000
S03-06,Day_2,Ktrans,0.0015252649066828708
S03-06,Day_2,khe,0.0016387841370703534
S03-06,Day_2,Khe,0.007125148422045015
S03-06,Day_2,kbh,0.0004340952975946308
S03-06,Day_2,Kbh,0.0005637601267462738
S03-06,Day_2,Te,9.721958686722632
S03-06,Day_2,CL,1.6387841370703535
