subject,study,parameter,value
S02-01,Day_1,FA,20.0
S02-01,Day_1,TR,0.0058
S02-01,Day_1,n0,4
S02-01,Day_1,center,E
S02-01,Day_1,field_strength,7.0
S02-01,Day_1,BAT,285.0
S02-01,Day_1,duration,30.0
S02-01,Day_1,study,2
S02-01,Day_1,visit,1
S02-01,Day_1,substance,Placebo
S02-01,Day_2,FA,20.0
S02-01,Day_2,TR,0.0058
S02-01,Day_2,n0,4
S02-01,Day_2,center,E
S02-01,Day_2,field_strength,7.0
S02-01,Day_2,BAT,285.0
S02-01,Day_2,duration,30.0
S02-01,Day_2,study,2
S02-01,Day_2,visit,2
S02-01,Day_2,substance,Placebo
S02-02,Day_1,FA,20.0
S02-02,Day_1,TR,0.0058
S02-02,Day_1,n0,4
S02-02,Day_1,center,E
S02-02,Day_1,field_strength,7.0
S02-02,Day_1,BAT,285.0
S02-02,Day_1,duration,30.0
S02-02,Day_1,study,2
S02-02,Day_1,visit,1
S02-02,Day_1,substance,Placebo
S02-02,Day_2,FA,20.0
S02-02,Day_2,TR,0.0058
S02-02,Day_2,n0,4
S02-02,Day_2,center,E
S02-02,Day_2,field_strength,7.0
S02-02,Day_2,BAT,285.0
S02-02,Day_2,duration,30.0
S02-02,Day_2,study,2
S02-02,Day_2,visit,2
S02-02,Day_2,substance,Placebo
S02-03,Day_1,FA,20.0
S02-03,Day_1,TR,0.0058
S02-03,Day_1,n0,4
S02-03,Day_1,center,E
S02-03,Day_1,field_strength,7.0
S02-03,Day_1,BAT,285.0
S02-03,Day_1,duration,30.0
S02-03,Day_1,study,2
S02-03,Day_1,visit,1
S02-03,Day_1,substance,Placebo
S02-03,Day_2,FA,20.0
S02-03,Day_2,TR,0.0058
S02-03,Day_2,n0,4
S02-03,Day_2,center,E
S02-03,Day_2,field_strength,7.0
S02-03,Day_2,BAT,285.0
S02-03,Day_2,duration,30.0
S02-03,Day_2,study,2
S02-03,Day_2,visit,2
S02-03,Day_2,substance,Placebo
S02-04,Day_1,FA,20.0
S02-04,Day_1,TR,0.0058
S02-04,Day_1,n0,4
S02-04,Day_1,center,E
S02-04,Day_1,field_strength,7.0
S02-04,Day_1,BAT,285.0
S02-04,Day_1,duration,30.0
S02-04,Day_1,study,2
S02-04,Day_1,visit,1
S02-04,Day_1,substance,Placebo
S02-04,Day_2,FA,20.0
S02-04,Day_2,TR,0.0058
S02-04,Day_2,n0,4
S02-04,Day_2,center,E
S02-04,Day_2,field_strength,7.0
S02-04,Day_2,BAT,285.0
S02-04,Day_2,duration,30.0
S02-04,Day_2,study,2
S02-04,Day_2,visit,2
S02-04,Day_2,substance,Rifampicin
S02-05,Day_1,FA,20.0
S02-05,Day_1,TR,0.0058
S02-05,Day_1,n0,4
S02-05,Day_1,center,E
S02-05,Day_1,field_strength,7.0
S02-05,Day_1,BAT,285.0
S02-05,Day_1,duration,30.0
S02-05,Day_1,study,2
S02-05,Day_1,visit,1
S02-05,Day_1,substance,Placebo
S02-05,Day_2,FA,20.0
S02-05,Day_2,TR,0.0058
S02-05,Day_2,n0,4
S02-05,Day_2,center,E
S02-05,Day_2,field_strength,7.0
S02-05,Day_2,BAT,285.0
S02-05,Day_2,duration,30.0
S02-05,Day_2,study,2
S02-05,Day_2,visit,2
S02-05,Day_2,substance,Rifampicin
S02-06,Day_1,FA,20.0
S02-06,Day_1,TR,0.0058
S02-06,Day_1,n0,4
S02-06,Day_1,center,E
S02-06,Day_1,field_strength,7.0
S02-06,Day_1,BAT,285.0
S02-06,Day_1,duration,30.0
S02-06,Day_1,study,2
S02-06,Day_1,visit,1
S02-06,Day_1,substance,Placebo
S02-06,Day_2,FA,20.0
S02-06,Day_2,TR,0.0058
S02-06,Day_2,n0,4
S02-06,Day_2,center,E
S02-06,Day_2,field_strength,7.0
S02-06,Day_2,BAT,285.0
S02-06,Day_2,duration,30.0
S02-06,Day_2,study,2
S02-06,Day_2,visit,2
S02-06,Day_2,substance,Rifampicin
