subject,study,parameter,value
S01-02,Day_2,FA,30.0
S01-02,Day_2,TR,0.036
S01-02,Day_2,n0,4
S01-02,Day_2,center,A
S01-02,Day_2,field_strength,7.0
S01-02,Day_2,BAT,285.0
S01-02,Day_2,duration,30.0
S01-02,Day_2,study,1
S01-02,Day_2,visit,2
S01-02,Day_2,substance,Rifampicin (high dose)
S01-02,Day_2,H,0.418
S01-02,Day_2,ve,0.23
S01-02,Day_2,khe,0.0036683063359721005
S01-02,Day_2,Th,1054.1675467095638
S01-02,Day_2,Kbh,0.0009486158088639323
S01-02,Day_2,Khe,0.015949157982487392
S01-02,Day_2,kbh,0.0007304341728252279
S01-02,Day_2,E,0.1428061894849232
S01-02,Day_2,Ktrans,0.0031444494862685243
