subject,study,parameter,value
S14-01,Day_4,FA,30.0
S14-01,Day_4,TR,0.036
S14-01,Day_4,n0,4
S14-01,Day_4,center,A
S14-01,Day_4,field_strength,7.0
S14-01,Day_4,BAT,285.0
S14-01,Day_4,duration,30.0
S14-01,Day_4,study,14
S14-01,Day_4,visit,4
S14-01,Day_4,study arm,Rifampicin (clinical dose)
S14-01,Day_4,substance,Rifampicin (clinical dose)
S14-01,Day_4,ve,0.23
S14-01,Day_4,Fp,0.022019
S14-01,Day_4,E,0.3875928045649391
S14-01,Day_4,Th,372.0833140445652
S14-01,Day_4,vol,1000
S14-01,Day_4,Ktrans,0.008534405963715394
S14-01,Day_4,khe,0.013935835547543586
S14-01,Day_4,Khe,0.06059058933714602
S14-01,Day_4,kbh,0.002069428998656402
S14-01,Day_4,Kbh,0.002687570128125197
S14-01,Day_4,Te,6.3969142536020716
S14-01,Day_4,CL,13.935835547543586
