subject,study,parameter,value
S14-01,Day_4,FA,30.0
S14-01,Day_4,TR,0.036
S14-01,Day_4,n0,4
S14-01,Day_4,center,A
S14-01,Day_4,field_strength,7.0
S14-01,Day_4,BAT,285.0
S14-01,Day_4,duration,30.0
S14-01,Day_4,study,14
S14-01,Day_4,visit,4
S14-01,Day_4,substance,Rifampicin (clinical dose)
S14-01,Day_4,H,0.418
S14-01,Day_4,ve,0.23
S14-01,Day_4,khe,0.013968004718861412
S14-01,Day_4,Th,386.3409434285326
S14-01,Day_4,Kbh,0.0025883873221554765
S14-01,Day_4,Khe,0.06073045529939744
S14-01,Day_4,kbh,0.001993058238059717
S14-01,Day_4,E,0.388140241956301
S14-01,Day_4,Ktrans,0.00854645998763579
