subject,study,parameter,value
S09-01,Day_2,FA,20.0
S09-01,Day_2,TR,0.0058
S09-01,Day_2,n0,4
S09-01,Day_2,center,G
S09-01,Day_2,field_strength,7.0
S09-01,Day_2,substance,Placebo
S09-01,Day_2,BAT,285.0
S09-01,Day_2,duration,30.0
S09-01,Day_2,study,9
S09-01,Day_2,visit,2
S09-01,Day_2,H,0.418
S09-01,Day_2,ve,0.23
S09-01,Day_2,khe,0.019136049672984795
S09-01,Day_2,Th,331.57522127434186
S09-01,Day_2,Kbh,0.0030159069069054787
S09-01,Day_2,Khe,0.0832002159694991
S09-01,Day_2,kbh,0.002322248318317219
S09-01,Day_2,E,0.46497452499847614
S09-01,Day_2,Ktrans,0.010238274065941445
