subject,study,parameter,value
S07-02,Day_1,FA,20.0
S07-02,Day_1,TR,0.0058
S07-02,Day_1,n0,4
S07-02,Day_1,center,D
S07-02,Day_1,field_strength,4.7
S07-02,Day_1,substance,Placebo
S07-02,Day_1,BAT,292.0
S07-02,Day_1,duration,22.0
S07-02,Day_1,study,7
S07-02,Day_1,visit,1
S07-02,Day_1,ve,0.23
S07-02,Day_1,Fp,0.022019
S07-02,Day_1,E,0.6423944075831789
S07-02,Day_1,Th,273.3512375760906
S07-02,Day_1,vol,1000
S07-02,Day_1,Ktrans,0.014144882460574016
S07-02,Day_1,khe,0.03955442185615179
S07-02,Day_1,Khe,0.17197574720065995
S07-02,Day_1,kbh,0.0028168886551525533
S07-02,Day_1,Kbh,0.0036582969547435755
S07-02,Day_1,Te,3.7353779125241315
S07-02,Day_1,CL,39.55442185615179
