subject,study,parameter,value
S07-02,Day_1,FA,20.0
S07-02,Day_1,TR,0.0058
S07-02,Day_1,n0,4
S07-02,Day_1,center,D
S07-02,Day_1,field_strength,4.7
S07-02,Day_1,substance,Placebo
S07-02,Day_1,BAT,292.0
S07-02,Day_1,duration,22.0
S07-02,Day_1,study,7
S07-02,Day_1,visit,1
S07-02,Day_1,H,0.418
S07-02,Day_1,ve,0.23
S07-02,Day_1,khe,0.022497892374343458
S07-02,Day_1,Th,289.85676833014475
S07-02,Day_1,Kbh,0.003449979815068549
S07-02,Day_1,Khe,0.09781692336671068
S07-02,Day_1,kbh,0.0026564844576027827
S07-02,Day_1,E,0.5053787713921767
S07-02,Day_1,Ktrans,0.01112793516728434
