subject,study,parameter,value
S07-06,Day_1,FA,20.0
S07-06,Day_1,TR,0.0058
S07-06,Day_1,n0,4
S07-06,Day_1,center,D
S07-06,Day_1,field_strength,4.7
S07-06,Day_1,substance,Ketoconazole
S07-06,Day_1,BAT,292.0
S07-06,Day_1,duration,22.0
S07-06,Day_1,study,7
S07-06,Day_1,visit,1
S07-06,Day_1,H,0.418
S07-06,Day_1,ve,0.23
S07-06,Day_1,khe,0.02266727904337407
S07-06,Day_1,Th,257.86027102927676
S07-06,Day_1,Kbh,0.003878069297020411
S07-06,Day_1,Khe,0.09855338714510464
S07-06,Day_1,kbh,0.0029861133587057165
S07-06,Day_1,E,0.5072536699995185
S07-06,Day_1,Ktrans,0.0111692185597194
