subject,study,parameter,value
S05-05,Day_1,FA,20.0
S05-05,Day_1,TR,0.0058
S05-05,Day_1,n0,4
S05-05,Day_1,center,E
S05-05,Day_1,field_strength,7.0
S05-05,Day_1,substance,Asunaprevir
S05-05,Day_1,BAT,285.0
S05-05,Day_1,duration,30.0
S05-05,Day_1,study,5
S05-05,Day_1,visit,1
S05-05,Day_1,H,0.418
S05-05,Day_1,ve,0.23
S05-05,Day_1,khe,0.015749798580805493
S05-05,Day_1,Th,194.62743292920365
S05-05,Day_1,Kbh,0.005138021834587693
S05-05,Day_1,Khe,0.06847738513393692
S05-05,Day_1,kbh,0.003956276812632524
S05-05,Day_1,E,0.41700554882912555
S05-05,Day_1,Ktrans,0.009182045179668516
