subject,study,parameter,value
S15-06,Day_3,FA,20.0
S15-06,Day_3,TR,0.0058
S15-06,Day_3,n0,4
S15-06,Day_3,center,D
S15-06,Day_3,field_strength,4.7
S15-06,Day_3,BAT,292.0
S15-06,Day_3,duration,22.0
S15-06,Day_3,study,15
S15-06,Day_3,visit,3
S15-06,Day_3,substance,Placebo
S15-06,Day_3,H,0.418
S15-06,Day_3,ve,0.23
S15-06,Day_3,khe,0.041598118163912685
S15-06,Day_3,Th,290.12374773318936
S15-06,Day_3,Kbh,0.0034468050540958964
S15-06,Day_3,Khe,0.18086138332135948
S15-06,Day_3,kbh,0.0026540398916538406
S15-06,Day_3,E,0.6538824669286819
S15-06,Day_3,Ktrans,0.014397838039302648
