subject,study,parameter,value
S15-06,Day_3,FA,20.0
S15-06,Day_3,TR,0.0058
S15-06,Day_3,n0,4
S15-06,Day_3,center,D
S15-06,Day_3,field_strength,4.7
S15-06,Day_3,BAT,292.0
S15-06,Day_3,duration,22.0
S15-06,Day_3,study,15
S15-06,Day_3,visit,3
S15-06,Day_3,study arm,Placebo
S15-06,Day_3,substance,Placebo
S15-06,Day_3,ve,0.23
S15-06,Day_3,Fp,0.022019
S15-06,Day_3,E,0.8999994605230001
S15-06,Day_3,Th,356.3948955615607
S15-06,Day_3,vol,1000
S15-06,Day_3,Ktrans,0.01981708812125594
S15-06,Day_3,khe,0.19816981213200213
S15-06,Day_3,Khe,0.8616078788347918
S15-06,Day_3,kbh,0.002160524770666915
S15-06,Day_3,Kbh,0.0028058763255414476
S15-06,Day_3,Te,1.0445580671106764
S15-06,Day_3,CL,198.16981213200214
