subject,study,parameter,value
S06-02,Day_1,FA,20.0
S06-02,Day_1,TR,0.0058
S06-02,Day_1,n0,4
S06-02,Day_1,center,E
S06-02,Day_1,field_strength,7.0
S06-02,Day_1,substance,Pioglitazone
S06-02,Day_1,BAT,285.0
S06-02,Day_1,duration,30.0
S06-02,Day_1,study,6
S06-02,Day_1,visit,1
S06-02,Day_2,FA,20.0
S06-02,Day_2,TR,0.0058
S06-02,Day_2,n0,4
S06-02,Day_2,center,E
S06-02,Day_2,field_strength,7.0
S06-02,Day_2,substance,Pioglitazone
S06-02,Day_2,BAT,285.0
S06-02,Day_2,duration,30.0
S06-02,Day_2,study,6
S06-02,Day_2,visit,2
S06-03,Day_1,FA,20.0
S06-03,Day_1,TR,0.0058
S06-03,Day_1,n0,4
S06-03,Day_1,center,E
S06-03,Day_1,field_strength,7.0
S06-03,Day_1,substance,Pioglitazone
S06-03,Day_1,BAT,285.0
S06-03,Day_1,duration,30.0
S06-03,Day_1,study,6
S06-03,Day_1,visit,1
S06-03,Day_2,FA,20.0
S06-03,Day_2,TR,0.0058
S06-03,Day_2,n0,4
S06-03,Day_2,center,E
S06-03,Day_2,field_strength,7.0
S06-03,Day_2,substance,Pioglitazone
S06-03,Day_2,BAT,285.0
S06-03,Day_2,duration,30.0
S06-03,Day_2,study,6
S06-03,Day_2,visit,2
S06-04,Day_1,FA,20.0
S06-04,Day_1,TR,0.0058
S06-04,Day_1,n0,4
S06-04,Day_1,center,E
S06-04,Day_1,field_strength,7.0
S06-04,Day_1,substance,Pioglitazone
S06-04,Day_1,BAT,285.0
S06-04,Day_1,duration,30.0
S06-04,Day_1,study,6
S06-04,Day_1,visit,1
S06-04,Day_2,FA,20.0
S06-04,Day_2,TR,0.0058
S06-04,Day_2,n0,4
S06-04,Day_2,center,E
S06-04,Day_2,field_strength,7.0
S06-04,Day_2,substance,Pioglitazone
S06-04,Day_2,BAT,285.0
S06-04,Day_2,duration,30.0
S06-04,Day_2,study,6
S06-04,Day_2,visit,2
S06-05,Day_1,FA,20.0
S06-05,Day_1,TR,0.0058
S06-05,Day_1,n0,4
S06-05,Day_1,center,E
S06-05,Day_1,field_strength,7.0
S06-05,Day_1,substance,Pioglitazone
S06-05,Day_1,BAT,285.0
S06-05,Day_1,duration,30.0
S06-05,Day_1,study,6
S06-05,Day_1,visit,1
S06-05,Day_2,FA,20.0
S06-05,Day_2,TR,0.0058
S06-05,Day_2,n0,4
S06-05,Day_2,center,E
S06-05,Day_2,field_strength,7.0
S06-05,Day_2,substance,Pioglitazone
S06-05,Day_2,BAT,285.0
S06-05,Day_2,duration,30.0
S06-05,Day_2,study,6
S06-05,Day_2,visit,2
S06-06,Day_1,FA,20.0
S06-06,Day_1,TR,0.0058
S06-06,Day_1,n0,4
S06-06,Day_1,center,E
S06-06,Day_1,field_strength,7.0
S06-06,Day_1,substance,Pioglitazone
S06-06,Day_1,BAT,285.0
S06-06,Day_1,duration,30.0
S06-06,Day_1,study,6
S06-06,Day_1,visit,1
S06-06,Day_2,FA,20.0
S06-06,Day_2,TR,0.0058
S06-06,Day_2,n0,4
S06-06,Day_2,center,E
S06-06,Day_2,field_strength,7.0
S06-06,Day_2,substance,Pioglitazone
S06-06,Day_2,BAT,285.0
S06-06,Day_2,duration,30.0
S06-06,Day_2,study,6
S06-06,Day_2,visit,2
