subject,study,parameter,value
S10-03,Day_2,FA,20.0
S10-03,Day_2,TR,0.0058
S10-03,Day_2,n0,4
S10-03,Day_2,center,G
S10-03,Day_2,field_strength,7.0
S10-03,Day_2,substance,Bosentan
S10-03,Day_2,BAT,285.0
S10-03,Day_2,duration,30.0
S10-03,Day_2,study,10
S10-03,Day_2,visit,2
S10-03,Day_2,H,0.418
S10-03,Day_2,ve,0.23
S10-03,Day_2,khe,0.03337840724162549
S10-03,Day_2,Th,253.68176372027062
S10-03,Day_2,Kbh,0.003941946734108481
S10-03,Day_2,Khe,0.14512350974619778
S10-03,Day_2,kbh,0.00303529898526353
S10-03,Day_2,E,0.6025265243198066
S10-03,Day_2,Ktrans,0.01326703153899782
