subject,study,parameter,value
S15-11,Day_2,FA,20.0
S15-11,Day_2,TR,0.0058
S15-11,Day_2,n0,4
S15-11,Day_2,center,D
S15-11,Day_2,field_strength,4.7
S15-11,Day_2,BAT,292.0
S15-11,Day_2,duration,22.0
S15-11,Day_2,study,15
S15-11,Day_2,visit,2
S15-11,Day_2,substance,Cyclosporine (clinical dose)
S15-11,Day_2,H,0.418
S15-11,Day_2,ve,0.23
S15-11,Day_2,khe,0.0021409198525705374
S15-11,Day_2,Th,882.1016964762682
S15-11,Day_2,Kbh,0.001133656135108571
S15-11,Day_2,Khe,0.009308347185089293
S15-11,Day_2,kbh,0.0008729152240335997
S15-11,Day_2,E,0.08861452627471157
S15-11,Day_2,Ktrans,0.0019512032540428739
