subject,study,parameter,value
S15-11,Day_2,FA,20.0
S15-11,Day_2,TR,0.0058
S15-11,Day_2,n0,4
S15-11,Day_2,center,D
S15-11,Day_2,field_strength,4.7
S15-11,Day_2,BAT,292.0
S15-11,Day_2,duration,22.0
S15-11,Day_2,study,15
S15-11,Day_2,visit,2
S15-11,Day_2,study arm,Cyclosporine (clinical dose)
S15-11,Day_2,substance,Cyclosporine (clinical dose)
S15-11,Day_2,ve,0.23
S15-11,Day_2,Fp,0.022019
S15-11,Day_2,E,0.05813891063641962
S15-11,Day_2,Th,846.3695575482571
S15-11,Day_2,vol,1000
S15-11,Day_2,Ktrans,0.0012801606733033237
S15-11,Day_2,khe,0.0013591820362473344
S15-11,Day_2,Khe,0.005909487114118845
S15-11,Day_2,kbh,0.0009097680713263333
S15-11,Day_2,Kbh,0.001181516975748485
S15-11,Day_2,Te,9.83823291492
S15-11,Day_2,CL,1.3591820362473344
