subject,study,parameter,value
S05-04,Day_1,FA,20.0
S05-04,Day_1,TR,0.0058
S05-04,Day_1,n0,4
S05-04,Day_1,center,E
S05-04,Day_1,field_strength,7.0
S05-04,Day_1,substance,Placebo
S05-04,Day_1,BAT,285.0
S05-04,Day_1,duration,30.0
S05-04,Day_1,study,5
S05-04,Day_1,visit,1
S05-04,Day_1,ve,0.23
S05-04,Day_1,Fp,0.022019
S05-04,Day_1,E,0.5311672537432632
S05-04,Day_1,Th,171.5996972867294
S05-04,Day_1,vol,1000
S05-04,Day_1,Ktrans,0.011695771760172913
S05-04,Day_1,khe,0.02494657605202391
S05-04,Day_1,Khe,0.10846337413923439
S05-04,Day_1,kbh,0.004487187402862323
S05-04,Day_1,Kbh,0.005827516107613406
S05-04,Day_1,Te,4.897203852992845
S05-04,Day_1,CL,24.94657605202391
