subject,study,parameter,value
S05-04,Day_1,FA,20.0
S05-04,Day_1,TR,0.0058
S05-04,Day_1,n0,4
S05-04,Day_1,center,E
S05-04,Day_1,field_strength,7.0
S05-04,Day_1,substance,Placebo
S05-04,Day_1,BAT,285.0
S05-04,Day_1,duration,30.0
S05-04,Day_1,study,5
S05-04,Day_1,visit,1
S05-04,Day_1,H,0.418
S05-04,Day_1,ve,0.23
S05-04,Day_1,khe,0.017759434219125556
S05-04,Day_1,Th,185.96486375020837
S05-04,Day_1,Kbh,0.00537735989387339
S05-04,Day_1,Khe,0.0772149313875024
S05-04,Day_1,kbh,0.004140567118282511
S05-04,Day_1,E,0.44645885560238524
S05-04,Day_1,Ktrans,0.009830577541508921
