subject,study,parameter,value
S10-02,Day_2,FA,20.0
S10-02,Day_2,TR,0.0058
S10-02,Day_2,n0,4
S10-02,Day_2,center,G
S10-02,Day_2,field_strength,7.0
S10-02,Day_2,substance,Bosentan
S10-02,Day_2,BAT,285.0
S10-02,Day_2,duration,30.0
S10-02,Day_2,study,10
S10-02,Day_2,visit,2
S10-02,Day_2,H,0.418
S10-02,Day_2,ve,0.23
S10-02,Day_2,khe,0.027055836559182304
S10-02,Day_2,Th,345.74073391615485
S10-02,Day_2,Kbh,0.0028923407105467323
S10-02,Day_2,Khe,0.1176340719964448
S10-02,Day_2,kbh,0.0022271023471209838
S10-02,Day_2,E,0.5513179147637922
S10-02,Day_2,Ktrans,0.012139469165183941
