subject,study,parameter,value
S07-03,Day_1,FA,20.0
S07-03,Day_1,TR,0.0058
S07-03,Day_1,n0,4
S07-03,Day_1,center,D
S07-03,Day_1,field_strength,4.7
S07-03,Day_1,substance,Placebo
S07-03,Day_1,BAT,292.0
S07-03,Day_1,duration,22.0
S07-03,Day_1,study,7
S07-03,Day_1,visit,1
S07-03,Day_1,ve,0.23
S07-03,Day_1,Fp,0.022019
S07-03,Day_1,E,0.6016624035424997
S07-03,Day_1,Th,261.9739620101009
S07-03,Day_1,vol,1000
S07-03,Day_1,Ktrans,0.0132480044636023
S07-03,Day_1,khe,0.03325823266851931
S07-03,Day_1,Khe,0.14460101160225786
S07-03,Day_1,kbh,0.002939223402554454
S07-03,Day_1,Kbh,0.0038171732500707194
S07-03,Day_1,Te,4.160845051329538
S07-03,Day_1,CL,33.258232668519305
