subject,study,parameter,value
S07-03,Day_1,FA,20.0
S07-03,Day_1,TR,0.0058
S07-03,Day_1,n0,4
S07-03,Day_1,center,D
S07-03,Day_1,field_strength,4.7
S07-03,Day_1,substance,Placebo
S07-03,Day_1,BAT,292.0
S07-03,Day_1,duration,22.0
S07-03,Day_1,study,7
S07-03,Day_1,visit,1
S07-03,Day_1,H,0.418
S07-03,Day_1,ve,0.23
S07-03,Day_1,khe,0.021004085973271126
S07-03,Day_1,Th,278.52797567731244
S07-03,Day_1,Kbh,0.0035903036223497576
S07-03,Day_1,Khe,0.09132211292726576
S07-03,Day_1,kbh,0.0027645337892093134
S07-03,Day_1,E,0.48820500664039523
S07-03,Day_1,Ktrans,0.010749786041214864
