subject,study,parameter,value
S02-11,Day_3,FA,20.0
S02-11,Day_3,TR,0.0058
S02-11,Day_3,n0,4
S02-11,Day_3,center,D
S02-11,Day_3,field_strength,4.7
S02-11,Day_3,BAT,292.0
S02-11,Day_3,duration,22.0
S02-11,Day_3,study,2
S02-11,Day_3,visit,3
S02-11,Day_3,substance,Cyclosporine (clinical dose)
S02-11,Day_3,H,0.418
S02-11,Day_3,ve,0.23
S02-11,Day_3,khe,0.0036971551177720856
S02-11,Day_3,Th,738.3710009592841
S02-11,Day_3,Kbh,0.0013543327117408596
S02-11,Day_3,Khe,0.016074587468574285
S02-11,Day_3,kbh,0.0010428361880404618
S02-11,Day_3,E,0.14376780280101173
S02-11,Day_3,Ktrans,0.003165623249875477
