subject,study,parameter,value
S02-06,Day_2,FA,20.0
S02-06,Day_2,TR,0.0058
S02-06,Day_2,n0,4
S02-06,Day_2,center,D
S02-06,Day_2,field_strength,4.7
S02-06,Day_2,BAT,292.0
S02-06,Day_2,duration,22.0
S02-06,Day_2,study,2
S02-06,Day_2,visit,2
S02-06,Day_2,substance,Placebo
S02-06,Day_2,H,0.418
S02-06,Day_2,ve,0.23
S02-06,Day_2,khe,0.037130614051736344
S02-06,Day_2,Th,255.16302097832164
S02-06,Day_2,Kbh,0.0039190631783786525
S02-06,Day_2,Khe,0.16143745239885365
S02-06,Day_2,kbh,0.0030176786473515623
S02-06,Day_2,E,0.6277405972464899
S02-06,Day_2,Ktrans,0.013822220210770461
