subject,study,parameter,value
S11-01,Day_1,FA,20.0
S11-01,Day_1,TR,0.0058
S11-01,Day_1,n0,4
S11-01,Day_1,center,G
S11-01,Day_1,field_strength,7.0
S11-01,Day_1,BAT,285.0
S11-01,Day_1,duration,30.0
S11-01,Day_1,study,11
S11-01,Day_1,visit,1
S11-01,Day_1,study arm,Bosentan (clinical dose)
S11-01,Day_1,substance,Placebo
S11-01,Day_1,ve,0.23
S11-01,Day_1,Fp,0.022019
S11-01,Day_1,E,0.3791720311264659
S11-01,Day_1,Th,219.17603278867102
S11-01,Day_1,vol,1000.0
S11-01,Day_1,Ktrans,0.008348988953373652
S11-01,Day_1,khe,0.013448152100045584
S11-01,Day_1,Khe,0.05847022652193732
S11-01,Day_1,kbh,0.0035131578494370873
S11-01,Day_1,Kbh,0.0045625426616066065
S11-01,Day_1,Te,6.484873647346058
S11-01,Day_1,CL,13.448152100045585
S11-01,Day_2,FA,20.0
S11-01,Day_2,TR,0.0058
S11-01,Day_2,n0,4
S11-01,Day_2,center,G
S11-01,Day_2,field_strength,7.0
S11-01,Day_2,BAT,285.0
S11-01,Day_2,duration,30.0
S11-01,Day_2,study,11
S11-01,Day_2,visit,2
S11-01,Day_2,study arm,Bosentan (clinical dose)
S11-01,Day_2,substance,Bosentan (clinical dose)
S11-01,Day_2,ve,0.23
S11-01,Day_2,Fp,0.022019
S11-01,Day_2,E,0.59610705299415
S11-01,Day_2,Th,231.16396016332402
S11-01,Day_2,vol,1000.0
S11-01,Day_2,Ktrans,0.013125681199878189
S11-01,Day_2,khe,0.03249792128627608
S11-01,Day_2,Khe,0.14129530994033077
S11-01,Day_2,kbh,0.0033309690639318204
S11-01,Day_2,Kbh,0.004325933849262104
S11-01,Day_2,Te,4.218873600587924
S11-01,Day_2,CL,32.49792128627608
S11-02,Day_1,FA,20.0
S11-02,Day_1,TR,0.0058
S11-02,Day_1,n0,4
S11-02,Day_1,center,G
S11-02,Day_1,field_strength,7.0
S11-02,Day_1,BAT,285.0
S11-02,Day_1,duration,30.0
S11-02,Day_1,study,11
S11-02,Day_1,visit,1
S11-02,Day_1,study arm,Bosentan (clinical dose)
S11-02,Day_1,substance,Placebo
S11-02,Day_1,ve,0.23
S11-02,Day_1,Fp,0.022019
S11-02,Day_1,E,0.7006093494360432
S11-02,Day_1,Th,285.23023640923805
S11-02,Day_1,vol,1000.0
S11-02,Day_1,Ktrans,0.015426717265232237
S11-02,Day_1,khe,0.051527050815291686
S11-02,Day_1,Khe,0.2240306557186595
S11-02,Day_1,kbh,0.002699573543441698
S11-02,Day_1,Kbh,0.0035059396668074
S11-02,Day_1,Te,3.1272923216181505
S11-02,Day_1,CL,51.52705081529169
S11-02,Day_2,FA,20.0
S11-02,Day_2,TR,0.0058
S11-02,Day_2,n0,4
S11-02,Day_2,center,G
S11-02,Day_2,field_strength,7.0
S11-02,Day_2,BAT,285.0
S11-02,Day_2,duration,30.0
S11-02,Day_2,study,11
S11-02,Day_2,visit,2
S11-02,Day_2,study arm,Bosentan (clinical dose)
S11-02,Day_2,substance,Bosentan (clinical dose)
S11-02,Day_2,ve,0.23
S11-02,Day_2,Fp,0.022019
S11-02,Day_2,E,0.6440106557224949
S11-02,Day_2,Th,270.7683512841613
S11-02,Day_2,vol,1000.0
S11-02,Day_2,Ktrans,0.014180470628353616
S11-02,Day_2,khe,0.03983397496667621
S11-02,Day_2,Khe,0.17319119550728787
S11-02,Day_2,kbh,0.0028437592368094513
S11-02,Day_2,Kbh,0.0036931938140382483
S11-02,Day_2,Te,3.7184953532779037
S11-02,Day_2,CL,39.833974966676216
S11-03,Day_1,FA,20.0
S11-03,Day_1,TR,0.0058
S11-03,Day_1,n0,4
S11-03,Day_1,center,G
S11-03,Day_1,field_strength,7.0
S11-03,Day_1,BAT,285.0
S11-03,Day_1,duration,30.0
S11-03,Day_1,study,11
S11-03,Day_1,visit,1
S11-03,Day_1,study arm,Bosentan (clinical dose)
S11-03,Day_1,substance,Placebo
S11-03,Day_1,ve,0.23
S11-03,Day_1,Fp,0.022019
S11-03,Day_1,E,0.8869574416862044
S11-03,Day_1,Th,211.3373893517747
S11-03,Day_1,vol,1000.0
S11-03,Day_1,Ktrans,0.019529915908488536
S11-03,Day_1,khe,0.17276604669787557
S11-03,Day_1,Khe,0.751156724773372
S11-03,Day_1,kbh,0.0036434631958016752
S11-03,Day_1,Kbh,0.00473177038415802
S11-03,Day_1,Te,1.1807887920510918
S11-03,Day_1,CL,172.76604669787557
S11-03,Day_2,FA,20.0
S11-03,Day_2,TR,0.0058
S11-03,Day_2,n0,4
S11-03,Day_2,center,G
S11-03,Day_2,field_strength,7.0
S11-03,Day_2,BAT,285.0
S11-03,Day_2,duration,30.0
S11-03,Day_2,study,11
S11-03,Day_2,visit,2
S11-03,Day_2,study arm,Bosentan (clinical dose)
S11-03,Day_2,substance,Bosentan (clinical dose)
S11-03,Day_2,ve,0.23
S11-03,Day_2,Fp,0.022019
S11-03,Day_2,E,0.8999942517849471
S11-03,Day_2,Th,259.89996076277663
S11-03,Day_2,vol,1000.0
S11-03,Day_2,Ktrans,0.01981697343005275
S11-03,Day_2,khe,0.1981583437327844
S11-03,Day_2,Khe,0.8615580162294973
S11-03,Day_2,kbh,0.002962678400335799
S11-03,Day_2,Kbh,0.0038476342861503885
S11-03,Day_2,Te,1.0446124751106851
S11-03,Day_2,CL,198.1583437327844
S11-04,Day_1,FA,20.0
S11-04,Day_1,TR,0.0058
S11-04,Day_1,n0,4
S11-04,Day_1,center,G
S11-04,Day_1,field_strength,7.0
S11-04,Day_1,BAT,285.0
S11-04,Day_1,duration,30.0
S11-04,Day_1,study,11
S11-04,Day_1,visit,1
S11-04,Day_1,study arm,Bosentan (clinical dose)
S11-04,Day_1,substance,Placebo
S11-04,Day_1,ve,0.23
S11-04,Day_1,Fp,0.022019
S11-04,Day_1,E,0.742096439055765
S11-04,Day_1,Th,233.66974482803917
S11-04,Day_1,vol,1000.0
S11-04,Day_1,Ktrans,0.01634022149156889
S11-04,Day_1,khe,0.06335787467123044
S11-04,Day_1,Khe,0.27546902030969755
S11-04,Day_1,kbh,0.0032952490300644345
S11-04,Day_1,Kbh,0.0042795441948888764
S11-04,Day_1,Te,2.6939379180332472
S11-04,Day_1,CL,63.35787467123044
S11-04,Day_2,FA,20.0
S11-04,Day_2,TR,0.0058
S11-04,Day_2,n0,4
S11-04,Day_2,center,G
S11-04,Day_2,field_strength,7.0
S11-04,Day_2,BAT,285.0
S11-04,Day_2,duration,30.0
S11-04,Day_2,study,11
S11-04,Day_2,visit,2
S11-04,Day_2,study arm,Bosentan (clinical dose)
S11-04,Day_2,substance,Bosentan (clinical dose)
S11-04,Day_2,ve,0.23
S11-04,Day_2,Fp,0.022019
S11-04,Day_2,E,0.5014591477047248
S11-04,Day_2,Th,190.22784315184285
S11-04,Day_2,vol,1000.0
S11-04,Day_2,Ktrans,0.011041628973310335
S11-04,Day_2,khe,0.02214789203828498
S11-04,Day_2,Khe,0.09629518277515209
S11-04,Day_2,kbh,0.0040477775873502065
S11-04,Day_2,Kbh,0.005256854009545723
S11-04,Day_2,Te,5.207520597116731
S11-04,Day_2,CL,22.147892038284983
S11-05,Day_1,FA,20.0
S11-05,Day_1,TR,0.0058
S11-05,Day_1,n0,4
S11-05,Day_1,center,G
S11-05,Day_1,field_strength,7.0
S11-05,Day_1,BAT,285.0
S11-05,Day_1,duration,30.0
S11-05,Day_1,study,11
S11-05,Day_1,visit,1
S11-05,Day_1,study arm,Bosentan (clinical dose)
S11-05,Day_1,substance,Placebo
S11-05,Day_1,ve,0.23
S11-05,Day_1,Fp,0.022019
S11-05,Day_1,E,0.7939054985144427
S11-05,Day_1,Th,270.0864766907554
S11-05,Day_1,vol,1000.0
S11-05,Day_1,Ktrans,0.017481005171789514
S11-05,Day_1,khe,0.08482033749461554
S11-05,Day_1,Khe,0.3687840760635458
S11-05,Day_1,kbh,0.0028509387416743473
S11-05,Day_1,Kbh,0.0037025178463303207
S11-05,Day_1,Te,2.1527651274661967
S11-05,Day_1,CL,84.82033749461554
S11-05,Day_2,FA,20.0
S11-05,Day_2,TR,0.0058
S11-05,Day_2,n0,4
S11-05,Day_2,center,G
S11-05,Day_2,field_strength,7.0
S11-05,Day_2,BAT,285.0
S11-05,Day_2,duration,30.0
S11-05,Day_2,study,11
S11-05,Day_2,visit,2
S11-05,Day_2,study arm,Bosentan (clinical dose)
S11-05,Day_2,substance,Bosentan (clinical dose)
S11-05,Day_2,ve,0.23
S11-05,Day_2,Fp,0.022019
S11-05,Day_2,E,0.637481854390875
S11-05,Day_2,Th,263.0681598401809
S11-05,Day_2,vol,1000.0
S11-05,Day_2,Ktrans,0.014036712951832677
S11-05,Day_2,khe,0.038720028560907865
S11-05,Day_2,Khe,0.1683479502648168
S11-05,Day_2,kbh,0.0029269980847085038
S11-05,Day_2,Kbh,0.0038012962139071477
S11-05,Day_2,Te,3.786692106367172
S11-05,Day_2,CL,38.72002856090786
S11-06,Day_1,FA,20.0
S11-06,Day_1,TR,0.0058
S11-06,Day_1,n0,4
S11-06,Day_1,center,G
S11-06,Day_1,field_strength,7.0
S11-06,Day_1,BAT,285.0
S11-06,Day_1,duration,30.0
S11-06,Day_1,study,11
S11-06,Day_1,visit,1
S11-06,Day_1,study arm,Bosentan (clinical dose)
S11-06,Day_1,substance,Placebo
S11-06,Day_1,ve,0.23
S11-06,Day_1,Fp,0.022019
S11-06,Day_1,E,0.8999858841141887
S11-06,Day_1,Th,248.17388734750085
S11-06,Day_1,vol,1000.0
S11-06,Day_1,Ktrans,0.01981678918231032
S11-06,Day_1,khe,0.19813992261787983
S11-06,Day_1,Khe,0.8614779244255645
S11-06,Day_1,kbh,0.003102663250472528
S11-06,Day_1,Kbh,0.004029432792821465
S11-06,Day_1,Te,1.0446998798190927
S11-06,Day_1,CL,198.13992261787982
S11-06,Day_2,FA,20.0
S11-06,Day_2,TR,0.0058
S11-06,Day_2,n0,4
S11-06,Day_2,center,G
S11-06,Day_2,field_strength,7.0
S11-06,Day_2,BAT,285.0
S11-06,Day_2,duration,30.0
S11-06,Day_2,study,11
S11-06,Day_2,visit,2
S11-06,Day_2,study arm,Bosentan (clinical dose)
S11-06,Day_2,substance,Bosentan (clinical dose)
S11-06,Day_2,ve,0.23
S11-06,Day_2,Fp,0.022019
S11-06,Day_2,E,0.6587921867561402
S11-06,Day_2,Th,265.0198538571068
S11-06,Day_2,vol,1000.0
S11-06,Day_2,Ktrans,0.01450594516018345
S11-06,Day_2,khe,0.04251351990529042
S11-06,Day_2,Khe,0.18484139089256704
S11-06,Day_2,kbh,0.0029054427009652193
S11-06,Day_2,Kbh,0.003773302209045739
S11-06,Day_2,Te,3.564094511380524
S11-06,Day_2,CL,42.513519905290416
