subject,study,parameter,value
S11-01,Day_1,FA,20.0
S11-01,Day_1,TR,0.0058
S11-01,Day_1,n0,4
S11-01,Day_1,center,G
S11-01,Day_1,field_strength,7.0
S11-01,Day_1,BAT,285.0
S11-01,Day_1,duration,30.0
S11-01,Day_1,study,11
S11-01,Day_1,visit,1
S11-01,Day_1,substance,Bosentan (clinical dose)
S11-01,Day_1,H,0.418
S11-01,Day_1,ve,0.23
S11-01,Day_1,khe,0.013776092779588101
S11-01,Day_1,Th,222.588307914077
S11-01,Day_1,Kbh,0.004492598957111519
S11-01,Day_1,Khe,0.059896055563426524
S11-01,Day_1,kbh,0.0034593011969758698
S11-01,Day_1,E,0.38485981484712956
S11-01,Day_1,Ktrans,0.008474228263118945
S11-01,Day_2,FA,20.0
S11-01,Day_2,TR,0.0058
S11-01,Day_2,n0,4
S11-01,Day_2,center,G
S11-01,Day_2,field_strength,7.0
S11-01,Day_2,BAT,285.0
S11-01,Day_2,duration,30.0
S11-01,Day_2,study,11
S11-01,Day_2,visit,2
S11-01,Day_2,substance,Bosentan (clinical dose)
S11-01,Day_2,H,0.418
S11-01,Day_2,ve,0.23
S11-01,Day_2,khe,0.02044224748644526
S11-01,Day_2,Th,247.7944958659486
S11-01,Day_2,Kbh,0.004035602148891064
S11-01,Day_2,Khe,0.08887933689758808
S11-01,Day_2,kbh,0.0031074136546461193
S11-01,Day_2,E,0.4814330406324251
S11-01,Day_2,Ktrans,0.01060067412168537
S11-02,Day_1,FA,20.0
S11-02,Day_1,TR,0.0058
S11-02,Day_1,n0,4
S11-02,Day_1,center,G
S11-02,Day_1,field_strength,7.0
S11-02,Day_1,BAT,285.0
S11-02,Day_1,duration,30.0
S11-02,Day_1,study,11
S11-02,Day_1,visit,1
S11-02,Day_1,substance,Bosentan (clinical dose)
S11-02,Day_1,H,0.418
S11-02,Day_1,ve,0.23
S11-02,Day_1,khe,0.024386771013772734
S11-02,Day_1,Th,302.9962562389929
S11-02,Day_1,Kbh,0.003300370811219644
S11-02,Day_1,Khe,0.10602943919031624
S11-02,Day_1,kbh,0.002541285524639126
S11-02,Day_1,E,0.5255116008423824
S11-02,Day_1,Ktrans,0.011571239938948418
S11-02,Day_2,FA,20.0
S11-02,Day_2,TR,0.0058
S11-02,Day_2,n0,4
S11-02,Day_2,center,G
S11-02,Day_2,field_strength,7.0
S11-02,Day_2,BAT,285.0
S11-02,Day_2,duration,30.0
S11-02,Day_2,study,11
S11-02,Day_2,visit,2
S11-02,Day_2,substance,Bosentan (clinical dose)
S11-02,Day_2,H,0.418
S11-02,Day_2,ve,0.23
S11-02,Day_2,khe,0.022294883549338743
S11-02,Day_2,Th,288.9982085157936
S11-02,Day_2,Kbh,0.003460229062095901
S11-02,Day_2,Khe,0.09693427630147279
S11-02,Day_2,kbh,0.0026643763778138436
S11-02,Day_2,E,0.5031128342546595
S11-02,Day_2,Ktrans,0.011078041497453346
S11-03,Day_1,FA,20.0
S11-03,Day_1,TR,0.0058
S11-03,Day_1,n0,4
S11-03,Day_1,center,G
S11-03,Day_1,field_strength,7.0
S11-03,Day_1,BAT,285.0
S11-03,Day_1,duration,30.0
S11-03,Day_1,study,11
S11-03,Day_1,visit,1
S11-03,Day_1,substance,Bosentan (clinical dose)
S11-03,Day_1,H,0.418
S11-03,Day_1,ve,0.23
S11-03,Day_1,khe,0.03037204057806148
S11-03,Day_1,Th,224.78083170785087
S11-03,Day_1,Kbh,0.004448777915813154
S11-03,Day_1,Khe,0.13205235033939774
S11-03,Day_1,kbh,0.003425558995176128
S11-03,Day_1,E,0.5797182159954968
S11-03,Day_1,Ktrans,0.012764815398004841
S11-03,Day_2,FA,20.0
S11-03,Day_2,TR,0.0058
S11-03,Day_2,n0,4
S11-03,Day_2,center,G
S11-03,Day_2,field_strength,7.0
S11-03,Day_2,BAT,285.0
S11-03,Day_2,duration,30.0
S11-03,Day_2,study,11
S11-03,Day_2,visit,2
S11-03,Day_2,substance,Bosentan (clinical dose)
S11-03,Day_2,H,0.418
S11-03,Day_2,ve,0.23
S11-03,Day_2,khe,0.03849892756643975
S11-03,Day_2,Th,225.30516848328716
S11-03,Day_2,Kbh,0.004438424589776682
S11-03,Day_2,Khe,0.1673866415932163
S11-03,Day_2,kbh,0.003417586934128045
S11-03,Day_2,E,0.6361574018570548
S11-03,Day_2,Ktrans,0.014007549831490492
S11-04,Day_1,FA,20.0
S11-04,Day_1,TR,0.0058
S11-04,Day_1,n0,4
S11-04,Day_1,center,G
S11-04,Day_1,field_strength,7.0
S11-04,Day_1,BAT,285.0
S11-04,Day_1,duration,30.0
S11-04,Day_1,study,11
S11-04,Day_1,visit,1
S11-04,Day_1,substance,Bosentan (clinical dose)
S11-04,Day_1,H,0.418
S11-04,Day_1,ve,0.23
S11-04,Day_1,khe,0.02545443991018438
S11-04,Day_1,Th,249.35282021503002
S11-04,Day_1,Kbh,0.004010381751999627
S11-04,Day_1,Khe,0.11067147787036687
S11-04,Day_1,kbh,0.0030879939490397125
S11-04,Day_1,E,0.5361827573131833
S11-04,Day_1,Ktrans,0.011806208133278982
S11-04,Day_2,FA,20.0
S11-04,Day_2,TR,0.0058
S11-04,Day_2,n0,4
S11-04,Day_2,center,G
S11-04,Day_2,field_strength,7.0
S11-04,Day_2,BAT,285.0
S11-04,Day_2,duration,30.0
S11-04,Day_2,study,11
S11-04,Day_2,visit,2
S11-04,Day_2,substance,Bosentan (clinical dose)
S11-04,Day_2,H,0.418
S11-04,Day_2,ve,0.23
S11-04,Day_2,khe,0.016839168390806715
S11-04,Day_2,Th,206.68995344123937
S11-04,Day_2,Kbh,0.004838164523000357
S11-04,Day_2,Khe,0.0732137756122031
S11-04,Day_2,kbh,0.0037253866827102757
S11-04,Day_2,E,0.4333495140957446
S11-04,Day_2,Ktrans,0.009541922950874204
S11-05,Day_1,FA,20.0
S11-05,Day_1,TR,0.0058
S11-05,Day_1,n0,4
S11-05,Day_1,center,G
S11-05,Day_1,field_strength,7.0
S11-05,Day_1,BAT,285.0
S11-05,Day_1,duration,30.0
S11-05,Day_1,study,11
S11-05,Day_1,visit,1
S11-05,Day_1,substance,Bosentan (clinical dose)
S11-05,Day_1,H,0.418
S11-05,Day_1,ve,0.23
S11-05,Day_1,khe,0.02752787816878136
S11-05,Day_1,Th,287.2360093725977
S11-05,Day_1,Kbh,0.003481457642390571
S11-05,Day_1,Khe,0.11968642682078852
S11-05,Day_1,kbh,0.00268072238464074
S11-05,Day_1,E,0.5555925859749969
S11-05,Day_1,Ktrans,0.01223359315058346
S11-05,Day_2,FA,20.0
S11-05,Day_2,TR,0.0058
S11-05,Day_2,n0,4
S11-05,Day_2,center,G
S11-05,Day_2,field_strength,7.0
S11-05,Day_2,BAT,285.0
S11-05,Day_2,duration,30.0
S11-05,Day_2,study,11
S11-05,Day_2,visit,2
S11-05,Day_2,substance,Bosentan (clinical dose)
S11-05,Day_2,H,0.418
S11-05,Day_2,ve,0.23
S11-05,Day_2,khe,0.022000354864742624
S11-05,Day_2,Th,281.52693877219457
S11-05,Day_2,Kbh,0.003552057946430406
S11-05,Day_2,Khe,0.0956537168032288
S11-05,Day_2,kbh,0.0027350846187514126
S11-05,Day_2,E,0.499788216622953
S11-05,Day_2,Ktrans,0.0110048367418208
S11-06,Day_1,FA,20.0
S11-06,Day_1,TR,0.0058
S11-06,Day_1,n0,4
S11-06,Day_1,center,G
S11-06,Day_1,field_strength,7.0
S11-06,Day_1,BAT,285.0
S11-06,Day_1,duration,30.0
S11-06,Day_1,study,11
S11-06,Day_1,visit,1
S11-06,Day_1,substance,Bosentan (clinical dose)
S11-06,Day_1,H,0.418
S11-06,Day_1,ve,0.23
S11-06,Day_1,khe,0.03163963345733347
S11-06,Day_1,Th,259.0343113893766
S11-06,Day_1,Kbh,0.0038604924368371204
S11-06,Day_1,Khe,0.13756362372753683
S11-06,Day_1,kbh,0.0029725791763645826
S11-06,Day_1,E,0.5896466499187245
S11-06,Day_1,Ktrans,0.012983429584560398
S11-06,Day_2,FA,20.0
S11-06,Day_2,TR,0.0058
S11-06,Day_2,n0,4
S11-06,Day_2,center,G
S11-06,Day_2,field_strength,7.0
S11-06,Day_2,BAT,285.0
S11-06,Day_2,duration,30.0
S11-06,Day_2,study,11
S11-06,Day_2,visit,2
S11-06,Day_2,substance,Bosentan (clinical dose)
S11-06,Day_2,H,0.418
S11-06,Day_2,ve,0.23
S11-06,Day_2,khe,0.02269110210387292
S11-06,Day_2,Th,284.1923350921298
S11-06,Day_2,Kbh,0.0035187437397839
S11-06,Day_2,Khe,0.09865696566901268
S11-06,Day_2,kbh,0.002709432679633603
S11-06,Day_2,E,0.5075162219749739
S11-06,Day_2,Ktrans,0.011174999691666953
