subject,study,parameter,value
S01-01,Day_1,FA,30.0
S01-01,Day_1,TR,0.036
S01-01,Day_1,n0,4
S01-01,Day_1,center,A
S01-01,Day_1,field_strength,7.0
S01-01,Day_1,BAT,285.0
S01-01,Day_1,duration,30.0
S01-01,Day_1,study,1
S01-01,Day_1,visit,1
S01-01,Day_1,substance,Rifampicin (clinical dose)
S01-01,Day_1,H,0.418
S01-01,Day_1,ve,0.23
S01-01,Day_1,khe,0.00942109333433171
S01-01,Day_1,Th,455.97619814639404
S01-01,Day_1,Kbh,0.002193096929324683
S01-01,Day_1,Khe,0.040961275366659604
S01-01,Day_1,kbh,0.001688684635580006
S01-01,Day_1,E,0.2996522063133997
S01-01,Day_1,Ktrans,0.00659804193081475
