subject,study,parameter,value
S11-04,Day_2,FA,20.0
S11-04,Day_2,TR,0.0058
S11-04,Day_2,n0,4
S11-04,Day_2,center,G
S11-04,Day_2,field_strength,7.0
S11-04,Day_2,BAT,285.0
S11-04,Day_2,duration,30.0
S11-04,Day_2,study,11
S11-04,Day_2,visit,2
S11-04,Day_2,substance,Bosentan (clinical dose)
S11-04,Day_2,H,0.418
S11-04,Day_2,ve,0.23
S11-04,Day_2,khe,0.016839168390806715
S11-04,Day_2,Th,206.68995344123937
S11-04,Day_2,Kbh,0.004838164523000357
S11-04,Day_2,Khe,0.0732137756122031
S11-04,Day_2,kbh,0.0037253866827102757
S11-04,Day_2,E,0.4333495140957446
S11-04,Day_2,Ktrans,0.009541922950874204
