subject,study,parameter,value
S11-04,Day_2,FA,20.0
S11-04,Day_2,TR,0.0058
S11-04,Day_2,n0,4
S11-04,Day_2,center,G
S11-04,Day_2,field_strength,7.0
S11-04,Day_2,BAT,285.0
S11-04,Day_2,duration,30.0
S11-04,Day_2,study,11
S11-04,Day_2,visit,2
S11-04,Day_2,study arm,Bosentan (clinical dose)
S11-04,Day_2,substance,Bosentan (clinical dose)
S11-04,Day_2,ve,0.23
S11-04,Day_2,Fp,0.022019
S11-04,Day_2,E,0.5014591477047248
S11-04,Day_2,Th,190.22784315184285
S11-04,Day_2,vol,1000
S11-04,Day_2,Ktrans,0.011041628973310335
S11-04,Day_2,khe,0.02214789203828498
S11-04,Day_2,Khe,0.09629518277515209
S11-04,Day_2,kbh,0.0040477775873502065
S11-04,Day_2,Kbh,0.005256854009545723
S11-04,Day_2,Te,5.207520597116731
S11-04,Day_2,CL,22.147892038284983
