subject,study,parameter,value
S02-05,Day_2,FA,20.0
S02-05,Day_2,TR,0.0058
S02-05,Day_2,n0,4
S02-05,Day_2,center,E
S02-05,Day_2,field_strength,7.0
S02-05,Day_2,BAT,285.0
S02-05,Day_2,duration,30.0
S02-05,Day_2,study,2
S02-05,Day_2,visit,2
S02-05,Day_2,substance,Rifampicin
S02-05,Day_2,H,0.418
S02-05,Day_2,ve,0.23
S02-05,Day_2,khe,0.005065713984983564
S02-05,Day_2,Th,450.42631676965067
S02-05,Day_2,Kbh,0.0022201189468052393
S02-05,Day_2,Khe,0.022024843412972017
S02-05,Day_2,kbh,0.0017094915890400345
S02-05,Day_2,E,0.18703221262709738
S02-05,Day_2,Ktrans,0.004118262289836057
