subject,study,parameter,value
S02-05,Day_2,FA,20.0
S02-05,Day_2,TR,0.0058
S02-05,Day_2,n0,4
S02-05,Day_2,center,E
S02-05,Day_2,field_strength,7.0
S02-05,Day_2,BAT,285.0
S02-05,Day_2,duration,30.0
S02-05,Day_2,study,2
S02-05,Day_2,visit,2
S02-05,Day_2,substance,Rifampicin
S02-05,Day_2,ve,0.23
S02-05,Day_2,Fp,0.022019
S02-05,Day_2,E,0.14254106574673664
S02-05,Day_2,Th,423.3618380558952
S02-05,Day_2,vol,1000
S02-05,Day_2,Ktrans,0.003138611726677394
S02-05,Day_2,khe,0.003660363897672513
S02-05,Day_2,Khe,0.015914625642054404
S02-05,Day_2,kbh,0.0018187751724054525
S02-05,Day_2,Kbh,0.0023620456784486394
S02-05,Day_2,Te,8.956608151062746
S02-05,Day_2,CL,3.660363897672513
