subject,study,parameter,value
S14-02,Day_3,FA,30.0
S14-02,Day_3,TR,0.036
S14-02,Day_3,n0,4
S14-02,Day_3,center,A
S14-02,Day_3,field_strength,7.0
S14-02,Day_3,BAT,285.0
S14-02,Day_3,duration,30.0
S14-02,Day_3,study,14
S14-02,Day_3,visit,3
S14-02,Day_3,substance,Rifampicin (high dose)
S14-02,Day_3,H,0.418
S14-02,Day_3,ve,0.23
S14-02,Day_3,khe,0.004652754563297485
S14-02,Day_3,Th,703.3324916696841
S14-02,Day_3,Kbh,0.001421802649307497
S14-02,Day_3,Khe,0.020229367666510806
S14-02,Day_3,kbh,0.0010947880399667727
S14-02,Day_3,E,0.1744450126914431
S14-02,Day_3,Ktrans,0.003841104734452886
