subject,study,parameter,value
S14-02,Day_3,FA,30.0
S14-02,Day_3,TR,0.036
S14-02,Day_3,n0,4
S14-02,Day_3,center,A
S14-02,Day_3,field_strength,7.0
S14-02,Day_3,BAT,285.0
S14-02,Day_3,duration,30.0
S14-02,Day_3,study,14
S14-02,Day_3,visit,3
S14-02,Day_3,study arm,Rifampicin (high dose)
S14-02,Day_3,substance,Rifampicin (high dose)
S14-02,Day_3,ve,0.23
S14-02,Day_3,Fp,0.022019
S14-02,Day_3,E,0.12865765575683805
S14-02,Day_3,Th,667.142850638806
S14-02,Day_3,vol,1000
S14-02,Day_3,Ktrans,0.002832912922109817
S14-02,Day_3,khe,0.0032512053853763446
S14-02,Day_3,Khe,0.014135675588592802
S14-02,Day_3,kbh,0.001154175600117285
S14-02,Day_3,Kbh,0.0014989293508016687
S14-02,Day_3,Te,9.10162764775545
S14-02,Day_3,CL,3.2512053853763447
