subject,study,parameter,value
S14-12,Day_3,FA,30.0
S14-12,Day_3,TR,0.036
S14-12,Day_3,n0,4
S14-12,Day_3,center,A
S14-12,Day_3,field_strength,7.0
S14-12,Day_3,BAT,285.0
S14-12,Day_3,duration,30.0
S14-12,Day_3,study,14
S14-12,Day_3,visit,3
S14-12,Day_3,study arm,Placebo
S14-12,Day_3,substance,Placebo
S14-12,Day_3,ve,0.23
S14-12,Day_3,Fp,0.022019
S14-12,Day_3,E,0.30611205991425133
S14-12,Day_3,Th,412.82051428839037
S14-12,Day_3,vol,1000
S14-12,Day_3,Ktrans,0.0067402814472519
S14-12,Day_3,khe,0.009713789587435337
S14-12,Day_3,Khe,0.04223386777145798
S14-12,Day_3,kbh,0.0018652173846721418
S14-12,Day_3,Kbh,0.00242236023983395
S14-12,Day_3,Te,7.248023353454844
S14-12,Day_3,CL,9.713789587435336
