subject,study,parameter,value
S14-12,Day_3,FA,30.0
S14-12,Day_3,TR,0.036
S14-12,Day_3,n0,4
S14-12,Day_3,center,A
S14-12,Day_3,field_strength,7.0
S14-12,Day_3,BAT,285.0
S14-12,Day_3,duration,30.0
S14-12,Day_3,study,14
S14-12,Day_3,visit,3
S14-12,Day_3,substance,Placebo
S14-12,Day_3,H,0.418
S14-12,Day_3,ve,0.23
S14-12,Day_3,khe,0.010942722816574027
S14-12,Day_3,Th,433.6229064350211
S14-12,Day_3,Kbh,0.0023061512322339714
S14-12,Day_3,Khe,0.0475770557242349
S14-12,Day_3,kbh,0.001775736448820158
S14-12,Day_3,E,0.33198273274331813
S14-12,Day_3,Ktrans,0.007309927792275122
