subject,study,parameter,value
S01-06,Day_3,FA,30.0
S01-06,Day_3,TR,0.036
S01-06,Day_3,n0,4
S01-06,Day_3,center,A
S01-06,Day_3,field_strength,7.0
S01-06,Day_3,BAT,285.0
S01-06,Day_3,duration,30.0
S01-06,Day_3,study,1
S01-06,Day_3,visit,3
S01-06,Day_3,substance,Placebo
S01-06,Day_3,H,0.418
S01-06,Day_3,ve,0.23
S01-06,Day_3,khe,0.006592623675685784
S01-06,Day_3,Th,325.322720054578
S01-06,Day_3,Kbh,0.003073870770022562
S01-06,Day_3,Khe,0.028663581198633842
S01-06,Day_3,kbh,0.0023668804929173727
S01-06,Day_3,E,0.23041767046895031
S01-06,Day_3,Ktrans,0.005073566686055817
