subject,study,parameter,value
S15-04,Day_1,FA,20.0
S15-04,Day_1,TR,0.0058
S15-04,Day_1,n0,4
S15-04,Day_1,center,D
S15-04,Day_1,field_strength,4.7
S15-04,Day_1,BAT,292.0
S15-04,Day_1,duration,22.0
S15-04,Day_1,study,15
S15-04,Day_1,visit,1
S15-04,Day_1,study arm,Placebo
S15-04,Day_1,substance,Placebo
S15-04,Day_1,ve,0.23
S15-04,Day_1,Fp,0.022019
S15-04,Day_1,E,0.8999993937614535
S15-04,Day_1,Th,283.07391119742897
S15-04,Day_1,vol,1000
S15-04,Day_1,Ktrans,0.019817086651233447
S15-04,Day_1,khe,0.19816966513143708
S15-04,Day_1,Khe,0.8616072397019003
S15-04,Day_1,kbh,0.0027201376373500066
S15-04,Day_1,Kbh,0.003532646282272736
S15-04,Day_1,Te,1.044558764470034
S15-04,Day_1,CL,198.16966513143709
