subject,study,parameter,value
S15-04,Day_1,FA,20.0
S15-04,Day_1,TR,0.0058
S15-04,Day_1,n0,4
S15-04,Day_1,center,D
S15-04,Day_1,field_strength,4.7
S15-04,Day_1,BAT,292.0
S15-04,Day_1,duration,22.0
S15-04,Day_1,study,15
S15-04,Day_1,visit,1
S15-04,Day_1,substance,Placebo
S15-04,Day_1,H,0.418
S15-04,Day_1,ve,0.23
S15-04,Day_1,khe,0.035127284105342174
S15-04,Day_1,Th,269.4766221227545
S15-04,Day_1,Kbh,0.0037108970422839523
S15-04,Day_1,Khe,0.1527273221971399
S15-04,Day_1,kbh,0.002857390722558643
S15-04,Day_1,E,0.6146906077145686
S15-04,Day_1,Ktrans,0.013534872491267086
