subject,study,parameter,value
S02-05,Day_1,FA,20.0
S02-05,Day_1,TR,0.0058
S02-05,Day_1,n0,4
S02-05,Day_1,center,E
S02-05,Day_1,field_strength,7.0
S02-05,Day_1,BAT,285.0
S02-05,Day_1,duration,30.0
S02-05,Day_1,study,2
S02-05,Day_1,visit,1
S02-05,Day_1,substance,Placebo
S02-05,Day_1,H,0.418
S02-05,Day_1,ve,0.23
S02-05,Day_1,khe,0.01533518988730915
S02-05,Day_1,Th,138.62321040758596
S02-05,Day_1,Kbh,0.007213799168694454
S02-05,Day_1,Khe,0.06667473864047456
S02-05,Day_1,kbh,0.00555462535989473
S02-05,Day_1,E,0.4105346664878197
S02-05,Day_1,Ktrans,0.009039562821395302
