subject,study,parameter,value
S02-05,Day_1,FA,20.0
S02-05,Day_1,TR,0.0058
S02-05,Day_1,n0,4
S02-05,Day_1,center,E
S02-05,Day_1,field_strength,7.0
S02-05,Day_1,BAT,285.0
S02-05,Day_1,duration,30.0
S02-05,Day_1,study,2
S02-05,Day_1,visit,1
S02-05,Day_1,substance,Placebo
S02-05,Day_1,ve,0.23
S02-05,Day_1,Fp,0.022019
S02-05,Day_1,E,0.4747422805311002
S02-05,Day_1,Th,125.47571463238793
S02-05,Day_1,vol,1000
S02-05,Day_1,Ktrans,0.010453350275014294
S02-05,Day_1,khe,0.019901373911427548
S02-05,Day_1,Khe,0.08652771265838063
S02-05,Day_1,kbh,0.006136645662914972
S02-05,Day_1,Kbh,0.007969669692097366
S02-05,Day_1,Te,5.486592282930514
S02-05,Day_1,CL,19.901373911427548
