subject,study,parameter,value
S14-04,Day_2,FA,30.0
S14-04,Day_2,TR,0.036
S14-04,Day_2,n0,4
S14-04,Day_2,center,A
S14-04,Day_2,field_strength,7.0
S14-04,Day_2,BAT,285.0
S14-04,Day_2,duration,30.0
S14-04,Day_2,study,14
S14-04,Day_2,visit,2
S14-04,Day_2,substance,Rifampicin (clinical dose)
S14-04,Day_2,H,0.418
S14-04,Day_2,ve,0.23
S14-04,Day_2,khe,0.004691388718961953
S14-04,Day_2,Th,514.2959650969746
S14-04,Day_2,Kbh,0.0019444056882916476
S14-04,Day_2,Khe,0.020397342256356317
S14-04,Day_2,kbh,0.0014971923799845688
S14-04,Day_2,E,0.17563910313411096
S14-04,Day_2,Ktrans,0.00386739741190999
