subject,study,parameter,value
S14-04,Day_2,FA,30.0
S14-04,Day_2,TR,0.036
S14-04,Day_2,n0,4
S14-04,Day_2,center,A
S14-04,Day_2,field_strength,7.0
S14-04,Day_2,BAT,285.0
S14-04,Day_2,duration,30.0
S14-04,Day_2,study,14
S14-04,Day_2,visit,2
S14-04,Day_2,study arm,Rifampicin (clinical dose)
S14-04,Day_2,substance,Rifampicin (clinical dose)
S14-04,Day_2,ve,0.23
S14-04,Day_2,Fp,0.022019
S14-04,Day_2,E,0.12986422171200845
S14-04,Day_2,Th,491.1329900663872
S14-04,Day_2,vol,1000
S14-04,Day_2,Ktrans,0.0028594802978767144
S14-04,Day_2,khe,0.0032862460885159737
S14-04,Day_2,Khe,0.01428802647180858
S14-04,Day_2,kbh,0.0015678034576661567
S14-04,Day_2,Kbh,0.0020361083865794243
S14-04,Day_2,Te,9.089024433727147
S14-04,Day_2,CL,3.286246088515974
