subject,study,parameter,value
S14-08,Day_2,FA,30.0
S14-08,Day_2,TR,0.036
S14-08,Day_2,n0,4
S14-08,Day_2,center,A
S14-08,Day_2,field_strength,7.0
S14-08,Day_2,BAT,285.0
S14-08,Day_2,duration,30.0
S14-08,Day_2,study,14
S14-08,Day_2,visit,2
S14-08,Day_2,study arm,Rifampicin (high dose)
S14-08,Day_2,substance,Rifampicin (high dose)
S14-08,Day_2,ve,0.23
S14-08,Day_2,Fp,0.022019
S14-08,Day_2,E,0.07244507574363745
S14-08,Day_2,Th,921.8614841359663
S14-08,Day_2,vol,1000
S14-08,Day_2,Ktrans,0.0015951681227991531
S14-08,Day_2,khe,0.0017197559746427178
S14-08,Day_2,Khe,0.007477199889750947
S14-08,Day_2,kbh,0.0008352664833607822
S14-08,Day_2,Kbh,0.0010847616667023145
S14-08,Day_2,Te,9.688797519367974
S14-08,Day_2,CL,1.7197559746427178
