subject,study,parameter,value
S14-08,Day_2,FA,30.0
S14-08,Day_2,TR,0.036
S14-08,Day_2,n0,4
S14-08,Day_2,center,A
S14-08,Day_2,field_strength,7.0
S14-08,Day_2,BAT,285.0
S14-08,Day_2,duration,30.0
S14-08,Day_2,study,14
S14-08,Day_2,visit,2
S14-08,Day_2,substance,Rifampicin (high dose)
S14-08,Day_2,H,0.418
S14-08,Day_2,ve,0.23
S14-08,Day_2,khe,0.002626234093594681
S14-08,Day_2,Th,981.4070623238487
S14-08,Day_2,Kbh,0.001018945184307239
S14-08,Day_2,Khe,0.01141840910258557
S14-08,Day_2,kbh,0.0007845877919165741
S14-08,Day_2,E,0.10656153979390447
S14-08,Day_2,Ktrans,0.0023463785447219825
