subject,study,parameter,value
S07-02,Day_1,FA,20.0
S07-02,Day_1,TR,0.0058
S07-02,Day_1,n0,4
S07-02,Day_1,center,D
S07-02,Day_1,field_strength,4.7
S07-02,Day_1,substance,Placebo
S07-02,Day_1,BAT,292.0
S07-02,Day_1,duration,22.0
S07-02,Day_1,study,7
S07-02,Day_1,visit,1
S07-02,Day_2,FA,20.0
S07-02,Day_2,TR,0.0058
S07-02,Day_2,n0,4
S07-02,Day_2,center,D
S07-02,Day_2,field_strength,4.7
S07-02,Day_2,substance,Ketoconazole
S07-02,Day_2,BAT,292.0
S07-02,Day_2,duration,22.0
S07-02,Day_2,study,7
S07-02,Day_2,visit,2
S07-03,Day_1,FA,20.0
S07-03,Day_1,TR,0.0058
S07-03,Day_1,n0,4
S07-03,Day_1,center,D
S07-03,Day_1,field_strength,4.7
S07-03,Day_1,substance,Placebo
S07-03,Day_1,BAT,292.0
S07-03,Day_1,duration,22.0
S07-03,Day_1,study,7
S07-03,Day_1,visit,1
S07-03,Day_2,FA,20.0
S07-03,Day_2,TR,0.0058
S07-03,Day_2,n0,4
S07-03,Day_2,center,D
S07-03,Day_2,field_strength,4.7
S07-03,Day_2,substance,Ketoconazole
S07-03,Day_2,BAT,292.0
S07-03,Day_2,duration,22.0
S07-03,Day_2,study,7
S07-03,Day_2,visit,2
S07-04,Day_1,FA,20.0
S07-04,Day_1,TR,0.0058
S07-04,Day_1,n0,4
S07-04,Day_1,center,D
S07-04,Day_1,field_strength,4.7
S07-04,Day_1,substance,Placebo
S07-04,Day_1,BAT,292.0
S07-04,Day_1,duration,22.0
S07-04,Day_1,study,7
S07-04,Day_1,visit,1
S07-04,Day_2,FA,20.0
S07-04,Day_2,TR,0.0058
S07-04,Day_2,n0,4
S07-04,Day_2,center,D
S07-04,Day_2,field_strength,4.7
S07-04,Day_2,substance,Ketoconazole
S07-04,Day_2,BAT,292.0
S07-04,Day_2,duration,22.0
S07-04,Day_2,study,7
S07-04,Day_2,visit,2
S07-05,Day_1,FA,20.0
S07-05,Day_1,TR,0.0058
S07-05,Day_1,n0,4
S07-05,Day_1,center,D
S07-05,Day_1,field_strength,4.7
S07-05,Day_1,substance,Placebo
S07-05,Day_1,BAT,292.0
S07-05,Day_1,duration,22.0
S07-05,Day_1,study,7
S07-05,Day_1,visit,1
S07-05,Day_2,FA,20.0
S07-05,Day_2,TR,0.0058
S07-05,Day_2,n0,4
S07-05,Day_2,center,D
S07-05,Day_2,field_strength,4.7
S07-05,Day_2,substance,Ketoconazole
S07-05,Day_2,BAT,292.0
S07-05,Day_2,duration,22.0
S07-05,Day_2,study,7
S07-05,Day_2,visit,2
S07-06,Day_1,FA,20.0
S07-06,Day_1,TR,0.0058
S07-06,Day_1,n0,4
S07-06,Day_1,center,D
S07-06,Day_1,field_strength,4.7
S07-06,Day_1,substance,Placebo
S07-06,Day_1,BAT,292.0
S07-06,Day_1,duration,22.0
S07-06,Day_1,study,7
S07-06,Day_1,visit,1
S07-06,Day_2,FA,20.0
S07-06,Day_2,TR,0.0058
S07-06,Day_2,n0,4
S07-06,Day_2,center,D
S07-06,Day_2,field_strength,4.7
S07-06,Day_2,substance,Ketoconazole
S07-06,Day_2,BAT,292.0
S07-06,Day_2,duration,22.0
S07-06,Day_2,study,7
S07-06,Day_2,visit,2
