subject,study,parameter,value
S15-05,Day_3,FA,20.0
S15-05,Day_3,TR,0.0058
S15-05,Day_3,n0,4
S15-05,Day_3,center,D
S15-05,Day_3,field_strength,4.7
S15-05,Day_3,BAT,292.0
S15-05,Day_3,duration,22.0
S15-05,Day_3,study,15
S15-05,Day_3,visit,3
S15-05,Day_3,substance,Placebo
S15-05,Day_3,H,0.418
S15-05,Day_3,ve,0.23
S15-05,Day_3,khe,0.028607122506161896
S15-05,Day_3,Th,386.8996024557608
S15-05,Day_3,Kbh,0.0025846498514155046
S15-05,Day_3,Khe,0.12437879350505171
S15-05,Day_3,kbh,0.0019901803855899387
S15-05,Day_3,E,0.5650664338885526
S15-05,Day_3,Ktrans,0.01244219780779204
