subject,study,parameter,value
S15-05,Day_3,FA,20.0
S15-05,Day_3,TR,0.0058
S15-05,Day_3,n0,4
S15-05,Day_3,center,D
S15-05,Day_3,field_strength,4.7
S15-05,Day_3,BAT,292.0
S15-05,Day_3,duration,22.0
S15-05,Day_3,study,15
S15-05,Day_3,visit,3
S15-05,Day_3,study arm,Placebo
S15-05,Day_3,substance,Placebo
S15-05,Day_3,ve,0.23
S15-05,Day_3,Fp,0.022019
S15-05,Day_3,E,0.8030467983049161
S15-05,Day_3,Th,369.3954428233998
S15-05,Day_3,vol,1000
S15-05,Day_3,Ktrans,0.017682287451875948
S15-05,Day_3,khe,0.08977913179218609
S15-05,Day_3,Khe,0.3903440512703743
S15-05,Day_3,kbh,0.0020844870042647516
S15-05,Day_3,Kbh,0.002707125979564613
S15-05,Day_3,Te,2.0572794581892593
S15-05,Day_3,CL,89.77913179218609
