subject,study,parameter,value
S13-02,Day_2,FA,20.0
S13-02,Day_2,TR,0.0058
S13-02,Day_2,n0,4
S13-02,Day_2,center,G
S13-02,Day_2,field_strength,7.0
S13-02,Day_2,BAT,285.0
S13-02,Day_2,duration,30.0
S13-02,Day_2,study,13
S13-02,Day_2,visit,2
S13-02,Day_2,substance,Placebo
S13-02,Day_2,ve,0.23
S13-02,Day_2,Fp,0.022019
S13-02,Day_2,E,0.804150595008725
S13-02,Day_2,Th,222.463792664872
S13-02,Day_2,vol,1000
S13-02,Day_2,Ktrans,0.017706591951497114
S13-02,Day_2,khe,0.09040922004478867
S13-02,Day_2,Khe,0.39308356541212464
S13-02,Day_2,kbh,0.003461237403067912
S13-02,Day_2,Kbh,0.004495113510477808
S13-02,Day_2,Te,2.045749722875392
S13-02,Day_2,CL,90.40922004478867
