subject,study,parameter,value
S13-02,Day_2,FA,20.0
S13-02,Day_2,TR,0.0058
S13-02,Day_2,n0,4
S13-02,Day_2,center,G
S13-02,Day_2,field_strength,7.0
S13-02,Day_2,BAT,285.0
S13-02,Day_2,duration,30.0
S13-02,Day_2,study,13
S13-02,Day_2,visit,2
S13-02,Day_2,substance,Placebo
S13-02,Day_2,H,0.418
S13-02,Day_2,ve,0.23
S13-02,Day_2,khe,0.027491036949914817
S13-02,Day_2,Th,238.05489386691147
S13-02,Day_2,Kbh,0.0042007117927979525
S13-02,Day_2,Khe,0.11952624760832528
S13-02,Day_2,kbh,0.0032345480804544234
S13-02,Day_2,E,0.5552618952339948
S13-02,Day_2,Ktrans,0.012226311671157335
