subject,study,parameter,value
S14-12,Day_2,FA,30.0
S14-12,Day_2,TR,0.036
S14-12,Day_2,n0,4
S14-12,Day_2,center,A
S14-12,Day_2,field_strength,7.0
S14-12,Day_2,BAT,285.0
S14-12,Day_2,duration,30.0
S14-12,Day_2,study,14
S14-12,Day_2,visit,2
S14-12,Day_2,study arm,Placebo
S14-12,Day_2,substance,Placebo
S14-12,Day_2,ve,0.23
S14-12,Day_2,Fp,0.022019
S14-12,Day_2,E,0.4062977918349021
S14-12,Day_2,Th,321.77974480270075
S14-12,Day_2,vol,1000
S14-12,Day_2,Ktrans,0.008946271078412709
S14-12,Day_2,khe,0.015068616817279737
S14-12,Day_2,Khe,0.06551572529252059
S14-12,Day_2,kbh,0.002392941173075159
S14-12,Day_2,Kbh,0.003107715809188518
S14-12,Day_2,Te,6.20153085417015
S14-12,Day_2,CL,15.068616817279738
