subject,study,parameter,value
S14-12,Day_2,FA,30.0
S14-12,Day_2,TR,0.036
S14-12,Day_2,n0,4
S14-12,Day_2,center,A
S14-12,Day_2,field_strength,7.0
S14-12,Day_2,BAT,285.0
S14-12,Day_2,duration,30.0
S14-12,Day_2,study,14
S14-12,Day_2,visit,2
S14-12,Day_2,substance,Placebo
S14-12,Day_2,H,0.418
S14-12,Day_2,ve,0.23
S14-12,Day_2,khe,0.014376720019061479
S14-12,Day_2,Th,338.1925156606976
S14-12,Day_2,Kbh,0.0029568957138107746
S14-12,Day_2,Khe,0.06250747834374555
S14-12,Day_2,kbh,0.0022768096996342965
S14-12,Day_2,E,0.39501128186314155
S14-12,Day_2,Ktrans,0.008697753415344517
