subject,study,parameter,value
S02-07,Day_1,FA,20.0
S02-07,Day_1,TR,0.0058
S02-07,Day_1,n0,4
S02-07,Day_1,center,D
S02-07,Day_1,field_strength,4.7
S02-07,Day_1,BAT,292.0
S02-07,Day_1,duration,22.0
S02-07,Day_1,study,2
S02-07,Day_1,visit,1
S02-07,Day_1,substance,Cyclosporine (clinical dose)
S02-07,Day_1,H,0.418
S02-07,Day_1,ve,0.23
S02-07,Day_1,khe,0.024098856771376517
S02-07,Day_1,Th,384.29275138335055
S02-07,Day_1,Kbh,0.0026021828317090785
S02-07,Day_1,Khe,0.10477763813641963
S02-07,Day_1,kbh,0.0020036807804159904
S02-07,Day_1,E,0.5225493650072156
S02-07,Day_1,Ktrans,0.01150601446809388
