subject,study,parameter,value
S05-03,Day_2,FA,20.0
S05-03,Day_2,TR,0.0058
S05-03,Day_2,n0,4
S05-03,Day_2,center,E
S05-03,Day_2,field_strength,7.0
S05-03,Day_2,substance,Asunaprevir
S05-03,Day_2,BAT,285.0
S05-03,Day_2,duration,30.0
S05-03,Day_2,study,5
S05-03,Day_2,visit,2
S05-03,Day_2,H,0.418
S05-03,Day_2,ve,0.23
S05-03,Day_2,khe,0.010410936563561003
S05-03,Day_2,Th,385.2632524803982
S05-03,Day_2,Kbh,0.0025956277780499687
S05-03,Day_2,Khe,0.04526494158070001
S05-03,Day_2,kbh,0.0019986333890984758
S05-03,Day_2,E,0.3210285824382081
S05-03,Day_2,Ktrans,0.007068728356706904
