subject,study,parameter,value
S02-12,Day_2,FA,20.0
S02-12,Day_2,TR,0.0058
S02-12,Day_2,n0,4
S02-12,Day_2,center,D
S02-12,Day_2,field_strength,4.7
S02-12,Day_2,BAT,292.0
S02-12,Day_2,duration,22.0
S02-12,Day_2,study,2
S02-12,Day_2,visit,2
S02-12,Day_2,substance,Cyclosporine (clinical dose)
S02-12,Day_2,H,0.418
S02-12,Day_2,ve,0.23
S02-12,Day_2,khe,0.004195684266494143
S02-12,Day_2,Th,767.7273126979819
S02-12,Day_2,Kbh,0.0013025458173238033
S02-12,Day_2,Khe,0.01824210550649627
S02-12,Day_2,kbh,0.0010029602793393286
S02-12,Day_2,E,0.1600509174110781
S02-12,Day_2,Ktrans,0.0035241611504745287
