subject,study,parameter,value
S03-03,Day_1,FA,20.0
S03-03,Day_1,TR,0.0058
S03-03,Day_1,n0,4
S03-03,Day_1,center,G
S03-03,Day_1,field_strength,7.0
S03-03,Day_1,BAT,285.0
S03-03,Day_1,duration,30.0
S03-03,Day_1,study,3
S03-03,Day_1,visit,1
S03-03,Day_1,substance,Bosentan (clinical dose)
S03-03,Day_1,H,0.418
S03-03,Day_1,ve,0.23
S03-03,Day_1,khe,0.030477812184355215
S03-03,Day_1,Th,224.32703841613005
S03-03,Day_1,Kbh,0.00445777739081539
S03-03,Day_1,Khe,0.13251222688850092
S03-03,Day_1,kbh,0.0034324885909278505
S03-03,Day_1,E,0.5805650079727703
S03-03,Day_1,Ktrans,0.012783460910552434
