subject,study,parameter,value
S06-05,Day_2,FA,20.0
S06-05,Day_2,TR,0.0058
S06-05,Day_2,n0,4
S06-05,Day_2,center,E
S06-05,Day_2,field_strength,7.0
S06-05,Day_2,substance,Pioglitazone
S06-05,Day_2,BAT,285.0
S06-05,Day_2,duration,30.0
S06-05,Day_2,study,6
S06-05,Day_2,visit,2
S06-05,Day_2,H,0.418
S06-05,Day_2,ve,0.23
S06-05,Day_2,khe,0.02013571250519838
S06-05,Day_2,Th,241.4444287017616
S06-05,Day_2,Kbh,0.004141739800652952
S06-05,Day_2,Khe,0.08754657610955817
S06-05,Day_2,kbh,0.003189139646502773
S06-05,Day_2,E,0.47766219500880974
S06-05,Day_2,Ktrans,0.010517643871898982
