subject,study,parameter,value
S01-04,Day_2,FA,20.0
S01-04,Day_2,TR,0.0058
S01-04,Day_2,n0,4
S01-04,Day_2,center,D
S01-04,Day_2,field_strength,4.7
S01-04,Day_2,BAT,292.0
S01-04,Day_2,duration,22.0
S01-04,Day_2,study,1
S01-04,Day_2,visit,2
S01-04,Day_2,substance,Rifampicin
S01-04,Day_2,ve,0.23
S01-04,Day_2,Fp,0.022019
S01-04,Day_2,E,0.17362377885561048
S01-04,Day_2,Th,649.2987969064255
S01-04,Day_2,vol,1000
S01-04,Day_2,Ktrans,0.0038230219866216874
S01-04,Day_2,khe,0.004626248782095227
S01-04,Day_2,Khe,0.020114125139544463
S01-04,Day_2,kbh,0.0011858946969694902
S01-04,Day_2,Kbh,0.00154012298307726
S01-04,Day_2,Te,8.631932915355357
S01-04,Day_2,CL,4.626248782095226
