subject,study,parameter,value
S01-04,Day_2,FA,20.0
S01-04,Day_2,TR,0.0058
S01-04,Day_2,n0,4
S01-04,Day_2,center,D
S01-04,Day_2,field_strength,4.7
S01-04,Day_2,BAT,292.0
S01-04,Day_2,duration,22.0
S01-04,Day_2,study,1
S01-04,Day_2,visit,2
S01-04,Day_2,substance,Rifampicin
S01-04,Day_2,H,0.418
S01-04,Day_2,ve,0.23
S01-04,Day_2,khe,0.006274476785955927
S01-04,Day_2,Th,686.9582525614527
S01-04,Day_2,Kbh,0.0014556925348393624
S01-04,Day_2,Khe,0.02728033385198229
S01-04,Day_2,kbh,0.0011208832518263092
S01-04,Day_2,E,0.2217640777562692
S01-04,Day_2,Ktrans,0.004883023228115291
