subject,study,parameter,value
S12-03,Day_2,FA,20.0
S12-03,Day_2,TR,0.0058
S12-03,Day_2,n0,4
S12-03,Day_2,center,G
S12-03,Day_2,field_strength,4.7
S12-03,Day_2,substance,Rifampicin
S12-03,Day_2,BAT,285.0
S12-03,Day_2,duration,30.0
S12-03,Day_2,study,12
S12-03,Day_2,visit,2
S12-03,Day_2,ve,0.23
S12-03,Day_2,Fp,0.022019
S12-03,Day_2,E,0.3839785797214527
S12-03,Day_2,Th,414.19262563927464
S12-03,Day_2,vol,1000
S12-03,Day_2,Ktrans,0.008454824346886668
S12-03,Day_2,khe,0.013724886941534661
S12-03,Day_2,Khe,0.059673421484933306
S12-03,Day_2,kbh,0.0018590384095119124
S12-03,Day_2,Kbh,0.002414335596768717
S12-03,Day_2,Te,6.434666727102315
S12-03,Day_2,CL,13.724886941534661
