subject,study,parameter,value
S12-03,Day_2,FA,20.0
S12-03,Day_2,TR,0.0058
S12-03,Day_2,n0,4
S12-03,Day_2,center,G
S12-03,Day_2,field_strength,4.7
S12-03,Day_2,substance,Rifampicin
S12-03,Day_2,BAT,285.0
S12-03,Day_2,duration,30.0
S12-03,Day_2,study,12
S12-03,Day_2,visit,2
S12-03,Day_2,H,0.418
S12-03,Day_2,ve,0.23
S12-03,Day_2,khe,0.013680925280820561
S12-03,Day_2,Th,438.02005317447544
S12-03,Day_2,Kbh,0.0022830004990700105
S12-03,Day_2,Khe,0.05948228382965461
S12-03,Day_2,kbh,0.0017579103842839082
S12-03,Day_2,E,0.3832199976107655
S12-03,Day_2,Ktrans,0.008438121127391444
