subject,study,parameter,value
S04-06,Day_1,FA,20.0
S04-06,Day_1,TR,0.0058
S04-06,Day_1,n0,4
S04-06,Day_1,center,G
S04-06,Day_1,field_strength,4.7
S04-06,Day_1,BAT,285.0
S04-06,Day_1,duration,30.0
S04-06,Day_1,study,4
S04-06,Day_1,visit,1
S04-06,Day_1,substance,Rifampicin
S04-06,Day_1,H,0.418
S04-06,Day_1,ve,0.23
S04-06,Day_1,khe,0.026133619529484214
S04-06,Day_1,Th,201.798523387449
S04-06,Day_1,Kbh,0.004955437647479812
S04-06,Day_1,Khe,0.11362443273688788
S04-06,Day_1,kbh,0.003815686988559455
S04-06,Day_1,E,0.5427247735397324
S04-06,Day_1,Ktrans,0.011950256788571367
