subject,study,parameter,value
S01-02,Day_1,FA,30.0
S01-02,Day_1,TR,0.036
S01-02,Day_1,n0,4
S01-02,Day_1,center,A
S01-02,Day_1,field_strength,7.0
S01-02,Day_1,BAT,285.0
S01-02,Day_1,duration,30.0
S01-02,Day_1,study,1
S01-02,Day_1,visit,1
S01-02,Day_1,substance,Rifampicin (high dose)
S01-02,Day_1,H,0.418
S01-02,Day_1,ve,0.23
S01-02,Day_1,khe,0.011728971542191192
S01-02,Day_1,Th,484.7257523510371
S01-02,Day_1,Kbh,0.002063022224731734
S01-02,Day_1,Khe,0.05099552844430953
S01-02,Day_1,kbh,0.001588527113043435
S01-02,Day_1,E,0.3475459710971906
S01-02,Day_1,Ktrans,0.0076526147375890405
