subject,study,parameter,value
S02-07,Day_3,FA,20.0
S02-07,Day_3,TR,0.0058
S02-07,Day_3,n0,4
S02-07,Day_3,center,D
S02-07,Day_3,field_strength,4.7
S02-07,Day_3,BAT,292.0
S02-07,Day_3,duration,22.0
S02-07,Day_3,study,2
S02-07,Day_3,visit,3
S02-07,Day_3,substance,Cyclosporine (clinical dose)
S02-07,Day_3,H,0.418
S02-07,Day_3,ve,0.23
S02-07,Day_3,khe,0.00320547469269102
S02-07,Day_3,Th,949.3400297963186
S02-07,Day_3,Kbh,0.0010533633562408093
S02-07,Day_3,Khe,0.013936846489960955
S02-07,Day_3,kbh,0.0008110897843054231
S02-07,Day_3,E,0.12707795630010998
S02-07,Day_3,Ktrans,0.002798129519772122
