subject,study,parameter,value
S13-01,Day_1,FA,20.0
S13-01,Day_1,TR,0.0058
S13-01,Day_1,n0,4
S13-01,Day_1,center,G
S13-01,Day_1,field_strength,4.7
S13-01,Day_1,BAT,285.0
S13-01,Day_1,duration,30.0
S13-01,Day_1,study,13
S13-01,Day_1,visit,1
S13-01,Day_1,substance,Placebo
S13-01,Day_1,H,0.418
S13-01,Day_1,ve,0.23
S13-01,Day_1,khe,0.01969972853785062
S13-01,Day_1,Th,153.71163633413184
S13-01,Day_1,Kbh,0.00650568833856041
S13-01,Day_1,Khe,0.08565099364282878
S13-01,Day_1,kbh,0.005009380020691515
S13-01,Day_1,E,0.47220347379420796
S13-01,Day_1,Ktrans,0.010397448289474663
