subject,study,parameter,value
S13-01,Day_1,FA,20.0
S13-01,Day_1,TR,0.0058
S13-01,Day_1,n0,4
S13-01,Day_1,center,G
S13-01,Day_1,field_strength,4.7
S13-01,Day_1,BAT,285.0
S13-01,Day_1,duration,30.0
S13-01,Day_1,study,13
S13-01,Day_1,visit,1
S13-01,Day_1,substance,Placebo
S13-01,Day_1,ve,0.23
S13-01,Day_1,Fp,0.022019
S13-01,Day_1,E,0.5837150266241425
S13-01,Day_1,Th,143.29949780820462
S13-01,Day_1,vol,1000
S13-01,Day_1,Ktrans,0.012852821171236995
S13-01,Day_1,khe,0.030875054333590793
S13-01,Day_1,Khe,0.13423936666778605
S13-01,Day_1,kbh,0.005373361468653476
S13-01,Day_1,Kbh,0.006978391517731788
S13-01,Day_1,Te,4.348314813408748
S13-01,Day_1,CL,30.875054333590793
