subject,study,parameter,value
S06-02,Day_1,FA,20.0
S06-02,Day_1,TR,0.0058
S06-02,Day_1,n0,4
S06-02,Day_1,center,E
S06-02,Day_1,field_strength,7.0
S06-02,Day_1,substance,Pioglitazone
S06-02,Day_1,BAT,285.0
S06-02,Day_1,duration,30.0
S06-02,Day_1,study,6
S06-02,Day_1,visit,1
S06-02,Day_1,H,0.418
S06-02,Day_1,ve,0.23
S06-02,Day_1,khe,0.029691638034117313
S06-02,Day_1,Th,210.5232750903291
S06-02,Day_1,Kbh,0.004750068606765359
S06-02,Day_1,Khe,0.1290940784092057
S06-02,Day_1,kbh,0.0036575528272093268
S06-02,Day_1,E,0.5741881973014442
S06-02,Day_1,Ktrans,0.012643049916380496
