subject,study,parameter,value
S02-03,Day_1,FA,20.0
S02-03,Day_1,TR,0.0058
S02-03,Day_1,n0,4
S02-03,Day_1,center,E
S02-03,Day_1,field_strength,7.0
S02-03,Day_1,BAT,285.0
S02-03,Day_1,duration,30.0
S02-03,Day_1,study,2
S02-03,Day_1,visit,1
S02-03,Day_1,substance,Placebo
S02-03,Day_1,H,0.418
S02-03,Day_1,ve,0.23
S02-03,Day_1,khe,0.042474011529238305
S02-03,Day_1,Th,155.54174867327228
S02-03,Day_1,Kbh,0.006429142069764041
S02-03,Day_1,Khe,0.18466961534451437
S02-03,Day_1,kbh,0.0049504393937183115
S02-03,Day_1,E,0.658583163076242
S02-03,Day_1,Ktrans,0.014501342667775773
