subject,study,parameter,value
S02-03,Day_1,FA,20.0
S02-03,Day_1,TR,0.0058
S02-03,Day_1,n0,4
S02-03,Day_1,center,E
S02-03,Day_1,field_strength,7.0
S02-03,Day_1,BAT,285.0
S02-03,Day_1,duration,30.0
S02-03,Day_1,study,2
S02-03,Day_1,visit,1
S02-03,Day_1,substance,Placebo
S02-03,Day_1,ve,0.23
S02-03,Day_1,Fp,0.022019
S02-03,Day_1,E,0.899999966363688
S02-03,Day_1,Th,197.18919431554377
S02-03,Day_1,vol,1000
S02-03,Day_1,Ktrans,0.019817099259362047
S02-03,Day_1,khe,0.19817092593622943
S02-03,Day_1,Khe,0.8616127214618671
S02-03,Day_1,kbh,0.0039048792844492263
S02-03,Day_1,Kbh,0.0050712717979860085
S02-03,Day_1,Te,1.044552783339469
S02-03,Day_1,CL,198.17092593622942
