subject,study,parameter,value
S14-11,Day_4,FA,30.0
S14-11,Day_4,TR,0.036
S14-11,Day_4,n0,4
S14-11,Day_4,center,A
S14-11,Day_4,field_strength,7.0
S14-11,Day_4,BAT,285.0
S14-11,Day_4,duration,30.0
S14-11,Day_4,study,14
S14-11,Day_4,visit,4
S14-11,Day_4,substance,Rifampicin (high dose)
S14-11,Day_4,H,0.418
S14-11,Day_4,ve,0.23
S14-11,Day_4,khe,0.004890993688220184
S14-11,Day_4,Th,600.6387565495288
S14-11,Day_4,Kbh,0.0016648942298440241
S14-11,Day_4,Khe,0.021265189948783406
S14-11,Day_4,kbh,0.0012819685569798985
S14-11,Day_4,E,0.18175380287663204
S14-11,Day_4,Ktrans,0.004002036985540561
