subject,study,parameter,value
S14-11,Day_4,FA,30.0
S14-11,Day_4,TR,0.036
S14-11,Day_4,n0,4
S14-11,Day_4,center,A
S14-11,Day_4,field_strength,7.0
S14-11,Day_4,BAT,285.0
S14-11,Day_4,duration,30.0
S14-11,Day_4,study,14
S14-11,Day_4,visit,4
S14-11,Day_4,study arm,Rifampicin (high dose)
S14-11,Day_4,substance,Rifampicin (high dose)
S14-11,Day_4,ve,0.23
S14-11,Day_4,Fp,0.022019
S14-11,Day_4,E,0.13497536535913549
S14-11,Day_4,Th,573.7542921731067
S14-11,Day_4,vol,1000
S14-11,Day_4,Ktrans,0.0029720225698428044
S14-11,Day_4,khe,0.0034357663941868084
S14-11,Day_4,Khe,0.01493811475733395
S14-11,Day_4,kbh,0.0013420378906162226
S14-11,Day_4,Kbh,0.0017429063514496398
S14-11,Day_4,Te,9.035635858458551
S14-11,Day_4,CL,3.4357663941868086
