subject,study,parameter,value
S14-09,Day_3,FA,30.0
S14-09,Day_3,TR,0.036
S14-09,Day_3,n0,4
S14-09,Day_3,center,A
S14-09,Day_3,field_strength,7.0
S14-09,Day_3,BAT,285.0
S14-09,Day_3,duration,30.0
S14-09,Day_3,study,14
S14-09,Day_3,visit,3
S14-09,Day_3,study arm,Placebo
S14-09,Day_3,substance,Placebo
S14-09,Day_3,ve,0.23
S14-09,Day_3,Fp,0.022019
S14-09,Day_3,E,0.3057120917567817
S14-09,Day_3,Th,336.1010419998204
S14-09,Day_3,vol,1000
S14-09,Day_3,Ktrans,0.0067314745483925765
S14-09,Day_3,khe,0.009695508834980965
S14-09,Day_3,Khe,0.04215438623904767
S14-09,Day_3,kbh,0.0022909777233014695
S14-09,Day_3,Kbh,0.0029752957445473628
S14-09,Day_3,Te,7.252201230570881
S14-09,Day_3,CL,9.695508834980965
