subject,study,parameter,value
S14-09,Day_3,FA,30.0
S14-09,Day_3,TR,0.036
S14-09,Day_3,n0,4
S14-09,Day_3,center,A
S14-09,Day_3,field_strength,7.0
S14-09,Day_3,BAT,285.0
S14-09,Day_3,duration,30.0
S14-09,Day_3,study,14
S14-09,Day_3,visit,3
S14-09,Day_3,substance,Placebo
S14-09,Day_3,H,0.418
S14-09,Day_3,ve,0.23
S14-09,Day_3,khe,0.010948378058096528
S14-09,Day_3,Th,350.44143662061373
S14-09,Day_3,Kbh,0.0028535438321541733
S14-09,Day_3,Khe,0.047601643730854466
S14-09,Day_3,kbh,0.0021972287507587137
S14-09,Day_3,E,0.33209732477975124
S14-09,Day_3,Ktrans,0.007312450994325343
