subject,study,parameter,value
S14-07,Day_4,FA,30.0
S14-07,Day_4,TR,0.036
S14-07,Day_4,n0,4
S14-07,Day_4,center,A
S14-07,Day_4,field_strength,7.0
S14-07,Day_4,BAT,285.0
S14-07,Day_4,duration,30.0
S14-07,Day_4,study,14
S14-07,Day_4,visit,4
S14-07,Day_4,substance,Rifampicin (clinical dose)
S14-07,Day_4,H,0.418
S14-07,Day_4,ve,0.23
S14-07,Day_4,khe,0.011654978411238118
S14-07,Day_4,Th,415.1225225751969
S14-07,Day_4,Kbh,0.0024089273542580577
S14-07,Day_4,Khe,0.05067381917929616
S14-07,Day_4,kbh,0.0018548740627787046
S14-07,Day_4,E,0.34611230870625215
S14-07,Day_4,Ktrans,0.007621046925402967
