subject,study,parameter,value
S14-07,Day_4,FA,30.0
S14-07,Day_4,TR,0.036
S14-07,Day_4,n0,4
S14-07,Day_4,center,A
S14-07,Day_4,field_strength,7.0
S14-07,Day_4,BAT,285.0
S14-07,Day_4,duration,30.0
S14-07,Day_4,study,14
S14-07,Day_4,visit,4
S14-07,Day_4,study arm,Rifampicin (clinical dose)
S14-07,Day_4,substance,Rifampicin (clinical dose)
S14-07,Day_4,ve,0.23
S14-07,Day_4,Fp,0.022019
S14-07,Day_4,E,0.3237959700742758
S14-07,Day_4,Th,398.50892533062506
S14-07,Day_4,vol,1000
S14-07,Day_4,Ktrans,0.007129663465065479
S14-07,Day_4,khe,0.010543657164907192
S14-07,Day_4,Khe,0.04584198767350953
S14-07,Day_4,kbh,0.0019322026460540762
S14-07,Day_4,Kbh,0.0025093540857845146
S14-07,Day_4,Te,7.063305639807282
S14-07,Day_4,CL,10.543657164907192
