subject,study,parameter,value
S08-01,Day_1,FA,20.0
S08-01,Day_1,TR,0.0058
S08-01,Day_1,n0,4
S08-01,Day_1,center,G
S08-01,Day_1,field_strength,4.7
S08-01,Day_1,substance,Cyclosporine
S08-01,Day_1,BAT,285.0
S08-01,Day_1,duration,30.0
S08-01,Day_1,study,8
S08-01,Day_1,visit,1
S08-01,Day_1,H,0.418
S08-01,Day_1,ve,0.23
S08-01,Day_1,khe,0.029344480113428977
S08-01,Day_1,Th,408.26204491516353
S08-01,Day_1,Kbh,0.0024494072188557207
S08-01,Day_1,Khe,0.12758469614534337
S08-01,Day_1,kbh,0.001886043558518905
S08-01,Day_1,E,0.5713102003335024
S08-01,Day_1,Ktrans,0.01257967930114339
S08-01,Day_2,FA,20.0
S08-01,Day_2,TR,0.0058
S08-01,Day_2,n0,4
S08-01,Day_2,center,G
S08-01,Day_2,field_strength,4.7
S08-01,Day_2,substance,Cyclosporine
S08-01,Day_2,BAT,285.0
S08-01,Day_2,duration,30.0
S08-01,Day_2,study,8
S08-01,Day_2,visit,2
S08-01,Day_2,H,0.418
S08-01,Day_2,ve,0.23
S08-01,Day_2,khe,0.003034090229007072
S08-01,Day_2,Th,850.0427662400228
S08-01,Day_2,Kbh,0.0011764113991855727
S08-01,Day_2,Khe,0.013191696647856835
S08-01,Day_2,kbh,0.000905836777372891
S08-01,Day_2,E,0.12110642644371787
S08-01,Day_2,Ktrans,0.002666642403864224
S08-02,Day_1,FA,20.0
S08-02,Day_1,TR,0.0058
S08-02,Day_1,n0,4
S08-02,Day_1,center,G
S08-02,Day_1,field_strength,4.7
S08-02,Day_1,substance,Cyclosporine
S08-02,Day_1,BAT,285.0
S08-02,Day_1,duration,30.0
S08-02,Day_1,study,8
S08-02,Day_1,visit,1
S08-02,Day_1,H,0.418
S08-02,Day_1,ve,0.23
S08-02,Day_1,khe,0.027848903596773045
S08-02,Day_1,Th,269.0488763691191
S08-02,Day_1,Kbh,0.0037167967898444564
S08-02,Day_1,Khe,0.12108218955118714
S08-02,Day_1,kbh,0.002861933528180232
S08-02,Day_1,E,0.5584534658195487
S08-02,Day_1,Ktrans,0.012296586863880642
S08-02,Day_2,FA,20.0
S08-02,Day_2,TR,0.0058
S08-02,Day_2,n0,4
S08-02,Day_2,center,G
S08-02,Day_2,field_strength,4.7
S08-02,Day_2,substance,Cyclosporine
S08-02,Day_2,BAT,285.0
S08-02,Day_2,duration,30.0
S08-02,Day_2,study,8
S08-02,Day_2,visit,2
S08-02,Day_2,H,0.418
S08-02,Day_2,ve,0.23
S08-02,Day_2,khe,0.0030933901203541317
S08-02,Day_2,Th,742.1097153770512
S08-02,Day_2,Kbh,0.0013475096461874508
S08-02,Day_2,Khe,0.013449522262409268
S08-02,Day_2,kbh,0.001037582427564337
S08-02,Day_2,E,0.12318182799521232
S08-02,Day_2,Ktrans,0.0027123406706265796
S08-03,Day_1,FA,20.0
S08-03,Day_1,TR,0.0058
S08-03,Day_1,n0,4
S08-03,Day_1,center,G
S08-03,Day_1,field_strength,4.7
S08-03,Day_1,substance,Cyclosporine
S08-03,Day_1,BAT,285.0
S08-03,Day_1,duration,30.0
S08-03,Day_1,study,8
S08-03,Day_1,visit,1
S08-03,Day_1,H,0.418
S08-03,Day_1,ve,0.23
S08-03,Day_1,khe,0.01972806580715292
S08-03,Day_1,Th,383.8724038629131
S08-03,Day_1,Kbh,0.0026050322709759463
S08-03,Day_1,Khe,0.08577419916153443
S08-03,Day_1,kbh,0.0020058748486514785
S08-03,Day_1,E,0.4725617339979071
S08-03,Day_1,Ktrans,0.010405336820899915
S08-03,Day_2,FA,20.0
S08-03,Day_2,TR,0.0058
S08-03,Day_2,n0,4
S08-03,Day_2,center,G
S08-03,Day_2,field_strength,4.7
S08-03,Day_2,substance,Cyclosporine
S08-03,Day_2,BAT,285.0
S08-03,Day_2,duration,30.0
S08-03,Day_2,study,8
S08-03,Day_2,visit,2
S08-03,Day_2,H,0.418
S08-03,Day_2,ve,0.23
S08-03,Day_2,khe,0.0022142311383702503
S08-03,Day_2,Th,1076.77145409349
S08-03,Day_2,Kbh,0.0009287021829919123
S08-03,Day_2,Khe,0.00962709190595761
S08-03,Day_2,kbh,0.0007151006809037726
S08-03,Day_2,E,0.09137168402047285
S08-03,Day_2,Ktrans,0.002011913110446792
S08-04,Day_1,FA,20.0
S08-04,Day_1,TR,0.0058
S08-04,Day_1,n0,4
S08-04,Day_1,center,G
S08-04,Day_1,field_strength,4.7
S08-04,Day_1,substance,Cyclosporine
S08-04,Day_1,BAT,285.0
S08-04,Day_1,duration,30.0
S08-04,Day_1,study,8
S08-04,Day_1,visit,1
S08-04,Day_1,H,0.418
S08-04,Day_1,ve,0.23
S08-04,Day_1,khe,0.018831861006616712
S08-04,Day_1,Th,435.38782163169355
S08-04,Day_1,Kbh,0.002296802873935062
S08-04,Day_1,Khe,0.08187765655050744
S08-04,Day_1,kbh,0.001768538212929998
S08-04,Day_1,E,0.46099055301591985
S08-04,Day_1,Ktrans,0.010150550986857538
S08-04,Day_2,FA,20.0
S08-04,Day_2,TR,0.0058
S08-04,Day_2,n0,4
S08-04,Day_2,center,G
S08-04,Day_2,field_strength,4.7
S08-04,Day_2,substance,Cyclosporine
S08-04,Day_2,BAT,285.0
S08-04,Day_2,duration,30.0
S08-04,Day_2,study,8
S08-04,Day_2,visit,2
S08-04,Day_2,H,0.418
S08-04,Day_2,ve,0.23
S08-04,Day_2,khe,0.0027963171264090672
S08-04,Day_2,Th,759.1093775882085
S08-04,Day_2,Kbh,0.0013173332190640735
S08-04,Day_2,Khe,0.012157900549604639
S08-04,Day_2,kbh,0.0010143465786793366
S08-04,Day_2,E,0.11268512556839978
S08-04,Day_2,Ktrans,0.0024812137798905947
S08-05,Day_1,FA,20.0
S08-05,Day_1,TR,0.0058
S08-05,Day_1,n0,4
S08-05,Day_1,center,G
S08-05,Day_1,field_strength,4.7
S08-05,Day_1,substance,Cyclosporine
S08-05,Day_1,BAT,285.0
S08-05,Day_1,duration,30.0
S08-05,Day_1,study,8
S08-05,Day_1,visit,1
S08-05,Day_1,H,0.418
S08-05,Day_1,ve,0.23
S08-05,Day_1,khe,0.02596097822838005
S08-05,Day_1,Th,262.09257785144354
S08-05,Day_1,Kbh,0.003815445703185113
S08-05,Day_1,Khe,0.11287381838426108
S08-05,Day_1,kbh,0.002937893191452537
S08-05,Day_1,E,0.5410794082650123
S08-05,Day_1,Ktrans,0.011914027490587304
S08-05,Day_2,FA,20.0
S08-05,Day_2,TR,0.0058
S08-05,Day_2,n0,4
S08-05,Day_2,center,G
S08-05,Day_2,field_strength,4.7
S08-05,Day_2,substance,Cyclosporine
S08-05,Day_2,BAT,285.0
S08-05,Day_2,duration,30.0
S08-05,Day_2,study,8
S08-05,Day_2,visit,2
S08-05,Day_2,H,0.418
S08-05,Day_2,ve,0.23
S08-05,Day_2,khe,0.0022447310227614297
S08-05,Day_2,Th,958.8061020200895
S08-05,Day_2,Kbh,0.0010429637419840361
S08-05,Day_2,Khe,0.009759700098962737
S08-05,Day_2,kbh,0.0008030820813277078
S08-05,Day_2,E,0.09251384383777098
S08-05,Day_2,Ktrans,0.002037062327463879
S08-06,Day_1,FA,20.0
S08-06,Day_1,TR,0.0058
S08-06,Day_1,n0,4
S08-06,Day_1,center,G
S08-06,Day_1,field_strength,4.7
S08-06,Day_1,substance,Cyclosporine
S08-06,Day_1,BAT,285.0
S08-06,Day_1,duration,30.0
S08-06,Day_1,study,8
S08-06,Day_1,visit,1
S08-06,Day_1,H,0.418
S08-06,Day_1,ve,0.23
S08-06,Day_1,khe,0.02544089836658933
S08-06,Day_1,Th,295.23739117749113
S08-06,Day_1,Kbh,0.0033871048514949754
S08-06,Day_1,Khe,0.11061260159386664
S08-06,Day_1,kbh,0.002608070735651131
S08-06,Day_1,E,0.5360504181884033
S08-06,Day_1,Ktrans,0.011803294158090453
S08-06,Day_2,FA,20.0
S08-06,Day_2,TR,0.0058
S08-06,Day_2,n0,4
S08-06,Day_2,center,G
S08-06,Day_2,field_strength,4.7
S08-06,Day_2,substance,Cyclosporine
S08-06,Day_2,BAT,285.0
S08-06,Day_2,duration,30.0
S08-06,Day_2,study,8
S08-06,Day_2,visit,2
S08-06,Day_2,H,0.418
S08-06,Day_2,ve,0.23
S08-06,Day_2,khe,0.001988952280237787
S08-06,Day_2,Th,1046.4813985394483
S08-06,Day_2,Kbh,0.0009555831583778542
S08-06,Day_2,Khe,0.008647618609729507
S08-06,Day_2,kbh,0.0007357990319509478
S08-06,Day_2,E,0.08284556121327342
S08-06,Day_2,Ktrans,0.0018241764123550675
