subject,study,parameter,value
S06-04,Day_2,FA,20.0
S06-04,Day_2,TR,0.0058
S06-04,Day_2,n0,4
S06-04,Day_2,center,E
S06-04,Day_2,field_strength,7.0
S06-04,Day_2,substance,Pioglitazone
S06-04,Day_2,BAT,285.0
S06-04,Day_2,duration,30.0
S06-04,Day_2,study,6
S06-04,Day_2,visit,2
S06-04,Day_2,H,0.418
S06-04,Day_2,ve,0.23
S06-04,Day_2,khe,0.01647581264404987
S06-04,Day_2,Th,203.26900484141353
S06-04,Day_2,Kbh,0.004919589195510552
S06-04,Day_2,Khe,0.07163396801760812
S06-04,Day_2,kbh,0.0037880836805431247
S06-04,Day_2,E,0.42800085290443746
S06-04,Day_2,Ktrans,0.00942415078010281
