subject,study,parameter,value
S06-04,Day_2,FA,20.0
S06-04,Day_2,TR,0.0058
S06-04,Day_2,n0,4
S06-04,Day_2,center,E
S06-04,Day_2,field_strength,7.0
S06-04,Day_2,substance,Pioglitazone
S06-04,Day_2,BAT,285.0
S06-04,Day_2,duration,30.0
S06-04,Day_2,study,6
S06-04,Day_2,visit,2
S06-04,Day_2,ve,0.23
S06-04,Day_2,Fp,0.022019
S06-04,Day_2,E,0.49077734725749983
S06-04,Day_2,Th,187.27100271047453
S06-04,Day_2,vol,1000
S06-04,Day_2,Ktrans,0.010806426409262888
S06-04,Day_2,khe,0.021221417293718473
S06-04,Day_2,Khe,0.09226703171181944
S06-04,Day_2,kbh,0.004111688349265895
S06-04,Day_2,Kbh,0.005339854999046617
S06-04,Day_2,Te,5.319097603468598
S06-04,Day_2,CL,21.221417293718474
