subject,study,parameter,value
S07-05,Day_1,FA,20.0
S07-05,Day_1,TR,0.0058
S07-05,Day_1,n0,4
S07-05,Day_1,center,D
S07-05,Day_1,field_strength,4.7
S07-05,Day_1,substance,Ketoconazole
S07-05,Day_1,BAT,292.0
S07-05,Day_1,duration,22.0
S07-05,Day_1,study,7
S07-05,Day_1,visit,1
S07-05,Day_1,H,0.418
S07-05,Day_1,ve,0.23
S07-05,Day_1,khe,0.02079453366165658
S07-05,Day_1,Th,217.745080207239
S07-05,Day_1,Kbh,0.004592526265338576
S07-05,Day_1,Khe,0.090411015920246
S07-05,Day_1,kbh,0.0035362452243107036
S07-05,Day_1,E,0.48570000845970773
S07-05,Day_1,Ktrans,0.010694628486274302
