subject,study,parameter,value
S15-01,Day_1,FA,20.0
S15-01,Day_1,TR,0.0058
S15-01,Day_1,n0,4
S15-01,Day_1,center,D
S15-01,Day_1,field_strength,4.7
S15-01,Day_1,BAT,292.0
S15-01,Day_1,duration,22.0
S15-01,Day_1,study,15
S15-01,Day_1,visit,1
S15-01,Day_1,substance,Cyclosporine (clinical dose)
S15-01,Day_1,H,0.418
S15-01,Day_1,ve,0.23
S15-01,Day_1,khe,0.02154780466954955
S15-01,Day_1,Th,440.7060230095016
S15-01,Day_1,Kbh,0.0022690863019551697
S15-01,Day_1,Khe,0.09368610725891109
S15-01,Day_1,kbh,0.0017471964525054807
S15-01,Day_1,E,0.49459226658892674
S15-01,Day_1,Ktrans,0.01089042711802158
