subject,study,parameter,value
S15-01,Day_1,FA,20.0
S15-01,Day_1,TR,0.0058
S15-01,Day_1,n0,4
S15-01,Day_1,center,D
S15-01,Day_1,field_strength,4.7
S15-01,Day_1,BAT,292.0
S15-01,Day_1,duration,22.0
S15-01,Day_1,study,15
S15-01,Day_1,visit,1
S15-01,Day_1,study arm,Cyclosporine (clinical dose)
S15-01,Day_1,substance,Placebo
S15-01,Day_1,ve,0.23
S15-01,Day_1,Fp,0.022019
S15-01,Day_1,E,0.6033213704344708
S15-01,Day_1,Th,418.7582492088515
S15-01,Day_1,vol,1000
S15-01,Day_1,Ktrans,0.013284533255596613
S15-01,Day_1,khe,0.033489409979425365
S15-01,Day_1,Khe,0.14560613034532766
S15-01,Day_1,kbh,0.001838769747114809
S15-01,Day_1,Kbh,0.002388012658590661
S15-01,Day_1,Te,4.143516272313534
S15-01,Day_1,CL,33.48940997942537
