subject,study,parameter,value
S14-03,Day_4,FA,30.0
S14-03,Day_4,TR,0.036
S14-03,Day_4,n0,4
S14-03,Day_4,center,A
S14-03,Day_4,field_strength,7.0
S14-03,Day_4,BAT,285.0
S14-03,Day_4,duration,30.0
S14-03,Day_4,study,14
S14-03,Day_4,visit,4
S14-03,Day_4,study arm,Placebo
S14-03,Day_4,substance,Placebo
S14-03,Day_4,ve,0.23
S14-03,Day_4,Fp,0.022019
S14-03,Day_4,E,0.4489154252827092
S14-03,Day_4,Th,332.6005513885351
S14-03,Day_4,vol,1000
S14-03,Day_4,Ktrans,0.009884668749299974
S14-03,Day_4,khe,0.017936754543294665
S14-03,Day_4,Khe,0.07798588931867245
S14-03,Day_4,kbh,0.002315089367066342
S14-03,Day_4,Kbh,0.0030066095676186256
S14-03,Day_4,Te,5.75636732753426
S14-03,Day_4,CL,17.936754543294665
