subject,study,parameter,value
S14-03,Day_4,FA,30.0
S14-03,Day_4,TR,0.036
S14-03,Day_4,n0,4
S14-03,Day_4,center,A
S14-03,Day_4,field_strength,7.0
S14-03,Day_4,BAT,285.0
S14-03,Day_4,duration,30.0
S14-03,Day_4,study,14
S14-03,Day_4,visit,4
S14-03,Day_4,substance,Placebo
S14-03,Day_4,H,0.418
S14-03,Day_4,ve,0.23
S14-03,Day_4,khe,0.015904541727298917
S14-03,Day_4,Th,349.89480730936356
S14-03,Day_4,Kbh,0.002858001831149893
S14-03,Day_4,Khe,0.06915018142303876
S14-03,Day_4,kbh,0.0022006614099854176
S14-03,Day_4,E,0.4193843982628388
S14-03,Day_4,Ktrans,0.009234425065349449
