subject,study,parameter,value
S03-03,Day_1,FA,20.0
S03-03,Day_1,TR,0.0058
S03-03,Day_1,n0,4
S03-03,Day_1,center,G
S03-03,Day_1,field_strength,7.0
S03-03,Day_1,BAT,285.0
S03-03,Day_1,duration,30.0
S03-03,Day_1,study,3
S03-03,Day_1,visit,1
S03-03,Day_1,substance,Placebo
S03-03,Day_1,ve,0.23
S03-03,Day_1,Fp,0.022019
S03-03,Day_1,E,0.6218009428996886
S03-03,Day_1,Th,301.86911270179047
S03-03,Day_1,vol,1000
S03-03,Day_1,Ktrans,0.013691434961708243
S03-03,Day_1,khe,0.03620166339567791
S03-03,Day_1,Khe,0.1573985365029474
S03-03,Day_1,kbh,0.002550774383998224
S03-03,Day_1,Kbh,0.0033126940051924985
S03-03,Day_1,Te,3.9504874487066455
S03-03,Day_1,CL,36.20166339567791
