subject,study,parameter,value
S03-03,Day_1,FA,20.0
S03-03,Day_1,TR,0.0058
S03-03,Day_1,n0,4
S03-03,Day_1,center,G
S03-03,Day_1,field_strength,7.0
S03-03,Day_1,BAT,285.0
S03-03,Day_1,duration,30.0
S03-03,Day_1,study,3
S03-03,Day_1,visit,1
S03-03,Day_1,substance,Placebo
S03-03,Day_1,H,0.418
S03-03,Day_1,ve,0.23
S03-03,Day_1,khe,0.021655347648425832
S03-03,Day_1,Th,321.5962012257524
S03-03,Day_1,Kbh,0.0031094894659468484
S03-03,Day_1,Khe,0.0941536854279384
S03-03,Day_1,kbh,0.0023943068887790735
S03-03,Day_1,E,0.49583677408874505
S03-03,Day_1,Ktrans,0.010917829928660076
