subject,study,parameter,value
S05-06,Day_1,FA,20.0
S05-06,Day_1,TR,0.0058
S05-06,Day_1,n0,4
S05-06,Day_1,center,E
S05-06,Day_1,field_strength,7.0
S05-06,Day_1,substance,Placebo
S05-06,Day_1,BAT,285.0
S05-06,Day_1,duration,30.0
S05-06,Day_1,study,5
S05-06,Day_1,visit,1
S05-06,Day_1,ve,0.23
S05-06,Day_1,Fp,0.022019
S05-06,Day_1,E,0.5301515199850745
S05-06,Day_1,Th,158.26660961356586
S05-06,Day_1,vol,1000
S05-06,Day_1,Ktrans,0.011673406318551354
S05-06,Day_1,khe,0.02484504433893354
S05-06,Day_1,Khe,0.1080219319084067
S05-06,Day_1,kbh,0.0048652081565409315
S05-06,Day_1,Kbh,0.006318452151351859
S05-06,Day_1,Te,4.907813724666555
S05-06,Day_1,CL,24.84504433893354
