subject,study,parameter,value
S05-06,Day_1,FA,20.0
S05-06,Day_1,TR,0.0058
S05-06,Day_1,n0,4
S05-06,Day_1,center,E
S05-06,Day_1,field_strength,7.0
S05-06,Day_1,substance,Placebo
S05-06,Day_1,BAT,285.0
S05-06,Day_1,duration,30.0
S05-06,Day_1,study,5
S05-06,Day_1,visit,1
S05-06,Day_1,H,0.418
S05-06,Day_1,ve,0.23
S05-06,Day_1,khe,0.017559785763174973
S05-06,Day_1,Th,172.51059637944104
S05-06,Day_1,Kbh,0.00579674536513964
S05-06,Day_1,Khe,0.07634689462249988
S05-06,Day_1,kbh,0.004463493931157523
S05-06,Day_1,E,0.4436666114075942
S05-06,Day_1,Ktrans,0.009769095116583816
