subject,study,parameter,value
S15-07,Day_2,FA,20.0
S15-07,Day_2,TR,0.0058
S15-07,Day_2,n0,4
S15-07,Day_2,center,D
S15-07,Day_2,field_strength,4.7
S15-07,Day_2,BAT,292.0
S15-07,Day_2,duration,22.0
S15-07,Day_2,study,15
S15-07,Day_2,visit,2
S15-07,Day_2,study arm,Cyclosporine (clinical dose)
S15-07,Day_2,substance,Cyclosporine (clinical dose)
S15-07,Day_2,ve,0.23
S15-07,Day_2,Fp,0.022019
S15-07,Day_2,E,0.08625935367653993
S15-07,Day_2,Th,717.9661161825488
S15-07,Day_2,vol,1000
S15-07,Day_2,Ktrans,0.0018993447086037328
S15-07,Day_2,khe,0.0020786474983311327
S15-07,Day_2,Khe,0.009037597818831011
S15-07,Day_2,kbh,0.0010724740104646124
S15-07,Day_2,Kbh,0.0013928233902137824
S15-07,Day_2,Te,9.544500143257906
S15-07,Day_2,CL,2.078647498331133
