subject,study,parameter,value
S15-07,Day_2,FA,20.0
S15-07,Day_2,TR,0.0058
S15-07,Day_2,n0,4
S15-07,Day_2,center,D
S15-07,Day_2,field_strength,4.7
S15-07,Day_2,BAT,292.0
S15-07,Day_2,duration,22.0
S15-07,Day_2,study,15
S15-07,Day_2,visit,2
S15-07,Day_2,substance,Cyclosporine (clinical dose)
S15-07,Day_2,H,0.418
S15-07,Day_2,ve,0.23
S15-07,Day_2,khe,0.0031541815988880622
S15-07,Day_2,Th,751.7787217637635
S15-07,Day_2,Kbh,0.0013301786430638517
S15-07,Day_2,Khe,0.013713833038643748
S15-07,Day_2,kbh,0.001024237555159166
S15-07,Day_2,E,0.1252992827504723
S15-07,Day_2,Ktrans,0.00275896490688265
