subject,study,parameter,value
S06-02,Day_2,FA,20.0
S06-02,Day_2,TR,0.0058
S06-02,Day_2,n0,4
S06-02,Day_2,center,E
S06-02,Day_2,field_strength,7.0
S06-02,Day_2,substance,Pioglitazone
S06-02,Day_2,BAT,285.0
S06-02,Day_2,duration,30.0
S06-02,Day_2,study,6
S06-02,Day_2,visit,2
S06-02,Day_2,ve,0.23
S06-02,Day_2,Fp,0.022019
S06-02,Day_2,E,0.8103109521067735
S06-02,Day_2,Th,236.68132855500775
S06-02,Day_2,vol,1000
S06-02,Day_2,Ktrans,0.017842236854439045
S06-02,Day_2,khe,0.0940604481524005
S06-02,Day_2,Khe,0.4089584702278282
S06-02,Day_2,kbh,0.0032533195782743895
S06-02,Day_2,Kbh,0.004225090361395311
S06-02,Day_2,Te,1.9814015629884234
S06-02,Day_2,CL,94.0604481524005
