subject,study,parameter,value
S06-02,Day_2,FA,20.0
S06-02,Day_2,TR,0.0058
S06-02,Day_2,n0,4
S06-02,Day_2,center,E
S06-02,Day_2,field_strength,7.0
S06-02,Day_2,substance,Pioglitazone
S06-02,Day_2,BAT,285.0
S06-02,Day_2,duration,30.0
S06-02,Day_2,study,6
S06-02,Day_2,visit,2
S06-02,Day_2,H,0.418
S06-02,Day_2,ve,0.23
S06-02,Day_2,khe,0.027916443819198913
S06-02,Day_2,Th,251.77423119279285
S06-02,Day_2,Kbh,0.0039718123465711744
S06-02,Day_2,Khe,0.12137584269216918
S06-02,Day_2,kbh,0.0030582955068598045
S06-02,Day_2,E,0.5590506799193752
S06-02,Day_2,Ktrans,0.012309736921144721
