subject,study,parameter,value
S03-04,Day_1,FA,20.0
S03-04,Day_1,TR,0.0058
S03-04,Day_1,n0,4
S03-04,Day_1,center,G
S03-04,Day_1,field_strength,7.0
S03-04,Day_1,BAT,285.0
S03-04,Day_1,duration,30.0
S03-04,Day_1,study,3
S03-04,Day_1,visit,1
S03-04,Day_1,substance,Bosentan (clinical dose)
S03-04,Day_1,H,0.418
S03-04,Day_1,ve,0.23
S03-04,Day_1,khe,0.025618627153378558
S03-04,Day_1,Th,248.55951240526545
S03-04,Day_1,Kbh,0.004023181371427634
S03-04,Day_1,Khe,0.11138533544947199
S03-04,Day_1,kbh,0.0030978496559992785
S03-04,Day_1,E,0.5377813439551561
S03-04,Day_1,Ktrans,0.011841407412548582
