subject,study,parameter,value
S02-03,Day_1,FA,20.0
S02-03,Day_1,TR,0.0058
S02-03,Day_1,n0,4
S02-03,Day_1,center,D
S02-03,Day_1,field_strength,4.7
S02-03,Day_1,BAT,292.0
S02-03,Day_1,duration,22.0
S02-03,Day_1,study,2
S02-03,Day_1,visit,1
S02-03,Day_1,substance,Placebo
S02-03,Day_1,H,0.418
S02-03,Day_1,ve,0.23
S02-03,Day_1,khe,0.029707696157841048
S02-03,Day_1,Th,319.8812248039985
S02-03,Day_1,Kbh,0.003126160344711485
S02-03,Day_1,Khe,0.12916389633843933
S02-03,Day_1,kbh,0.0024071434654278434
S02-03,Day_1,E,0.5743203870432729
S02-03,Day_1,Ktrans,0.012645960602305824
