subject,study,parameter,value
S02-12,Day_3,FA,20.0
S02-12,Day_3,TR,0.0058
S02-12,Day_3,n0,4
S02-12,Day_3,center,D
S02-12,Day_3,field_strength,4.7
S02-12,Day_3,BAT,292.0
S02-12,Day_3,duration,22.0
S02-12,Day_3,study,2
S02-12,Day_3,visit,3
S02-12,Day_3,substance,Cyclosporine (clinical dose)
S02-12,Day_3,H,0.418
S02-12,Day_3,ve,0.23
S02-12,Day_3,khe,0.0037803396431035333
S02-12,Day_3,Th,875.3171626467207
S02-12,Day_3,Kbh,0.0011424430397049138
S02-12,Day_3,Khe,0.01643625931784145
S02-12,Day_3,kbh,0.0008796811405727837
S02-12,Day_3,E,0.14652854279989536
S02-12,Day_3,Ktrans,0.003226411983910896
