subject,study,parameter,value
S11-02,Day_2,FA,20.0
S11-02,Day_2,TR,0.0058
S11-02,Day_2,n0,4
S11-02,Day_2,center,G
S11-02,Day_2,field_strength,7.0
S11-02,Day_2,BAT,285.0
S11-02,Day_2,duration,30.0
S11-02,Day_2,study,11
S11-02,Day_2,visit,2
S11-02,Day_2,study arm,Bosentan (clinical dose)
S11-02,Day_2,substance,Bosentan (clinical dose)
S11-02,Day_2,ve,0.23
S11-02,Day_2,Fp,0.022019
S11-02,Day_2,E,0.6440106557224949
S11-02,Day_2,Th,270.7683512841613
S11-02,Day_2,vol,1000
S11-02,Day_2,Ktrans,0.014180470628353616
S11-02,Day_2,khe,0.03983397496667621
S11-02,Day_2,Khe,0.17319119550728787
S11-02,Day_2,kbh,0.0028437592368094513
S11-02,Day_2,Kbh,0.0036931938140382483
S11-02,Day_2,Te,3.7184953532779037
S11-02,Day_2,CL,39.833974966676216
