subject,study,parameter,value
S11-02,Day_2,FA,20.0
S11-02,Day_2,TR,0.0058
S11-02,Day_2,n0,4
S11-02,Day_2,center,G
S11-02,Day_2,field_strength,7.0
S11-02,Day_2,BAT,285.0
S11-02,Day_2,duration,30.0
S11-02,Day_2,study,11
S11-02,Day_2,visit,2
S11-02,Day_2,substance,Bosentan (clinical dose)
S11-02,Day_2,H,0.418
S11-02,Day_2,ve,0.23
S11-02,Day_2,khe,0.022294883549338743
S11-02,Day_2,Th,288.9982085157936
S11-02,Day_2,Kbh,0.003460229062095901
S11-02,Day_2,Khe,0.09693427630147279
S11-02,Day_2,kbh,0.0026643763778138436
S11-02,Day_2,E,0.5031128342546595
S11-02,Day_2,Ktrans,0.011078041497453346
