subject,study,parameter,value
S05-04,Day_2,FA,20.0
S05-04,Day_2,TR,0.0058
S05-04,Day_2,n0,4
S05-04,Day_2,center,E
S05-04,Day_2,field_strength,7.0
S05-04,Day_2,substance,Asunaprevir
S05-04,Day_2,BAT,285.0
S05-04,Day_2,duration,30.0
S05-04,Day_2,study,5
S05-04,Day_2,visit,2
S05-04,Day_2,ve,0.23
S05-04,Day_2,Fp,0.022019
S05-04,Day_2,E,0.4507792913484652
S05-04,Day_2,Th,189.95315505168108
S05-04,Day_2,vol,1000
S05-04,Day_2,Ktrans,0.009925709216201856
S05-04,Day_2,khe,0.018072350623070627
S05-04,Day_2,Khe,0.07857543749161142
S05-04,Day_2,kbh,0.004053631011238029
S05-04,Day_2,Kbh,0.005264455858750686
S05-04,Day_2,Te,5.736898269215359
S05-04,Day_2,CL,18.072350623070626
