subject,study,parameter,value
S05-04,Day_2,FA,20.0
S05-04,Day_2,TR,0.0058
S05-04,Day_2,n0,4
S05-04,Day_2,center,E
S05-04,Day_2,field_strength,7.0
S05-04,Day_2,substance,Asunaprevir
S05-04,Day_2,BAT,285.0
S05-04,Day_2,duration,30.0
S05-04,Day_2,study,5
S05-04,Day_2,visit,2
S05-04,Day_2,H,0.418
S05-04,Day_2,ve,0.23
S05-04,Day_2,khe,0.015099653093160434
S05-04,Day_2,Th,206.4953881995226
S05-04,Day_2,Kbh,0.004842723165486714
S05-04,Day_2,Khe,0.06565066562243667
S05-04,Day_2,kbh,0.00372889683742477
S05-04,Day_2,E,0.4067942081643779
S05-04,Day_2,Ktrans,0.008957201669571436
