subject,study,parameter,value
S14-09,Day_4,FA,30.0
S14-09,Day_4,TR,0.036
S14-09,Day_4,n0,4
S14-09,Day_4,center,A
S14-09,Day_4,field_strength,7.0
S14-09,Day_4,BAT,285.0
S14-09,Day_4,duration,30.0
S14-09,Day_4,study,14
S14-09,Day_4,visit,4
S14-09,Day_4,study arm,Placebo
S14-09,Day_4,substance,Placebo
S14-09,Day_4,ve,0.23
S14-09,Day_4,Fp,0.022019
S14-09,Day_4,E,0.3310349758102172
S14-09,Day_4,Th,379.8433578719199
S14-09,Day_4,vol,1000
S14-09,Day_4,Ktrans,0.007289059132365172
S14-09,Day_4,khe,0.010896024259554254
S14-09,Day_4,Khe,0.0473740185198011
S14-09,Day_4,kbh,0.002027151413977437
S14-09,Day_4,Kbh,0.002632664173996671
S14-09,Day_4,Te,6.987690429340572
S14-09,Day_4,CL,10.896024259554254
