subject,study,parameter,value
S14-09,Day_4,FA,30.0
S14-09,Day_4,TR,0.036
S14-09,Day_4,n0,4
S14-09,Day_4,center,A
S14-09,Day_4,field_strength,7.0
S14-09,Day_4,BAT,285.0
S14-09,Day_4,duration,30.0
S14-09,Day_4,study,14
S14-09,Day_4,visit,4
S14-09,Day_4,substance,Placebo
S14-09,Day_4,H,0.418
S14-09,Day_4,ve,0.23
S14-09,Day_4,khe,0.01180828546807519
S14-09,Day_4,Th,398.75352004111625
S14-09,Day_4,Kbh,0.002507814852385223
S14-09,Day_4,Khe,0.05134037160032691
S14-09,Day_4,kbh,0.0019310174363366217
S14-09,Day_4,E,0.34907576250004946
S14-09,Day_4,Ktrans,0.00768629921448859
