subject,study,parameter,value
S13-06,Day_1,FA,20.0
S13-06,Day_1,TR,0.0058
S13-06,Day_1,n0,4
S13-06,Day_1,center,G
S13-06,Day_1,field_strength,7.0
S13-06,Day_1,BAT,285.0
S13-06,Day_1,duration,30.0
S13-06,Day_1,study,13
S13-06,Day_1,visit,1
S13-06,Day_1,substance,Placebo
S13-06,Day_1,H,0.418
S13-06,Day_1,ve,0.23
S13-06,Day_1,khe,0.03712331304800008
S13-06,Day_1,Th,204.03429497126857
S13-06,Day_1,Kbh,0.0049011368414354885
S13-06,Day_1,Khe,0.16140570890434816
S13-06,Day_1,kbh,0.0037738753679053263
S13-06,Day_1,E,0.6276946425458654
S13-06,Day_1,Ktrans,0.01382120833421741
