subject,study,parameter,value
S15-07,Day_1,FA,20.0
S15-07,Day_1,TR,0.0058
S15-07,Day_1,n0,4
S15-07,Day_1,center,D
S15-07,Day_1,field_strength,4.7
S15-07,Day_1,BAT,292.0
S15-07,Day_1,duration,22.0
S15-07,Day_1,study,15
S15-07,Day_1,visit,1
S15-07,Day_1,substance,Cyclosporine (clinical dose)
S15-07,Day_1,H,0.418
S15-07,Day_1,ve,0.23
S15-07,Day_1,khe,0.02445892537807007
S15-07,Day_1,Th,380.1843295059971
S15-07,Day_1,Kbh,0.0026303030461549463
S15-07,Day_1,Khe,0.10634315381769596
S15-07,Day_1,kbh,0.002025333345539309
S15-07,Day_1,E,0.526248217387316
S15-07,Day_1,Ktrans,0.011587459498651313
