subject,study,parameter,value
S15-07,Day_1,FA,20.0
S15-07,Day_1,TR,0.0058
S15-07,Day_1,n0,4
S15-07,Day_1,center,D
S15-07,Day_1,field_strength,4.7
S15-07,Day_1,BAT,292.0
S15-07,Day_1,duration,22.0
S15-07,Day_1,study,15
S15-07,Day_1,visit,1
S15-07,Day_1,study arm,Cyclosporine (clinical dose)
S15-07,Day_1,substance,Placebo
S15-07,Day_1,ve,0.23
S15-07,Day_1,Fp,0.022019
S15-07,Day_1,E,0.687930402947554
S15-07,Day_1,Th,361.38145706956726
S15-07,Day_1,vol,1000
S15-07,Day_1,Ktrans,0.015147539542502192
S15-07,Day_1,khe,0.04853897875849956
S15-07,Day_1,Khe,0.21103903808043284
S15-07,Day_1,kbh,0.0021307125336311105
S15-07,Day_1,Kbh,0.0027671591345858576
S15-07,Day_1,Te,3.2597305655144453
S15-07,Day_1,CL,48.53897875849956
