subject,study,parameter,value
S07-06,Day_1,FA,20.0
S07-06,Day_1,TR,0.0058
S07-06,Day_1,n0,4
S07-06,Day_1,center,D
S07-06,Day_1,field_strength,4.7
S07-06,Day_1,substance,Placebo
S07-06,Day_1,BAT,292.0
S07-06,Day_1,duration,22.0
S07-06,Day_1,study,7
S07-06,Day_1,visit,1
S07-06,Day_1,ve,0.23
S07-06,Day_1,Fp,0.022019
S07-06,Day_1,E,0.6674362128037915
S07-06,Day_1,Th,238.61833104187755
S07-06,Day_1,vol,1000
S07-06,Day_1,Ktrans,0.014696277969726685
S07-06,Day_1,khe,0.04419085461357242
S07-06,Day_1,Khe,0.19213415049379312
S07-06,Day_1,kbh,0.0032269105086686106
S07-06,Day_1,Kbh,0.004190792868400793
S07-06,Day_1,Te,3.4738031270778853
S07-06,Day_1,CL,44.19085461357242
