subject,study,parameter,value
S07-06,Day_1,FA,20.0
S07-06,Day_1,TR,0.0058
S07-06,Day_1,n0,4
S07-06,Day_1,center,D
S07-06,Day_1,field_strength,4.7
S07-06,Day_1,substance,Placebo
S07-06,Day_1,BAT,292.0
S07-06,Day_1,duration,22.0
S07-06,Day_1,study,7
S07-06,Day_1,visit,1
S07-06,Day_1,H,0.418
S07-06,Day_1,ve,0.23
S07-06,Day_1,khe,0.023152572026145
S07-06,Day_1,Th,254.39146756301957
S07-06,Day_1,Kbh,0.003930949451959403
S07-06,Day_1,Khe,0.10066335663541304
S07-06,Day_1,kbh,0.0030268310780087403
S07-06,Day_1,E,0.5125474050968262
S07-06,Day_1,Ktrans,0.011285781312827012
