subject,study,parameter,value
S12-01,Day_1,FA,20.0
S12-01,Day_1,TR,0.0058
S12-01,Day_1,n0,4
S12-01,Day_1,center,G
S12-01,Day_1,field_strength,4.7
S12-01,Day_1,substance,Rifampicin
S12-01,Day_1,BAT,285.0
S12-01,Day_1,duration,30.0
S12-01,Day_1,study,12
S12-01,Day_1,visit,1
S12-01,Day_2,FA,20.0
S12-01,Day_2,TR,0.0058
S12-01,Day_2,n0,4
S12-01,Day_2,center,G
S12-01,Day_2,field_strength,4.7
S12-01,Day_2,substance,Rifampicin
S12-01,Day_2,BAT,285.0
S12-01,Day_2,duration,30.0
S12-01,Day_2,study,12
S12-01,Day_2,visit,2
S12-02,Day_1,FA,20.0
S12-02,Day_1,TR,0.0058
S12-02,Day_1,n0,4
S12-02,Day_1,center,G
S12-02,Day_1,field_strength,4.7
S12-02,Day_1,substance,Rifampicin
S12-02,Day_1,BAT,285.0
S12-02,Day_1,duration,30.0
S12-02,Day_1,study,12
S12-02,Day_1,visit,1
S12-02,Day_2,FA,20.0
S12-02,Day_2,TR,0.0058
S12-02,Day_2,n0,4
S12-02,Day_2,center,G
S12-02,Day_2,field_strength,4.7
S12-02,Day_2,substance,Rifampicin
S12-02,Day_2,BAT,285.0
S12-02,Day_2,duration,30.0
S12-02,Day_2,study,12
S12-02,Day_2,visit,2
S12-03,Day_1,FA,20.0
S12-03,Day_1,TR,0.0058
S12-03,Day_1,n0,4
S12-03,Day_1,center,G
S12-03,Day_1,field_strength,4.7
S12-03,Day_1,substance,Rifampicin
S12-03,Day_1,BAT,285.0
S12-03,Day_1,duration,30.0
S12-03,Day_1,study,12
S12-03,Day_1,visit,1
S12-03,Day_2,FA,20.0
S12-03,Day_2,TR,0.0058
S12-03,Day_2,n0,4
S12-03,Day_2,center,G
S12-03,Day_2,field_strength,4.7
S12-03,Day_2,substance,Rifampicin
S12-03,Day_2,BAT,285.0
S12-03,Day_2,duration,30.0
S12-03,Day_2,study,12
S12-03,Day_2,visit,2
S12-04,Day_1,FA,20.0
S12-04,Day_1,TR,0.0058
S12-04,Day_1,n0,4
S12-04,Day_1,center,G
S12-04,Day_1,field_strength,4.7
S12-04,Day_1,substance,Rifampicin
S12-04,Day_1,BAT,285.0
S12-04,Day_1,duration,30.0
S12-04,Day_1,study,12
S12-04,Day_1,visit,1
S12-04,Day_2,FA,20.0
S12-04,Day_2,TR,0.0058
S12-04,Day_2,n0,4
S12-04,Day_2,center,G
S12-04,Day_2,field_strength,4.7
S12-04,Day_2,substance,Rifampicin
S12-04,Day_2,BAT,285.0
S12-04,Day_2,duration,30.0
S12-04,Day_2,study,12
S12-04,Day_2,visit,2
