subject,study,parameter,value
S12-02,Day_1,FA,20.0
S12-02,Day_1,TR,0.0058
S12-02,Day_1,n0,4
S12-02,Day_1,center,G
S12-02,Day_1,field_strength,4.7
S12-02,Day_1,substance,Placebo
S12-02,Day_1,BAT,285.0
S12-02,Day_1,duration,30.0
S12-02,Day_1,study,12
S12-02,Day_1,visit,1
S12-02,Day_1,H,0.418
S12-02,Day_1,ve,0.23
S12-02,Day_1,khe,0.02790392260118026
S12-02,Day_1,Th,259.61496232633783
S12-02,Day_1,Kbh,0.003851858117264416
S12-02,Day_1,Khe,0.1213214026138272
S12-02,Day_1,kbh,0.0029659307502936006
S12-02,Day_1,E,0.5589400849805328
S12-02,Day_1,Ktrans,0.012307301731186354
