subject,study,parameter,value
S12-02,Day_1,FA,20.0
S12-02,Day_1,TR,0.0058
S12-02,Day_1,n0,4
S12-02,Day_1,center,G
S12-02,Day_1,field_strength,4.7
S12-02,Day_1,substance,Placebo
S12-02,Day_1,BAT,285.0
S12-02,Day_1,duration,30.0
S12-02,Day_1,study,12
S12-02,Day_1,visit,1
S12-02,Day_1,ve,0.23
S12-02,Day_1,Fp,0.022019
S12-02,Day_1,E,0.7971350238698377
S12-02,Day_1,Th,246.09485817253997
S12-02,Day_1,vol,1000
S12-02,Day_1,Ktrans,0.017552116090589955
S12-02,Day_1,khe,0.08652117494805096
S12-02,Day_1,Khe,0.37617902151326504
S12-02,Day_1,kbh,0.0031288747994082187
S12-02,Day_1,Kbh,0.004063473765465219
S12-02,Day_1,Te,2.1190310418246665
S12-02,Day_1,CL,86.52117494805097
