subject,study,parameter,value
S02-01,Day_1,FA,20.0
S02-01,Day_1,TR,0.0058
S02-01,Day_1,n0,4
S02-01,Day_1,center,E
S02-01,Day_1,field_strength,7.0
S02-01,Day_1,BAT,285.0
S02-01,Day_1,duration,30.0
S02-01,Day_1,study,2
S02-01,Day_1,visit,1
S02-01,Day_1,substance,Placebo
S02-01,Day_1,H,0.418
S02-01,Day_1,ve,0.23
S02-01,Day_1,khe,0.03745564290139191
S02-01,Day_1,Th,263.3431141632576
S02-01,Day_1,Kbh,0.003797327312610336
S02-01,Day_1,Khe,0.1628506213103996
S02-01,Day_1,kbh,0.002923942030709959
S02-01,Day_1,E,0.6297749944206108
S02-01,Day_1,Ktrans,0.013867015602147429
