subject,study,parameter,value
S02-01,Day_1,FA,20.0
S02-01,Day_1,TR,0.0058
S02-01,Day_1,n0,4
S02-01,Day_1,center,E
S02-01,Day_1,field_strength,7.0
S02-01,Day_1,BAT,285.0
S02-01,Day_1,duration,30.0
S02-01,Day_1,study,2
S02-01,Day_1,visit,1
S02-01,Day_1,substance,Placebo
S02-01,Day_1,ve,0.23
S02-01,Day_1,Fp,0.022019
S02-01,Day_1,E,0.8999950178551479
S02-01,Day_1,Th,295.5332013000773
S02-01,Day_1,vol,1000
S02-01,Day_1,Ktrans,0.019816990298152502
S02-01,Day_1,khe,0.19816003036177343
S02-01,Day_1,Khe,0.8615653493990149
S02-01,Day_1,kbh,0.002605460221094281
S02-01,Day_1,Kbh,0.0033837145728497155
S02-01,Day_1,Te,1.0446044731057715
S02-01,Day_1,CL,198.16003036177344
