subject,study,parameter,value
S01-03,Day_2,FA,20.0
S01-03,Day_2,TR,0.0058
S01-03,Day_2,n0,4
S01-03,Day_2,center,D
S01-03,Day_2,field_strength,4.7
S01-03,Day_2,BAT,292.0
S01-03,Day_2,duration,22.0
S01-03,Day_2,study,1
S01-03,Day_2,visit,2
S01-03,Day_2,substance,Placebo
S01-03,Day_2,ve,0.23
S01-03,Day_2,Fp,0.022019
S01-03,Day_2,E,0.5107770483301841
S01-03,Day_2,Th,366.4459161244097
S01-03,Day_2,vol,1000
S01-03,Day_2,Ktrans,0.011246799827182324
S01-03,Day_2,khe,0.022989109134791703
S01-03,Day_2,Khe,0.09995264841213783
S01-03,Day_2,kbh,0.0021012650601858044
S01-03,Day_2,Kbh,0.002728915662578967
S01-03,Day_2,Te,5.110190239523033
S01-03,Day_2,CL,22.989109134791704
