subject,study,parameter,value
S01-03,Day_2,FA,20.0
S01-03,Day_2,TR,0.0058
S01-03,Day_2,n0,4
S01-03,Day_2,center,D
S01-03,Day_2,field_strength,4.7
S01-03,Day_2,BAT,292.0
S01-03,Day_2,duration,22.0
S01-03,Day_2,study,1
S01-03,Day_2,visit,2
S01-03,Day_2,substance,Placebo
S01-03,Day_2,H,0.418
S01-03,Day_2,ve,0.23
S01-03,Day_2,khe,0.01811007109247954
S01-03,Day_2,Th,387.30138000170183
S01-03,Day_2,Kbh,0.0025819685950915173
S01-03,Day_2,Khe,0.07873943953251973
S01-03,Day_2,kbh,0.0019881158182204683
S01-03,Day_2,E,0.4512955470796704
S01-03,Day_2,Ktrans,0.00993707665114726
