subject,study,parameter,value
S14-07,Day_3,FA,30.0
S14-07,Day_3,TR,0.036
S14-07,Day_3,n0,4
S14-07,Day_3,center,A
S14-07,Day_3,field_strength,7.0
S14-07,Day_3,BAT,285.0
S14-07,Day_3,duration,30.0
S14-07,Day_3,study,14
S14-07,Day_3,visit,3
S14-07,Day_3,substance,Rifampicin (clinical dose)
S14-07,Day_3,H,0.418
S14-07,Day_3,ve,0.23
S14-07,Day_3,khe,0.007230840447741516
S14-07,Day_3,Th,348.8833126508727
S14-07,Day_3,Kbh,0.0028662878496590613
S14-07,Day_3,Khe,0.03143843672931094
S14-07,Day_3,kbh,0.0022070416442374775
S14-07,Day_3,E,0.24720956890894202
S14-07,Day_3,Ktrans,0.005443307497805995
