subject,study,parameter,value
S14-07,Day_3,FA,30.0
S14-07,Day_3,TR,0.036
S14-07,Day_3,n0,4
S14-07,Day_3,center,A
S14-07,Day_3,field_strength,7.0
S14-07,Day_3,BAT,285.0
S14-07,Day_3,duration,30.0
S14-07,Day_3,study,14
S14-07,Day_3,visit,3
S14-07,Day_3,study arm,Rifampicin (clinical dose)
S14-07,Day_3,substance,Rifampicin (clinical dose)
S14-07,Day_3,ve,0.23
S14-07,Day_3,Fp,0.022019
S14-07,Day_3,E,0.20245023281682661
S14-07,Day_3,Th,332.89976224821476
S14-07,Day_3,vol,1000
S14-07,Day_3,Ktrans,0.004457751676393705
S14-07,Day_3,khe,0.005589308479316366
S14-07,Day_3,Khe,0.024301341214418983
S14-07,Day_3,kbh,0.0023130085608949074
S14-07,Day_3,Kbh,0.003003907221941438
S14-07,Day_3,Te,8.330825489446836
S14-07,Day_3,CL,5.589308479316366
