subject,study,parameter,value
S03-05,Day_1,FA,20.0
S03-05,Day_1,TR,0.0058
S03-05,Day_1,n0,4
S03-05,Day_1,center,G
S03-05,Day_1,field_strength,7.0
S03-05,Day_1,BAT,285.0
S03-05,Day_1,duration,30.0
S03-05,Day_1,study,3
S03-05,Day_1,visit,1
S03-05,Day_1,substance,Bosentan (clinical dose)
S03-05,Day_1,H,0.418
S03-05,Day_1,ve,0.23
S03-05,Day_1,khe,0.02761889507061325
S03-05,Day_1,Th,286.61856855155014
S03-05,Day_1,Kbh,0.0034889574846932634
S03-05,Day_1,Khe,0.12008215248092716
S03-05,Day_1,kbh,0.0026864972632138127
S03-05,Day_1,E,0.5564074590859163
S03-05,Day_1,Ktrans,0.012251535841612793
