subject,study,parameter,value
S08-06,Day_1,FA,20.0
S08-06,Day_1,TR,0.0058
S08-06,Day_1,n0,4
S08-06,Day_1,center,G
S08-06,Day_1,field_strength,4.7
S08-06,Day_1,substance,Cyclosporine
S08-06,Day_1,BAT,285.0
S08-06,Day_1,duration,30.0
S08-06,Day_1,study,8
S08-06,Day_1,visit,1
S08-06,Day_1,H,0.418
S08-06,Day_1,ve,0.23
S08-06,Day_1,khe,0.02544089836658933
S08-06,Day_1,Th,295.23739117749113
S08-06,Day_1,Kbh,0.0033871048514949754
S08-06,Day_1,Khe,0.11061260159386664
S08-06,Day_1,kbh,0.002608070735651131
S08-06,Day_1,E,0.5360504181884033
S08-06,Day_1,Ktrans,0.011803294158090453
