subject,study,parameter,value
S14-05,Day_4,FA,30.0
S14-05,Day_4,TR,0.036
S14-05,Day_4,n0,4
S14-05,Day_4,center,A
S14-05,Day_4,field_strength,7.0
S14-05,Day_4,BAT,285.0
S14-05,Day_4,duration,30.0
S14-05,Day_4,study,14
S14-05,Day_4,visit,4
S14-05,Day_4,study arm,Rifampicin (high dose)
S14-05,Day_4,substance,Rifampicin (high dose)
S14-05,Day_4,ve,0.23
S14-05,Day_4,Fp,0.022019
S14-05,Day_4,E,0.44433163796336866
S14-05,Day_4,Th,357.4637028282241
S14-05,Day_4,vol,1000
S14-05,Day_4,Ktrans,0.009783738336315415
S14-05,Day_4,khe,0.017607153843447434
S14-05,Day_4,Khe,0.07655284279759754
S14-05,Day_4,kbh,0.002154064857236754
S14-05,Day_4,Kbh,0.0027974868275802
S14-05,Day_4,Te,5.804247389455707
S14-05,Day_4,CL,17.607153843447435
