subject,study,parameter,value
S14-05,Day_4,FA,30.0
S14-05,Day_4,TR,0.036
S14-05,Day_4,n0,4
S14-05,Day_4,center,A
S14-05,Day_4,field_strength,7.0
S14-05,Day_4,BAT,285.0
S14-05,Day_4,duration,30.0
S14-05,Day_4,study,14
S14-05,Day_4,visit,4
S14-05,Day_4,substance,Rifampicin (high dose)
S14-05,Day_4,H,0.418
S14-05,Day_4,ve,0.23
S14-05,Day_4,khe,0.01585523654425501
S14-05,Day_4,Th,373.9720092731399
S14-05,Day_4,Kbh,0.0026739969174260437
S14-05,Day_4,Khe,0.06893581106197831
S14-05,Day_4,kbh,0.0020589776264180537
S14-05,Day_4,E,0.4186285451781609
S14-05,Day_4,Ktrans,0.009217781936277925
