subject,study,parameter,value
S04-06,Day_2,FA,20.0
S04-06,Day_2,TR,0.0058
S04-06,Day_2,n0,4
S04-06,Day_2,center,G
S04-06,Day_2,field_strength,4.7
S04-06,Day_2,BAT,285.0
S04-06,Day_2,duration,30.0
S04-06,Day_2,study,4
S04-06,Day_2,visit,2
S04-06,Day_2,substance,Rifampicin
S04-06,Day_2,H,0.418
S04-06,Day_2,ve,0.23
S04-06,Day_2,khe,0.005093920580224034
S04-06,Day_2,Th,577.5833732868724
S04-06,Day_2,Kbh,0.0017313517775092236
S04-06,Day_2,Khe,0.022147480783582755
S04-06,Day_2,kbh,0.0013331408686821022
S04-06,Day_2,E,0.18787797371927176
S04-06,Day_2,Ktrans,0.004136885103324646
