subject,study,parameter,value
S04-06,Day_2,FA,20.0
S04-06,Day_2,TR,0.0058
S04-06,Day_2,n0,4
S04-06,Day_2,center,G
S04-06,Day_2,field_strength,4.7
S04-06,Day_2,BAT,285.0
S04-06,Day_2,duration,30.0
S04-06,Day_2,study,4
S04-06,Day_2,visit,2
S04-06,Day_2,substance,Rifampicin
S04-06,Day_2,ve,0.23
S04-06,Day_2,Fp,0.022019
S04-06,Day_2,E,0.14119555054338834
S04-06,Day_2,Th,547.1620093619991
S04-06,Day_2,vol,1000
S04-06,Day_2,Ktrans,0.003108984827414868
S04-06,Day_2,khe,0.003620131252675746
S04-06,Day_2,Khe,0.0157397010985902
S04-06,Day_2,kbh,0.0014072614451025832
S04-06,Day_2,Kbh,0.001827612266366991
S04-06,Day_2,Te,8.970662762842121
S04-06,Day_2,CL,3.6201312526757463
