subject,study,parameter,value
S03-06,Day_1,FA,20.0
S03-06,Day_1,TR,0.0058
S03-06,Day_1,n0,4
S03-06,Day_1,center,G
S03-06,Day_1,field_strength,7.0
S03-06,Day_1,BAT,285.0
S03-06,Day_1,duration,30.0
S03-06,Day_1,study,3
S03-06,Day_1,visit,1
S03-06,Day_1,substance,Bosentan (clinical dose)
S03-06,Day_1,H,0.418
S03-06,Day_1,ve,0.23
S03-06,Day_1,khe,0.031736206266863895
S03-06,Day_1,Th,258.54651722839185
S03-06,Day_1,Kbh,0.003867775945001926
S03-06,Day_1,Khe,0.1379835055081039
S03-06,Day_1,kbh,0.002978187477651483
S03-06,Day_1,E,0.5903838617846942
S03-06,Day_1,Ktrans,0.012999662252637177
