subject,study,parameter,value
S05-03,Day_1,FA,20.0
S05-03,Day_1,TR,0.0058
S05-03,Day_1,n0,4
S05-03,Day_1,center,E
S05-03,Day_1,field_strength,7.0
S05-03,Day_1,substance,Asunaprevir
S05-03,Day_1,BAT,285.0
S05-03,Day_1,duration,30.0
S05-03,Day_1,study,5
S05-03,Day_1,visit,1
S05-03,Day_1,H,0.418
S05-03,Day_1,ve,0.23
S05-03,Day_1,khe,0.023123348075898654
S05-03,Day_1,Th,154.4544545051559
S05-03,Day_1,Kbh,0.006474400516345216
S05-03,Day_1,Khe,0.10053629598216805
S05-03,Day_1,kbh,0.004985288397585817
S05-03,Day_1,E,0.5122318413083198
S05-03,Day_1,Ktrans,0.011278832913767894
