subject,study,parameter,value
S02-12,Day_1,FA,20.0
S02-12,Day_1,TR,0.0058
S02-12,Day_1,n0,4
S02-12,Day_1,center,D
S02-12,Day_1,field_strength,4.7
S02-12,Day_1,BAT,292.0
S02-12,Day_1,duration,22.0
S02-12,Day_1,study,2
S02-12,Day_1,visit,1
S02-12,Day_1,substance,Cyclosporine (clinical dose)
S02-12,Day_1,H,0.418
S02-12,Day_1,ve,0.23
S02-12,Day_1,khe,0.03333115321656357
S02-12,Day_1,Th,327.7756860773106
S02-12,Day_1,Kbh,0.0030508669266094855
S02-12,Day_1,Khe,0.14491805746331984
S02-12,Day_1,kbh,0.0023491675334893036
S02-12,Day_1,E,0.6021871897292093
S02-12,Day_1,Ktrans,0.01325955973064746
