subject,study,parameter,value
S01-06,Day_2,FA,30.0
S01-06,Day_2,TR,0.036
S01-06,Day_2,n0,4
S01-06,Day_2,center,A
S01-06,Day_2,field_strength,7.0
S01-06,Day_2,BAT,285.0
S01-06,Day_2,duration,30.0
S01-06,Day_2,study,1
S01-06,Day_2,visit,2
S01-06,Day_2,substance,Placebo
S01-06,Day_2,H,0.418
S01-06,Day_2,ve,0.23
S01-06,Day_2,khe,0.014291234290912096
S01-06,Day_2,Th,242.57287004754951
S01-06,Day_2,Kbh,0.004122472557644136
S01-06,Day_2,Khe,0.0621358012648352
S01-06,Day_2,kbh,0.0031743038693859845
S01-06,Day_2,E,0.3935869478674495
S01-06,Day_2,Ktrans,0.008666391005093371
