subject,study,parameter,value
S15-05,Day_1,FA,20.0
S15-05,Day_1,TR,0.0058
S15-05,Day_1,n0,4
S15-05,Day_1,center,D
S15-05,Day_1,field_strength,4.7
S15-05,Day_1,BAT,292.0
S15-05,Day_1,duration,22.0
S15-05,Day_1,study,15
S15-05,Day_1,visit,1
S15-05,Day_1,study arm,Placebo
S15-05,Day_1,substance,Placebo
S15-05,Day_1,ve,0.23
S15-05,Day_1,Fp,0.022019
S15-05,Day_1,E,0.847825929834604
S15-05,Day_1,Th,320.96479375387895
S15-05,Day_1,vol,1000
S15-05,Day_1,Ktrans,0.018668279149028147
S15-05,Day_1,khe,0.12267713631328808
S15-05,Day_1,Khe,0.5333788535360351
S15-05,Day_1,kbh,0.002399017010539943
S15-05,Day_1,Kbh,0.003115606507194731
S15-05,Day_1,Te,1.589537950771655
S15-05,Day_1,CL,122.67713631328809
