subject,study,parameter,value
S15-05,Day_1,FA,20.0
S15-05,Day_1,TR,0.0058
S15-05,Day_1,n0,4
S15-05,Day_1,center,D
S15-05,Day_1,field_strength,4.7
S15-05,Day_1,BAT,292.0
S15-05,Day_1,duration,22.0
S15-05,Day_1,study,15
S15-05,Day_1,visit,1
S15-05,Day_1,substance,Placebo
S15-05,Day_1,H,0.418
S15-05,Day_1,ve,0.23
S15-05,Day_1,khe,0.030059785772389987
S15-05,Day_1,Th,336.68280631780203
S15-05,Day_1,Kbh,0.002970154641802762
S15-05,Day_1,Khe,0.13069472074952168
S15-05,Day_1,kbh,0.002287019074188127
S15-05,Day_1,E,0.5771982838418334
S15-05,Day_1,Ktrans,0.012709329011913328
