subject,study,parameter,value
S01-08,Day_1,FA,30.0
S01-08,Day_1,TR,0.036
S01-08,Day_1,n0,4
S01-08,Day_1,center,A
S01-08,Day_1,field_strength,7.0
S01-08,Day_1,BAT,285.0
S01-08,Day_1,duration,30.0
S01-08,Day_1,study,1
S01-08,Day_1,visit,1
S01-08,Day_1,substance,Rifampicin (high dose)
S01-08,Day_1,H,0.418
S01-08,Day_1,ve,0.23
S01-08,Day_1,khe,0.011670279405173666
S01-08,Day_1,Th,348.2680728915648
S01-08,Day_1,Kbh,0.0028713513463847016
S01-08,Day_1,Khe,0.0507403452398855
S01-08,Day_1,kbh,0.0022109405367162203
S01-08,Day_1,E,0.3464092913599529
S01-08,Day_1,Ktrans,0.007627586186454803
