subject,study,parameter,value
S10-04,Day_2,FA,20.0
S10-04,Day_2,TR,0.0058
S10-04,Day_2,n0,4
S10-04,Day_2,center,G
S10-04,Day_2,field_strength,7.0
S10-04,Day_2,substance,Bosentan
S10-04,Day_2,BAT,285.0
S10-04,Day_2,duration,30.0
S10-04,Day_2,study,10
S10-04,Day_2,visit,2
S10-04,Day_2,ve,0.23
S10-04,Day_2,Fp,0.022019
S10-04,Day_2,E,0.7962979479946084
S10-04,Day_2,Th,234.29795624788505
S10-04,Day_2,vol,1000
S10-04,Day_2,Ktrans,0.017533684516893282
S10-04,Day_2,khe,0.08607514919108031
S10-04,Day_2,Khe,0.3742397790916535
S10-04,Day_2,kbh,0.0032864136432558004
S10-04,Day_2,Kbh,0.0042680696665659745
S10-04,Day_2,Te,2.1277747382369805
S10-04,Day_2,CL,86.07514919108031
