subject,study,parameter,value
S03-01,Day_1,FA,20.0
S03-01,Day_1,TR,0.0058
S03-01,Day_1,n0,4
S03-01,Day_1,center,G
S03-01,Day_1,field_strength,7.0
S03-01,Day_1,BAT,285.0
S03-01,Day_1,duration,30.0
S03-01,Day_1,study,3
S03-01,Day_1,visit,1
S03-01,Day_1,substance,Placebo
S03-01,Day_2,FA,20.0
S03-01,Day_2,TR,0.0058
S03-01,Day_2,n0,4
S03-01,Day_2,center,G
S03-01,Day_2,field_strength,7.0
S03-01,Day_2,BAT,285.0
S03-01,Day_2,duration,30.0
S03-01,Day_2,study,3
S03-01,Day_2,visit,2
S03-01,Day_2,substance,Placebo
S03-02,Day_1,FA,20.0
S03-02,Day_1,TR,0.0058
S03-02,Day_1,n0,4
S03-02,Day_1,center,G
S03-02,Day_1,field_strength,7.0
S03-02,Day_1,BAT,285.0
S03-02,Day_1,duration,30.0
S03-02,Day_1,study,3
S03-02,Day_1,visit,1
S03-02,Day_1,substance,Placebo
S03-02,Day_2,FA,20.0
S03-02,Day_2,TR,0.0058
S03-02,Day_2,n0,4
S03-02,Day_2,center,G
S03-02,Day_2,field_strength,7.0
S03-02,Day_2,BAT,285.0
S03-02,Day_2,duration,30.0
S03-02,Day_2,study,3
S03-02,Day_2,visit,2
S03-02,Day_2,substance,Placebo
S03-03,Day_1,FA,20.0
S03-03,Day_1,TR,0.0058
S03-03,Day_1,n0,4
S03-03,Day_1,center,G
S03-03,Day_1,field_strength,7.0
S03-03,Day_1,BAT,285.0
S03-03,Day_1,duration,30.0
S03-03,Day_1,study,3
S03-03,Day_1,visit,1
S03-03,Day_1,substance,Placebo
S03-03,Day_2,FA,20.0
S03-03,Day_2,TR,0.0058
S03-03,Day_2,n0,4
S03-03,Day_2,center,G
S03-03,Day_2,field_strength,7.0
S03-03,Day_2,BAT,285.0
S03-03,Day_2,duration,30.0
S03-03,Day_2,study,3
S03-03,Day_2,visit,2
S03-03,Day_2,substance,Placebo
S03-04,Day_1,FA,20.0
S03-04,Day_1,TR,0.0058
S03-04,Day_1,n0,4
S03-04,Day_1,center,G
S03-04,Day_1,field_strength,7.0
S03-04,Day_1,BAT,285.0
S03-04,Day_1,duration,30.0
S03-04,Day_1,study,3
S03-04,Day_1,visit,1
S03-04,Day_1,substance,Placebo
S03-04,Day_2,FA,20.0
S03-04,Day_2,TR,0.0058
S03-04,Day_2,n0,4
S03-04,Day_2,center,G
S03-04,Day_2,field_strength,7.0
S03-04,Day_2,BAT,285.0
S03-04,Day_2,duration,30.0
S03-04,Day_2,study,3
S03-04,Day_2,visit,2
S03-04,Day_2,substance,Rifampicin
S03-05,Day_1,FA,20.0
S03-05,Day_1,TR,0.0058
S03-05,Day_1,n0,4
S03-05,Day_1,center,G
S03-05,Day_1,field_strength,7.0
S03-05,Day_1,BAT,285.0
S03-05,Day_1,duration,30.0
S03-05,Day_1,study,3
S03-05,Day_1,visit,1
S03-05,Day_1,substance,Placebo
S03-05,Day_2,FA,20.0
S03-05,Day_2,TR,0.0058
S03-05,Day_2,n0,4
S03-05,Day_2,center,G
S03-05,Day_2,field_strength,7.0
S03-05,Day_2,BAT,285.0
S03-05,Day_2,duration,30.0
S03-05,Day_2,study,3
S03-05,Day_2,visit,2
S03-05,Day_2,substance,Rifampicin
S03-06,Day_1,FA,20.0
S03-06,Day_1,TR,0.0058
S03-06,Day_1,n0,4
S03-06,Day_1,center,G
S03-06,Day_1,field_strength,7.0
S03-06,Day_1,BAT,285.0
S03-06,Day_1,duration,30.0
S03-06,Day_1,study,3
S03-06,Day_1,visit,1
S03-06,Day_1,substance,Placebo
S03-06,Day_2,FA,20.0
S03-06,Day_2,TR,0.0058
S03-06,Day_2,n0,4
S03-06,Day_2,center,G
S03-06,Day_2,field_strength,7.0
S03-06,Day_2,BAT,285.0
S03-06,Day_2,duration,30.0
S03-06,Day_2,study,3
S03-06,Day_2,visit,2
S03-06,Day_2,substance,Rifampicin
