subject,study,parameter,value
S03-05,Day_1,FA,20.0
S03-05,Day_1,TR,0.0058
S03-05,Day_1,n0,4
S03-05,Day_1,center,G
S03-05,Day_1,field_strength,7.0
S03-05,Day_1,BAT,285.0
S03-05,Day_1,duration,30.0
S03-05,Day_1,study,3
S03-05,Day_1,visit,1
S03-05,Day_1,substance,Placebo
S03-05,Day_1,ve,0.23
S03-05,Day_1,Fp,0.022019
S03-05,Day_1,E,0.5639771795100147
S03-05,Day_1,Th,254.35416529381408
S03-05,Day_1,vol,1000
S03-05,Day_1,Ktrans,0.012418213515631014
S03-05,Day_1,khe,0.02848065039732534
S03-05,Day_1,Khe,0.12382891477097972
S03-05,Day_1,kbh,0.0030272749774337055
S03-05,Day_1,Kbh,0.003931525944719098
S03-05,Day_1,Te,4.5544869754619475
S03-05,Day_1,CL,28.480650397325338
