subject,study,parameter,value
S03-05,Day_1,FA,20.0
S03-05,Day_1,TR,0.0058
S03-05,Day_1,n0,4
S03-05,Day_1,center,G
S03-05,Day_1,field_strength,7.0
S03-05,Day_1,BAT,285.0
S03-05,Day_1,duration,30.0
S03-05,Day_1,study,3
S03-05,Day_1,visit,1
S03-05,Day_1,substance,Placebo
S03-05,Day_1,H,0.418
S03-05,Day_1,ve,0.23
S03-05,Day_1,khe,0.01934835222494551
S03-05,Day_1,Th,274.1494434778296
S03-05,Day_1,Kbh,0.0036476455589845827
S03-05,Day_1,Khe,0.08412327054324134
S03-05,Day_1,kbh,0.0028086870804181286
S03-05,Day_1,E,0.4677203442882667
S03-05,Day_1,Ktrans,0.010298734260883345
