subject,study,parameter,value
S11-03,Day_1,FA,20.0
S11-03,Day_1,TR,0.0058
S11-03,Day_1,n0,4
S11-03,Day_1,center,G
S11-03,Day_1,field_strength,7.0
S11-03,Day_1,BAT,285.0
S11-03,Day_1,duration,30.0
S11-03,Day_1,study,11
S11-03,Day_1,visit,1
S11-03,Day_1,study arm,Bosentan (clinical dose)
S11-03,Day_1,substance,Placebo
S11-03,Day_1,ve,0.23
S11-03,Day_1,Fp,0.022019
S11-03,Day_1,E,0.8869574416862044
S11-03,Day_1,Th,211.3373893517747
S11-03,Day_1,vol,1000
S11-03,Day_1,Ktrans,0.019529915908488536
S11-03,Day_1,khe,0.17276604669787557
S11-03,Day_1,Khe,0.751156724773372
S11-03,Day_1,kbh,0.0036434631958016752
S11-03,Day_1,Kbh,0.00473177038415802
S11-03,Day_1,Te,1.1807887920510918
S11-03,Day_1,CL,172.76604669787557
