subject,study,parameter,value
S11-03,Day_1,FA,20.0
S11-03,Day_1,TR,0.0058
S11-03,Day_1,n0,4
S11-03,Day_1,center,G
S11-03,Day_1,field_strength,7.0
S11-03,Day_1,BAT,285.0
S11-03,Day_1,duration,30.0
S11-03,Day_1,study,11
S11-03,Day_1,visit,1
S11-03,Day_1,substance,Bosentan (clinical dose)
S11-03,Day_1,H,0.418
S11-03,Day_1,ve,0.23
S11-03,Day_1,khe,0.03037204057806148
S11-03,Day_1,Th,224.78083170785087
S11-03,Day_1,Kbh,0.004448777915813154
S11-03,Day_1,Khe,0.13205235033939774
S11-03,Day_1,kbh,0.003425558995176128
S11-03,Day_1,E,0.5797182159954968
S11-03,Day_1,Ktrans,0.012764815398004841
