subject,study,parameter,value
S15-06,Day_1,FA,20.0
S15-06,Day_1,TR,0.0058
S15-06,Day_1,n0,4
S15-06,Day_1,center,D
S15-06,Day_1,field_strength,4.7
S15-06,Day_1,BAT,292.0
S15-06,Day_1,duration,22.0
S15-06,Day_1,study,15
S15-06,Day_1,visit,1
S15-06,Day_1,substance,Placebo
S15-06,Day_1,H,0.418
S15-06,Day_1,ve,0.23
S15-06,Day_1,khe,0.03289013179300347
S15-06,Day_1,Th,304.9206032134567
S15-06,Day_1,Kbh,0.0032795422462809434
S15-06,Day_1,Khe,0.14300057301305857
S15-06,Day_1,kbh,0.0025252475296363265
S15-06,Day_1,E,0.5989920204346473
S15-06,Day_1,Ktrans,0.013189205297950495
