subject,study,parameter,value
S15-06,Day_1,FA,20.0
S15-06,Day_1,TR,0.0058
S15-06,Day_1,n0,4
S15-06,Day_1,center,D
S15-06,Day_1,field_strength,4.7
S15-06,Day_1,BAT,292.0
S15-06,Day_1,duration,22.0
S15-06,Day_1,study,15
S15-06,Day_1,visit,1
S15-06,Day_1,study arm,Placebo
S15-06,Day_1,substance,Placebo
S15-06,Day_1,ve,0.23
S15-06,Day_1,Fp,0.022019
S15-06,Day_1,E,0.8999999999922509
S15-06,Day_1,Th,300.17880100625626
S15-06,Day_1,vol,1000
S15-06,Day_1,Ktrans,0.019817099999829373
S15-06,Day_1,khe,0.19817099998293725
S15-06,Day_1,Khe,0.861613043404075
S15-06,Day_1,kbh,0.0025651378359125097
S15-06,Day_1,Kbh,0.003331347838847415
S15-06,Day_1,Te,1.0445524320714972
S15-06,Day_1,CL,198.17099998293725
