subject,study,parameter,value
S09-03,Day_1,FA,20.0
S09-03,Day_1,TR,0.0058
S09-03,Day_1,n0,4
S09-03,Day_1,center,G
S09-03,Day_1,field_strength,7.0
S09-03,Day_1,substance,Placebo
S09-03,Day_1,BAT,285.0
S09-03,Day_1,duration,30.0
S09-03,Day_1,study,9
S09-03,Day_1,visit,1
S09-03,Day_1,H,0.418
S09-03,Day_1,ve,0.23
S09-03,Day_1,khe,0.028306705392626506
S09-03,Day_1,Th,297.43421999203565
S09-03,Day_1,Kbh,0.0033620879266238325
S09-03,Day_1,Khe,0.12307263214185436
S09-03,Day_1,kbh,0.002588807703500351
S09-03,Day_1,E,0.5624701168475599
S09-03,Day_1,Ktrans,0.012385029502866423
