subject,study,parameter,value
S05-04,Day_2,FA,20.0
S05-04,Day_2,TR,0.0058
S05-04,Day_2,n0,4
S05-04,Day_2,center,E
S05-04,Day_2,field_strength,7.0
S05-04,Day_2,substance,Asunaprevir
S05-04,Day_2,BAT,285.0
S05-04,Day_2,duration,30.0
S05-04,Day_2,study,5
S05-04,Day_2,visit,2
S05-04,Day_2,H,0.418
S05-04,Day_2,ve,0.23
S05-04,Day_2,khe,0.015200524886049427
S05-04,Day_2,Th,205.79896691807363
S05-04,Day_2,Kbh,0.004859110883671682
S05-04,Day_2,Khe,0.06608923863499751
S05-04,Day_2,kbh,0.0037415153804271953
S05-04,Day_2,E,0.4084019055210151
S05-04,Day_2,Ktrans,0.00899260155766723
