subject,study,parameter,value
S01-04,Day_1,FA,20.0
S01-04,Day_1,TR,0.0058
S01-04,Day_1,n0,4
S01-04,Day_1,center,D
S01-04,Day_1,field_strength,4.7
S01-04,Day_1,BAT,292.0
S01-04,Day_1,duration,22.0
S01-04,Day_1,study,1
S01-04,Day_1,visit,1
S01-04,Day_1,substance,Placebo
S01-04,Day_1,ve,0.23
S01-04,Day_1,Fp,0.022019
S01-04,Day_1,E,0.3298262876678889
S01-04,Day_1,Th,379.5898558223361
S01-04,Day_1,vol,1000
S01-04,Day_1,Ktrans,0.007262445028159246
S01-04,Day_1,khe,0.010836660547139262
S01-04,Day_1,Khe,0.04711591542234462
S01-04,Day_1,kbh,0.0020285052094763884
S01-04,Day_1,Kbh,0.0026344223499693356
S01-04,Day_1,Te,7.000315810726444
S01-04,Day_1,CL,10.836660547139262
