subject,study,parameter,value
S01-04,Day_1,FA,20.0
S01-04,Day_1,TR,0.0058
S01-04,Day_1,n0,4
S01-04,Day_1,center,D
S01-04,Day_1,field_strength,4.7
S01-04,Day_1,BAT,292.0
S01-04,Day_1,duration,22.0
S01-04,Day_1,study,1
S01-04,Day_1,visit,1
S01-04,Day_1,substance,Placebo
S01-04,Day_1,H,0.418
S01-04,Day_1,ve,0.23
S01-04,Day_1,khe,0.011767947842660302
S01-04,Day_1,Th,400.5222688504988
S01-04,Day_1,Kbh,0.0024967400760761834
S01-04,Day_1,Khe,0.05116499062026218
S01-04,Day_1,kbh,0.0019224898585786614
S01-04,Day_1,E,0.34829863583598925
S01-04,Day_1,Ktrans,0.007669187662472647
