subject,study,parameter,value
S02-02,Day_2,FA,20.0
S02-02,Day_2,TR,0.0058
S02-02,Day_2,n0,4
S02-02,Day_2,center,D
S02-02,Day_2,field_strength,4.7
S02-02,Day_2,BAT,292.0
S02-02,Day_2,duration,22.0
S02-02,Day_2,study,2
S02-02,Day_2,visit,2
S02-02,Day_2,substance,Cyclosporine (clinical dose)
S02-02,Day_2,H,0.418
S02-02,Day_2,ve,0.23
S02-02,Day_2,khe,0.00326227405010692
S02-02,Day_2,Th,811.6954414574975
S02-02,Day_2,Kbh,0.0012319891783602712
S02-02,Day_2,Khe,0.014183800217856172
S02-02,Day_2,kbh,0.0009486316673374089
S02-02,Day_2,E,0.12903914745914963
S02-02,Day_2,Ktrans,0.0028413129879030154
