subject,study,parameter,value
S14-11,Day_2,FA,30.0
S14-11,Day_2,TR,0.036
S14-11,Day_2,n0,4
S14-11,Day_2,center,A
S14-11,Day_2,field_strength,7.0
S14-11,Day_2,BAT,285.0
S14-11,Day_2,duration,30.0
S14-11,Day_2,study,14
S14-11,Day_2,visit,2
S14-11,Day_2,substance,Rifampicin (high dose)
S14-11,Day_2,H,0.418
S14-11,Day_2,ve,0.23
S14-11,Day_2,khe,0.0016214864855311575
S14-11,Day_2,Th,2599.2857939743303
S14-11,Day_2,Kbh,0.00038472106542428
S14-11,Day_2,Khe,0.007049941241439815
S14-11,Day_2,kbh,0.0002962352203766956
S14-11,Day_2,E,0.06858938738522012
S14-11,Day_2,Ktrans,0.0015102697208351618
