subject,study,parameter,value
S14-11,Day_2,FA,30.0
S14-11,Day_2,TR,0.036
S14-11,Day_2,n0,4
S14-11,Day_2,center,A
S14-11,Day_2,field_strength,7.0
S14-11,Day_2,BAT,285.0
S14-11,Day_2,duration,30.0
S14-11,Day_2,study,14
S14-11,Day_2,visit,2
S14-11,Day_2,study arm,Rifampicin (high dose)
S14-11,Day_2,substance,Rifampicin (high dose)
S14-11,Day_2,ve,0.23
S14-11,Day_2,Fp,0.022019
S14-11,Day_2,E,0.04415255994593097
S14-11,Day_2,Th,2369.237179054449
S14-11,Day_2,vol,1000
S14-11,Day_2,Ktrans,0.0009721952174494541
S14-11,Day_2,khe,0.0010171029148694066
S14-11,Day_2,Khe,0.004422186586388724
S14-11,Day_2,kbh,0.00032499912073273443
S14-11,Day_2,Kbh,0.0004220767801723824
S14-11,Day_2,Te,9.984327681204228
S14-11,Day_2,CL,1.0171029148694066
