subject,study,parameter,value
S05-05,Day_1,FA,20.0
S05-05,Day_1,TR,0.0058
S05-05,Day_1,n0,4
S05-05,Day_1,center,E
S05-05,Day_1,field_strength,7.0
S05-05,Day_1,substance,Placebo
S05-05,Day_1,BAT,285.0
S05-05,Day_1,duration,30.0
S05-05,Day_1,study,5
S05-05,Day_1,visit,1
S05-05,Day_1,ve,0.23
S05-05,Day_1,Fp,0.022019
S05-05,Day_1,E,0.46630297566248363
S05-05,Day_1,Th,179.9488495003583
S05-05,Day_1,vol,1000
S05-05,Day_1,Ktrans,0.010267525221112227
S05-05,Day_1,khe,0.01923849066585562
S05-05,Day_1,Khe,0.08364561159067661
S05-05,Day_1,kbh,0.004278993737042297
S05-05,Day_1,Kbh,0.005557134723431554
S05-05,Day_1,Te,5.574745247178744
S05-05,Day_1,CL,19.238490665855622
