subject,study,parameter,value
S05-05,Day_1,FA,20.0
S05-05,Day_1,TR,0.0058
S05-05,Day_1,n0,4
S05-05,Day_1,center,E
S05-05,Day_1,field_strength,7.0
S05-05,Day_1,substance,Placebo
S05-05,Day_1,BAT,285.0
S05-05,Day_1,duration,30.0
S05-05,Day_1,study,5
S05-05,Day_1,visit,1
S05-05,Day_1,H,0.418
S05-05,Day_1,ve,0.23
S05-05,Day_1,khe,0.015636033079017626
S05-05,Day_1,Th,195.39938677242682
S05-05,Day_1,Kbh,0.00511772332819374
S05-05,Day_1,Khe,0.06798275251746794
S05-05,Day_1,kbh,0.00394064696270918
S05-05,Day_1,E,0.415244173234585
S05-05,Day_1,Ktrans,0.009143261450452328
