subject,study,parameter,value
S01-02,Day_2,FA,20.0
S01-02,Day_2,TR,0.0058
S01-02,Day_2,n0,4
S01-02,Day_2,center,D
S01-02,Day_2,field_strength,4.7
S01-02,Day_2,BAT,292.0
S01-02,Day_2,duration,22.0
S01-02,Day_2,study,1
S01-02,Day_2,visit,2
S01-02,Day_2,substance,Placebo
S01-02,Day_2,H,0.418
S01-02,Day_2,ve,0.23
S01-02,Day_2,khe,0.02299141130516612
S01-02,Day_2,Th,257.54311117612826
S01-02,Day_2,Kbh,0.003882845071775658
S01-02,Day_2,Khe,0.09996265784854835
S01-02,Day_2,kbh,0.0029897907052672565
S01-02,Day_2,E,0.5108020708650413
S01-02,Day_2,Ktrans,0.011247350798377345
