subject,study,parameter,value
S01-02,Day_2,FA,20.0
S01-02,Day_2,TR,0.0058
S01-02,Day_2,n0,4
S01-02,Day_2,center,D
S01-02,Day_2,field_strength,4.7
S01-02,Day_2,BAT,292.0
S01-02,Day_2,duration,22.0
S01-02,Day_2,study,1
S01-02,Day_2,visit,2
S01-02,Day_2,substance,Placebo
S01-02,Day_2,ve,0.23
S01-02,Day_2,Fp,0.022019
S01-02,Day_2,E,0.6620880428098163
S01-02,Day_2,Th,241.69711352145166
S01-02,Day_2,vol,1000
S01-02,Day_2,Ktrans,0.014578516614629344
S01-02,Day_2,khe,0.04314294390720319
S01-02,Day_2,Khe,0.18757801698783996
S01-02,Day_2,kbh,0.0031858055265176315
S01-02,Day_2,Kbh,0.004137409774698222
S01-02,Day_2,Te,3.529667566816943
S01-02,Day_2,CL,43.14294390720319
