subject,study,parameter,value
S04-01,Day_1,FA,20.0
S04-01,Day_1,TR,0.0058
S04-01,Day_1,n0,4
S04-01,Day_1,center,G
S04-01,Day_1,field_strength,4.7
S04-01,Day_1,BAT,285.0
S04-01,Day_1,duration,30.0
S04-01,Day_1,study,4
S04-01,Day_1,visit,1
S04-01,Day_1,substance,Placebo
S04-01,Day_1,H,0.418
S04-01,Day_1,ve,0.23
S04-01,Day_1,khe,0.020679064769559097
S04-01,Day_1,Th,301.1664103009265
S04-01,Day_1,Kbh,0.003320423413091774
S04-01,Day_1,Khe,0.0899089772589526
S04-01,Day_1,kbh,0.0025567260280806663
S04-01,Day_1,E,0.48430918078287016
S04-01,Day_1,Ktrans,0.01066400385165802
