subject,study,parameter,value
S05-02,Day_1,FA,20.0
S05-02,Day_1,TR,0.0058
S05-02,Day_1,n0,4
S05-02,Day_1,center,E
S05-02,Day_1,field_strength,7.0
S05-02,Day_1,substance,Placebo
S05-02,Day_1,BAT,285.0
S05-02,Day_1,duration,30.0
S05-02,Day_1,study,5
S05-02,Day_1,visit,1
S05-02,Day_1,ve,0.23
S05-02,Day_1,Fp,0.022019
S05-02,Day_1,E,0.8614750961830276
S05-02,Day_1,Th,179.87336263153034
S05-02,Day_1,vol,1000
S05-02,Day_1,Ktrans,0.018968820142854087
S05-02,Day_1,khe,0.13693436790193958
S05-02,Day_1,Khe,0.5953668169649546
S05-02,Day_1,kbh,0.004280789488421035
S05-02,Day_1,Kbh,0.0055594668680792655
S05-02,Day_1,Te,1.4469652517327598
S05-02,Day_1,CL,136.93436790193957
