subject,study,parameter,value
S05-02,Day_1,FA,20.0
S05-02,Day_1,TR,0.0058
S05-02,Day_1,n0,4
S05-02,Day_1,center,E
S05-02,Day_1,field_strength,7.0
S05-02,Day_1,substance,Placebo
S05-02,Day_1,BAT,285.0
S05-02,Day_1,duration,30.0
S05-02,Day_1,study,5
S05-02,Day_1,visit,1
S05-02,Day_1,H,0.418
S05-02,Day_1,ve,0.23
S05-02,Day_1,khe,0.029071231645757364
S05-02,Day_1,Th,192.68054252548396
S05-02,Day_1,Kbh,0.00518993763922862
S05-02,Day_1,Khe,0.12639665932937982
S05-02,Day_1,kbh,0.003996251982206038
S05-02,Day_1,E,0.569017417014814
S05-02,Day_1,Ktrans,0.012529194505249188
