subject,study,parameter,value
S02-01,Day_2,FA,20.0
S02-01,Day_2,TR,0.0058
S02-01,Day_2,n0,4
S02-01,Day_2,center,E
S02-01,Day_2,field_strength,7.0
S02-01,Day_2,BAT,285.0
S02-01,Day_2,duration,30.0
S02-01,Day_2,study,2
S02-01,Day_2,visit,2
S02-01,Day_2,substance,Placebo
S02-01,Day_2,H,0.418
S02-01,Day_2,ve,0.23
S02-01,Day_2,khe,0.00902332672494404
S02-01,Day_2,Th,274.6501375160545
S02-01,Day_2,Kbh,0.003640995810320851
S02-01,Day_2,Khe,0.039231855325843654
S02-01,Day_2,kbh,0.0028035667739470553
S02-01,Day_2,E,0.2906781699998458
S02-01,Day_2,Ktrans,0.006400442625226605
