subject,study,parameter,value
S02-01,Day_2,FA,20.0
S02-01,Day_2,TR,0.0058
S02-01,Day_2,n0,4
S02-01,Day_2,center,E
S02-01,Day_2,field_strength,7.0
S02-01,Day_2,BAT,285.0
S02-01,Day_2,duration,30.0
S02-01,Day_2,study,2
S02-01,Day_2,visit,2
S02-01,Day_2,substance,Placebo
S02-01,Day_2,ve,0.23
S02-01,Day_2,Fp,0.022019
S02-01,Day_2,E,0.26002446519178246
S02-01,Day_2,Th,256.5646213876494
S02-01,Day_2,vol,1000
S02-01,Day_2,Ktrans,0.0057254786990578585
S02-01,Day_2,khe,0.007737389183470443
S02-01,Day_2,Khe,0.03364082253682801
S02-01,Day_2,kbh,0.0030011932114232896
S02-01,Day_2,Kbh,0.0038976535213289475
S02-01,Day_2,Te,7.729432444974343
S02-01,Day_2,CL,7.737389183470443
