subject,study,parameter,value
S07-04,Day_2,FA,20.0
S07-04,Day_2,TR,0.0058
S07-04,Day_2,n0,4
S07-04,Day_2,center,D
S07-04,Day_2,field_strength,4.7
S07-04,Day_2,substance,Ketoconazole
S07-04,Day_2,BAT,292.0
S07-04,Day_2,duration,22.0
S07-04,Day_2,study,7
S07-04,Day_2,visit,2
S07-04,Day_2,H,0.418
S07-04,Day_2,ve,0.23
S07-04,Day_2,khe,0.005471300673606304
S07-04,Day_2,Th,360.8527472528018
S07-04,Day_2,Kbh,0.002771213486977923
S07-04,Day_2,Khe,0.023788263798288276
S07-04,Day_2,kbh,0.0021338343849730008
S07-04,Day_2,E,0.19902658536068144
S07-04,Day_2,Ktrans,0.004382366383056845
