subject,study,parameter,value
S11-01,Day_1,FA,20.0
S11-01,Day_1,TR,0.0058
S11-01,Day_1,n0,4
S11-01,Day_1,center,G
S11-01,Day_1,field_strength,7.0
S11-01,Day_1,BAT,285.0
S11-01,Day_1,duration,30.0
S11-01,Day_1,study,11
S11-01,Day_1,visit,1
S11-01,Day_1,substance,Placebo
S11-01,Day_1,H,0.418
S11-01,Day_1,ve,0.23
S11-01,Day_1,khe,0.014011551108244518
S11-01,Day_1,Th,227.05187435133573
S11-01,Day_1,Kbh,0.0044042798715355205
S11-01,Day_1,Khe,0.060919787427150075
S11-01,Day_1,kbh,0.003391295501082351
S11-01,Day_1,E,0.38887973337267084
S11-01,Day_1,Ktrans,0.00856274284913284
