subject,study,parameter,value
S04-06,Day_1,FA,20.0
S04-06,Day_1,TR,0.0058
S04-06,Day_1,n0,4
S04-06,Day_1,center,G
S04-06,Day_1,field_strength,4.7
S04-06,Day_1,BAT,285.0
S04-06,Day_1,duration,30.0
S04-06,Day_1,study,4
S04-06,Day_1,visit,1
S04-06,Day_1,substance,Placebo
S04-06,Day_1,ve,0.23
S04-06,Day_1,Fp,0.022019
S04-06,Day_1,E,0.7738456113737121
S04-06,Day_1,Th,188.0694508757316
S04-06,Day_1,vol,1000
S04-06,Day_1,Ktrans,0.017039306516837768
S04-06,Day_1,khe,0.07534369162738035
S04-06,Day_1,Khe,0.3275812679451319
S04-06,Day_1,kbh,0.0040942321914300885
S04-06,Day_1,Kbh,0.00531718466419492
S04-06,Day_1,Te,2.3623011664492584
S04-06,Day_1,CL,75.34369162738035
