subject,study,parameter,value
S04-06,Day_1,FA,20.0
S04-06,Day_1,TR,0.0058
S04-06,Day_1,n0,4
S04-06,Day_1,center,G
S04-06,Day_1,field_strength,4.7
S04-06,Day_1,BAT,285.0
S04-06,Day_1,duration,30.0
S04-06,Day_1,study,4
S04-06,Day_1,visit,1
S04-06,Day_1,substance,Placebo
S04-06,Day_1,H,0.418
S04-06,Day_1,ve,0.23
S04-06,Day_1,khe,0.026666595369003128
S04-06,Day_1,Th,199.5714162810213
S04-06,Day_1,Kbh,0.005010737602783136
S04-06,Day_1,Khe,0.11594171899566577
S04-06,Day_1,kbh,0.003858267954143015
S04-06,Day_1,E,0.5477307028267557
S04-06,Day_1,Ktrans,0.012060482345542335
