subject,study,parameter,value
S15-13,Day_1,FA,20.0
S15-13,Day_1,TR,0.0058
S15-13,Day_1,n0,4
S15-13,Day_1,center,D
S15-13,Day_1,field_strength,4.7
S15-13,Day_1,BAT,292.0
S15-13,Day_1,duration,22.0
S15-13,Day_1,study,15
S15-13,Day_1,visit,1
S15-13,Day_1,study arm,Cyclosporine (clinical dose)
S15-13,Day_1,substance,Placebo
S15-13,Day_1,ve,0.23
S15-13,Day_1,Fp,0.022019
S15-13,Day_1,E,0.8999896024171994
S15-13,Day_1,Th,239.65400449914864
S15-13,Day_1,vol,1000
S15-13,Day_1,Ktrans,0.019816871055624314
S15-13,Day_1,khe,0.19814810794265195
S15-13,Day_1,Khe,0.8615135127941389
S15-13,Day_1,kbh,0.00321296529807302
S15-13,Day_1,Kbh,0.0041726822052896365
S15-13,Day_1,Te,1.0446610401945657
S15-13,Day_1,CL,198.14810794265193
