subject,study,parameter,value
S15-13,Day_1,FA,20.0
S15-13,Day_1,TR,0.0058
S15-13,Day_1,n0,4
S15-13,Day_1,center,D
S15-13,Day_1,field_strength,4.7
S15-13,Day_1,BAT,292.0
S15-13,Day_1,duration,22.0
S15-13,Day_1,study,15
S15-13,Day_1,visit,1
S15-13,Day_1,substance,Cyclosporine (clinical dose)
S15-13,Day_1,H,0.418
S15-13,Day_1,ve,0.23
S15-13,Day_1,khe,0.03975272094394354
S15-13,Day_1,Th,202.59861324064104
S15-13,Day_1,Kbh,0.0049358679410713814
S15-13,Day_1,Khe,0.1728379171475806
S15-13,Day_1,kbh,0.0038006183146249636
S15-13,Day_1,E,0.6435423902147432
S15-13,Day_1,Ktrans,0.01417015989013843
