subject,study,parameter,value
S06-02,Day_2,FA,20.0
S06-02,Day_2,TR,0.0058
S06-02,Day_2,n0,4
S06-02,Day_2,center,E
S06-02,Day_2,field_strength,7.0
S06-02,Day_2,substance,Pioglitazone
S06-02,Day_2,BAT,285.0
S06-02,Day_2,duration,30.0
S06-02,Day_2,study,6
S06-02,Day_2,visit,2
S06-02,Day_2,H,0.418
S06-02,Day_2,ve,0.23
S06-02,Day_2,khe,0.0280129110136204
S06-02,Day_2,Th,251.25140205914323
S06-02,Day_2,Kbh,0.003980077292323349
S06-02,Day_2,Khe,0.12179526527661043
S06-02,Day_2,kbh,0.0030646595150889792
S06-02,Day_2,E,0.559900880180138
S06-02,Day_2,Ktrans,0.012328457480686459
