subject,study,parameter,value
S04-02,Day_2,FA,20.0
S04-02,Day_2,TR,0.0058
S04-02,Day_2,n0,4
S04-02,Day_2,center,G
S04-02,Day_2,field_strength,4.7
S04-02,Day_2,BAT,285.0
S04-02,Day_2,duration,30.0
S04-02,Day_2,study,4
S04-02,Day_2,visit,2
S04-02,Day_2,substance,Placebo
S04-02,Day_2,H,0.418
S04-02,Day_2,ve,0.23
S04-02,Day_2,khe,0.025678814609939805
S04-02,Day_2,Th,215.89203294442527
S04-02,Day_2,Kbh,0.004631944895610942
S04-02,Day_2,Khe,0.11164702004321654
S04-02,Day_2,kbh,0.003566597569620426
S04-02,Day_2,E,0.5383645942677753
S04-02,Day_2,Ktrans,0.011854250001182141
