subject,study,parameter,value
S15-07,Day_3,FA,20.0
S15-07,Day_3,TR,0.0058
S15-07,Day_3,n0,4
S15-07,Day_3,center,D
S15-07,Day_3,field_strength,4.7
S15-07,Day_3,BAT,292.0
S15-07,Day_3,duration,22.0
S15-07,Day_3,study,15
S15-07,Day_3,visit,3
S15-07,Day_3,substance,Cyclosporine (clinical dose)
S15-07,Day_3,H,0.418
S15-07,Day_3,ve,0.23
S15-07,Day_3,khe,0.0034122903065891387
S15-07,Day_3,Th,877.2420273217523
S15-07,Day_3,Kbh,0.0011399362648561557
S15-07,Day_3,Khe,0.014836044811257124
S15-07,Day_3,kbh,0.00087775092393924
S15-07,Day_3,E,0.1341768453527908
S15-07,Day_3,Ktrans,0.0029544399578231005
