subject,study,parameter,value
S15-07,Day_3,FA,20.0
S15-07,Day_3,TR,0.0058
S15-07,Day_3,n0,4
S15-07,Day_3,center,D
S15-07,Day_3,field_strength,4.7
S15-07,Day_3,BAT,292.0
S15-07,Day_3,duration,22.0
S15-07,Day_3,study,15
S15-07,Day_3,visit,3
S15-07,Day_3,study arm,Cyclosporine (clinical dose)
S15-07,Day_3,substance,Cyclosporine (clinical dose)
S15-07,Day_3,ve,0.23
S15-07,Day_3,Fp,0.022019
S15-07,Day_3,E,0.09225581352999718
S15-07,Day_3,Th,849.0249024162372
S15-07,Day_3,vol,1000
S15-07,Day_3,Ktrans,0.0020313807581170077
S15-07,Day_3,khe,0.002237833949690777
S15-07,Day_3,Khe,0.009729712824742507
S15-07,Day_3,kbh,0.0009069227508034918
S15-07,Day_3,Kbh,0.001177821754290249
S15-07,Day_3,Te,9.48186397602528
S15-07,Day_3,CL,2.237833949690777
