subject,study,parameter,value
S10-04,Day_1,FA,20.0
S10-04,Day_1,TR,0.0058
S10-04,Day_1,n0,4
S10-04,Day_1,center,G
S10-04,Day_1,field_strength,7.0
S10-04,Day_1,substance,Placebo
S10-04,Day_1,BAT,285.0
S10-04,Day_1,duration,30.0
S10-04,Day_1,study,10
S10-04,Day_1,visit,1
S10-04,Day_1,H,0.418
S10-04,Day_1,ve,0.23
S10-04,Day_1,khe,0.034455450901382724
S10-04,Day_1,Th,221.6226953877585
S10-04,Day_1,Kbh,0.004512173260280796
S10-04,Day_1,Khe,0.1498063082668814
S10-04,Day_1,kbh,0.003474373410416213
S10-04,Day_1,E,0.6101068775604352
S10-04,Day_1,Ktrans,0.013433943337003226
