subject,study,parameter,value
S10-04,Day_1,FA,20.0
S10-04,Day_1,TR,0.0058
S10-04,Day_1,n0,4
S10-04,Day_1,center,G
S10-04,Day_1,field_strength,7.0
S10-04,Day_1,substance,Placebo
S10-04,Day_1,BAT,285.0
S10-04,Day_1,duration,30.0
S10-04,Day_1,study,10
S10-04,Day_1,visit,1
S10-04,Day_1,ve,0.23
S10-04,Day_1,Fp,0.022019
S10-04,Day_1,E,0.8999918644713585
S10-04,Day_1,Th,231.02938518808895
S10-04,Day_1,vol,1000
S10-04,Day_1,Ktrans,0.019816920863794843
S10-04,Day_1,khe,0.1981530878367334
S10-04,Day_1,Khe,0.8615351645075365
S10-04,Day_1,kbh,0.003332909358578419
S10-04,Day_1,Kbh,0.004328453712439505
S10-04,Day_1,Te,1.0446374118528339
S10-04,Day_1,CL,198.15308783673342
