subject,study,parameter,value
S05-03,Day_1,FA,20.0
S05-03,Day_1,TR,0.0058
S05-03,Day_1,n0,4
S05-03,Day_1,center,E
S05-03,Day_1,field_strength,7.0
S05-03,Day_1,substance,Placebo
S05-03,Day_1,BAT,285.0
S05-03,Day_1,duration,30.0
S05-03,Day_1,study,5
S05-03,Day_1,visit,1
S05-03,Day_1,H,0.418
S05-03,Day_1,ve,0.23
S05-03,Day_1,khe,0.02298284845981771
S05-03,Day_1,Th,154.9490085200856
S05-03,Day_1,Kbh,0.006453736035815762
S05-03,Day_1,Khe,0.09992542808616395
S05-03,Day_1,kbh,0.004969376747578137
S05-03,Day_1,E,0.5107089874394641
S05-03,Day_1,Ktrans,0.011245301194429558
