subject,study,parameter,value
S05-03,Day_1,FA,20.0
S05-03,Day_1,TR,0.0058
S05-03,Day_1,n0,4
S05-03,Day_1,center,E
S05-03,Day_1,field_strength,7.0
S05-03,Day_1,substance,Placebo
S05-03,Day_1,BAT,285.0
S05-03,Day_1,duration,30.0
S05-03,Day_1,study,5
S05-03,Day_1,visit,1
S05-03,Day_1,ve,0.23
S05-03,Day_1,Fp,0.022019
S05-03,Day_1,E,0.7013870007214326
S05-03,Day_1,Th,141.9710436742475
S05-03,Day_1,vol,1000
S05-03,Day_1,Ktrans,0.015443840368885223
S05-03,Day_1,khe,0.051718580256709154
S05-03,Day_1,Khe,0.22486339242047457
S05-03,Day_1,kbh,0.005423641188176123
S05-03,Day_1,Kbh,0.007043689854774185
S05-03,Day_1,Te,3.119169346204211
S05-03,Day_1,CL,51.71858025670915
