subject,study,parameter,value
S03-05,Day_2,FA,20.0
S03-05,Day_2,TR,0.0058
S03-05,Day_2,n0,4
S03-05,Day_2,center,G
S03-05,Day_2,field_strength,7.0
S03-05,Day_2,BAT,285.0
S03-05,Day_2,duration,30.0
S03-05,Day_2,study,3
S03-05,Day_2,visit,2
S03-05,Day_2,substance,Rifampicin
S03-05,Day_2,ve,0.23
S03-05,Day_2,Fp,0.022019
S03-05,Day_2,E,0.07171464925237785
S03-05,Day_2,Th,1984.3077912511883
S03-05,Day_2,vol,1000
S03-05,Day_2,Ktrans,0.0015790848618881079
S03-05,Day_2,khe,0.0017010770024716484
S03-05,Day_2,Khe,0.007395986967268036
S03-05,Day_2,kbh,0.00038804463873746276
S03-05,Day_2,Kbh,0.0005039540762824191
S03-05,Day_2,Te,9.696427207046328
S03-05,Day_2,CL,1.7010770024716484
