subject,study,parameter,value
S03-05,Day_2,FA,20.0
S03-05,Day_2,TR,0.0058
S03-05,Day_2,n0,4
S03-05,Day_2,center,G
S03-05,Day_2,field_strength,7.0
S03-05,Day_2,BAT,285.0
S03-05,Day_2,duration,30.0
S03-05,Day_2,study,3
S03-05,Day_2,visit,2
S03-05,Day_2,substance,Rifampicin
S03-05,Day_2,H,0.418
S03-05,Day_2,ve,0.23
S03-05,Day_2,khe,0.0026299119070133567
S03-05,Day_2,Th,2165.011101377289
S03-05,Day_2,Kbh,0.0004618913960135549
S03-05,Day_2,Khe,0.011434399595710246
S03-05,Day_2,kbh,0.00035565637493043727
S03-05,Day_2,E,0.10669484790787329
S03-05,Day_2,Ktrans,0.0023493138560834615
