subject,study,parameter,value
S02-04,Day_2,FA,20.0
S02-04,Day_2,TR,0.0058
S02-04,Day_2,n0,4
S02-04,Day_2,center,E
S02-04,Day_2,field_strength,7.0
S02-04,Day_2,BAT,285.0
S02-04,Day_2,duration,30.0
S02-04,Day_2,study,2
S02-04,Day_2,visit,2
S02-04,Day_2,substance,Rifampicin
S02-04,Day_2,H,0.418
S02-04,Day_2,ve,0.23
S02-04,Day_2,khe,0.001967366728457006
S02-04,Day_2,Th,679.796147250164
S02-04,Day_2,Kbh,0.0014710292255186927
S02-04,Day_2,Khe,0.008553768384595678
S02-04,Day_2,kbh,0.0011326925036493935
S02-04,Day_2,E,0.08202020550794617
S02-04,Day_2,Ktrans,0.0018060029050794666
