subject,study,parameter,value
S02-04,Day_2,FA,20.0
S02-04,Day_2,TR,0.0058
S02-04,Day_2,n0,4
S02-04,Day_2,center,E
S02-04,Day_2,field_strength,7.0
S02-04,Day_2,BAT,285.0
S02-04,Day_2,duration,30.0
S02-04,Day_2,study,2
S02-04,Day_2,visit,2
S02-04,Day_2,substance,Rifampicin
S02-04,Day_2,ve,0.23
S02-04,Day_2,Fp,0.022019
S02-04,Day_2,E,0.054613116415536025
S02-04,Day_2,Th,638.6106721738386
S02-04,Day_2,vol,1000
S02-04,Day_2,Ktrans,0.0012025262103536878
S02-04,Day_2,khe,0.001271993753281484
S02-04,Day_2,Khe,0.005530407622962974
S02-04,Day_2,kbh,0.0012057424555385373
S02-04,Day_2,Kbh,0.0015658992929071913
S02-04,Day_2,Te,9.875061684201222
S02-04,Day_2,CL,1.271993753281484
