subject,study,parameter,value
S01-12,Day_1,FA,30.0
S01-12,Day_1,TR,0.036
S01-12,Day_1,n0,4
S01-12,Day_1,center,A
S01-12,Day_1,field_strength,7.0
S01-12,Day_1,BAT,285.0
S01-12,Day_1,duration,30.0
S01-12,Day_1,study,1
S01-12,Day_1,visit,1
S01-12,Day_1,substance,Placebo
S01-12,Day_1,H,0.418
S01-12,Day_1,ve,0.23
S01-12,Day_1,khe,0.014487748632257692
S01-12,Day_1,Th,417.2695723346009
S01-12,Day_1,Kbh,0.0023965322810504813
S01-12,Day_1,Khe,0.06299021144459865
S01-12,Day_1,kbh,0.0018453298564088706
S01-12,Day_1,E,0.3968512446341547
S01-12,Day_1,Ktrans,0.008738267555599453
