subject,study,parameter,value
S01-03,Day_3,FA,30.0
S01-03,Day_3,TR,0.036
S01-03,Day_3,n0,4
S01-03,Day_3,center,A
S01-03,Day_3,field_strength,7.0
S01-03,Day_3,BAT,285.0
S01-03,Day_3,duration,30.0
S01-03,Day_3,study,1
S01-03,Day_3,visit,3
S01-03,Day_3,substance,Placebo
S01-03,Day_3,H,0.418
S01-03,Day_3,ve,0.23
S01-03,Day_3,khe,0.012785220377539744
S01-03,Day_3,Th,395.362740637085
S01-03,Day_3,Kbh,0.002529322814761468
S01-03,Day_3,Khe,0.05558791468495541
S01-03,Day_3,kbh,0.0019475785673663303
S01-03,Day_3,E,0.3673468400915668
S01-03,Day_3,Ktrans,0.008088610071976211
