subject,study,parameter,value
S08-04,Day_2,FA,20.0
S08-04,Day_2,TR,0.0058
S08-04,Day_2,n0,4
S08-04,Day_2,center,G
S08-04,Day_2,field_strength,4.7
S08-04,Day_2,substance,Cyclosporine
S08-04,Day_2,BAT,285.0
S08-04,Day_2,duration,30.0
S08-04,Day_2,study,8
S08-04,Day_2,visit,2
S08-04,Day_2,H,0.418
S08-04,Day_2,ve,0.23
S08-04,Day_2,khe,0.0027963171264090672
S08-04,Day_2,Th,759.1093775882085
S08-04,Day_2,Kbh,0.0013173332190640735
S08-04,Day_2,Khe,0.012157900549604639
S08-04,Day_2,kbh,0.0010143465786793366
S08-04,Day_2,E,0.11268512556839978
S08-04,Day_2,Ktrans,0.0024812137798905947
