subject,study,parameter,value
S02-02,Day_1,FA,20.0
S02-02,Day_1,TR,0.0058
S02-02,Day_1,n0,4
S02-02,Day_1,center,D
S02-02,Day_1,field_strength,4.7
S02-02,Day_1,BAT,292.0
S02-02,Day_1,duration,22.0
S02-02,Day_1,study,2
S02-02,Day_1,visit,1
S02-02,Day_1,substance,Cyclosporine (clinical dose)
S02-02,Day_1,H,0.418
S02-02,Day_1,ve,0.23
S02-02,Day_1,khe,0.025438854055535105
S02-02,Day_1,Th,400.94689605407547
S02-02,Day_1,Kbh,0.0024940958761409905
S02-02,Day_1,Khe,0.11060371328493523
S02-02,Day_1,kbh,0.0019204538246285628
S02-02,Day_1,E,0.5360304329345907
S02-02,Day_1,Ktrans,0.011802854102786753
