subject,study,parameter,value
S02-06,Day_3,FA,20.0
S02-06,Day_3,TR,0.0058
S02-06,Day_3,n0,4
S02-06,Day_3,center,D
S02-06,Day_3,field_strength,4.7
S02-06,Day_3,BAT,292.0
S02-06,Day_3,duration,22.0
S02-06,Day_3,study,2
S02-06,Day_3,visit,3
S02-06,Day_3,substance,Placebo
S02-06,Day_3,H,0.418
S02-06,Day_3,ve,0.23
S02-06,Day_3,khe,0.04115177254310072
S02-06,Day_3,Th,292.1574158536978
S02-06,Day_3,Kbh,0.003422812311910525
S02-06,Day_3,Khe,0.17892075018739442
S02-06,Day_3,kbh,0.0026355654801711046
S02-06,Day_3,E,0.6514369048601285
S02-06,Day_3,Ktrans,0.014343989208115167
