subject,study,parameter,value
S02-08,Day_1,FA,20.0
S02-08,Day_1,TR,0.0058
S02-08,Day_1,n0,4
S02-08,Day_1,center,D
S02-08,Day_1,field_strength,4.7
S02-08,Day_1,BAT,292.0
S02-08,Day_1,duration,22.0
S02-08,Day_1,study,2
S02-08,Day_1,visit,1
S02-08,Day_1,substance,Cyclosporine (clinical dose)
S02-08,Day_1,H,0.418
S02-08,Day_1,ve,0.23
S02-08,Day_1,khe,0.027113414368421327
S02-08,Day_1,Th,357.21238900171517
S02-08,Day_1,Kbh,0.002799454976336777
S02-08,Day_1,Khe,0.11788441029748403
S02-08,Day_1,kbh,0.0021555803317793183
S02-08,Day_1,E,0.5518437210333351
S02-08,Day_1,Ktrans,0.012151046893433009
