subject,study,parameter,value
S14-11,Day_1,FA,30.0
S14-11,Day_1,TR,0.036
S14-11,Day_1,n0,4
S14-11,Day_1,center,A
S14-11,Day_1,field_strength,7.0
S14-11,Day_1,BAT,285.0
S14-11,Day_1,duration,30.0
S14-11,Day_1,study,14
S14-11,Day_1,visit,1
S14-11,Day_1,study arm,Rifampicin (high dose)
S14-11,Day_1,substance,Placebo
S14-11,Day_1,ve,0.23
S14-11,Day_1,Fp,0.022019
S14-11,Day_1,E,0.38719643296084627
S14-11,Day_1,Th,406.67481481956605
S14-11,Day_1,vol,1000
S14-11,Day_1,Ktrans,0.008525678257364874
S14-11,Day_1,khe,0.01391257935810962
S14-11,Day_1,Khe,0.06048947547004182
S14-11,Day_1,kbh,0.00189340468585849
S14-11,Day_1,Kbh,0.0024589671244915454
S14-11,Day_1,Te,6.401054562832344
S14-11,Day_1,CL,13.91257935810962
