subject,study,parameter,value
S14-11,Day_1,FA,30.0
S14-11,Day_1,TR,0.036
S14-11,Day_1,n0,4
S14-11,Day_1,center,A
S14-11,Day_1,field_strength,7.0
S14-11,Day_1,BAT,285.0
S14-11,Day_1,duration,30.0
S14-11,Day_1,study,14
S14-11,Day_1,visit,1
S14-11,Day_1,substance,Rifampicin (high dose)
S14-11,Day_1,H,0.418
S14-11,Day_1,ve,0.23
S14-11,Day_1,khe,0.01386488850631037
S14-11,Day_1,Th,425.7964876773314
S14-11,Day_1,Kbh,0.002348539804672602
S14-11,Day_1,Khe,0.06028212394047986
S14-11,Day_1,kbh,0.0018083756495979038
S14-11,Day_1,E,0.3863819971425938
S14-11,Day_1,Ktrans,0.008507745195082775
