subject,study,parameter,value
S10-05,Day_1,FA,20.0
S10-05,Day_1,TR,0.0058
S10-05,Day_1,n0,4
S10-05,Day_1,center,G
S10-05,Day_1,field_strength,7.0
S10-05,Day_1,substance,Bosentan
S10-05,Day_1,BAT,285.0
S10-05,Day_1,duration,30.0
S10-05,Day_1,study,10
S10-05,Day_1,visit,1
S10-05,Day_1,H,0.418
S10-05,Day_1,ve,0.23
S10-05,Day_1,khe,0.032724444953314384
S10-05,Day_1,Th,203.32118887458861
S10-05,Day_1,Kbh,0.004918326543018663
S10-05,Day_1,Khe,0.14228019544919296
S10-05,Day_1,kbh,0.0037871114381243702
S10-05,Day_1,E,0.5977783272722794
S10-05,Day_1,Ktrans,0.013162480988208325
