subject,study,parameter,value
S14-02,Day_2,FA,30.0
S14-02,Day_2,TR,0.036
S14-02,Day_2,n0,4
S14-02,Day_2,center,A
S14-02,Day_2,field_strength,7.0
S14-02,Day_2,BAT,285.0
S14-02,Day_2,duration,30.0
S14-02,Day_2,study,14
S14-02,Day_2,visit,2
S14-02,Day_2,substance,Rifampicin (high dose)
S14-02,Day_2,H,0.418
S14-02,Day_2,ve,0.23
S14-02,Day_2,khe,0.0036343974828821077
S14-02,Day_2,Th,1066.5258983990038
S14-02,Day_2,Kbh,0.0009376237384400435
S14-02,Day_2,Khe,0.015801728186443945
S14-02,Day_2,kbh,0.0007219702785988335
S14-02,Day_2,E,0.1416731442806846
S14-02,Day_2,Ktrans,0.003119500963916394
