subject,study,parameter,value
S14-02,Day_2,FA,30.0
S14-02,Day_2,TR,0.036
S14-02,Day_2,n0,4
S14-02,Day_2,center,A
S14-02,Day_2,field_strength,7.0
S14-02,Day_2,BAT,285.0
S14-02,Day_2,duration,30.0
S14-02,Day_2,study,14
S14-02,Day_2,visit,2
S14-02,Day_2,study arm,Rifampicin (high dose)
S14-02,Day_2,substance,Rifampicin (high dose)
S14-02,Day_2,ve,0.23
S14-02,Day_2,Fp,0.022019
S14-02,Day_2,E,0.09971023403218114
S14-02,Day_2,Th,1007.5607818827854
S14-02,Day_2,vol,1000
S14-02,Day_2,Ktrans,0.002195519643154597
S14-02,Day_2,khe,0.00243868110707045
S14-02,Day_2,Khe,0.010602961335088913
S14-02,Day_2,kbh,0.0007642218850173329
S14-02,Day_2,Kbh,0.0009924959545679647
S14-02,Day_2,Te,9.403998645378914
S14-02,Day_2,CL,2.43868110707045
