subject,study,parameter,value
S13-04,Day_1,FA,20.0
S13-04,Day_1,TR,0.0058
S13-04,Day_1,n0,4
S13-04,Day_1,center,G
S13-04,Day_1,field_strength,7.0
S13-04,Day_1,BAT,285.0
S13-04,Day_1,duration,30.0
S13-04,Day_1,study,13
S13-04,Day_1,visit,1
S13-04,Day_1,substance,Placebo
S13-04,Day_1,H,0.418
S13-04,Day_1,ve,0.23
S13-04,Day_1,khe,0.03748697506292369
S13-04,Day_1,Th,254.71008409908495
S13-04,Day_1,Kbh,0.003926032232045392
S13-04,Day_1,Khe,0.16298684809966824
S13-04,Day_1,kbh,0.003023044818674952
S13-04,Day_1,E,0.6299699319821859
S13-04,Day_1,Ktrans,0.013871307932315757
