subject,study,parameter,value
S13-04,Day_1,FA,20.0
S13-04,Day_1,TR,0.0058
S13-04,Day_1,n0,4
S13-04,Day_1,center,G
S13-04,Day_1,field_strength,7.0
S13-04,Day_1,BAT,285.0
S13-04,Day_1,duration,30.0
S13-04,Day_1,study,13
S13-04,Day_1,visit,1
S13-04,Day_1,substance,Placebo
S13-04,Day_1,ve,0.23
S13-04,Day_1,Fp,0.022019
S13-04,Day_1,E,0.8999948135649133
S13-04,Day_1,Th,285.74857349291756
S13-04,Day_1,vol,1000
S13-04,Day_1,Ktrans,0.019816985799885826
S13-04,Day_1,khe,0.19815958058084335
S13-04,Day_1,Khe,0.8615633938297537
S13-04,Day_1,kbh,0.002694676619336071
S13-04,Day_1,Kbh,0.003499580025111781
S13-04,Day_1,Te,1.0446066070243853
S13-04,Day_1,CL,198.15958058084334
