subject,study,parameter,value
S14-08,Day_4,FA,30.0
S14-08,Day_4,TR,0.036
S14-08,Day_4,n0,4
S14-08,Day_4,center,A
S14-08,Day_4,field_strength,7.0
S14-08,Day_4,BAT,285.0
S14-08,Day_4,duration,30.0
S14-08,Day_4,study,14
S14-08,Day_4,visit,4
S14-08,Day_4,study arm,Rifampicin (high dose)
S14-08,Day_4,substance,Rifampicin (high dose)
S14-08,Day_4,ve,0.23
S14-08,Day_4,Fp,0.022019
S14-08,Day_4,E,0.2569996099627583
S14-08,Day_4,Th,468.3663834606777
S14-08,Day_4,vol,1000
S14-08,Day_4,Ktrans,0.005658874411769974
S14-08,Day_4,khe,0.007616246892530342
S14-08,Day_4,Khe,0.033114116924044965
S14-08,Day_4,kbh,0.0016440120964929293
S14-08,Day_4,Kbh,0.0021350806447960123
S14-08,Day_4,Te,7.761028643833308
S14-08,Day_4,CL,7.616246892530342
