subject,study,parameter,value
S14-08,Day_4,FA,30.0
S14-08,Day_4,TR,0.036
S14-08,Day_4,n0,4
S14-08,Day_4,center,A
S14-08,Day_4,field_strength,7.0
S14-08,Day_4,BAT,285.0
S14-08,Day_4,duration,30.0
S14-08,Day_4,study,14
S14-08,Day_4,visit,4
S14-08,Day_4,substance,Rifampicin (high dose)
S14-08,Day_4,H,0.418
S14-08,Day_4,ve,0.23
S14-08,Day_4,khe,0.009236227313196906
S14-08,Day_4,Th,490.9817374278815
S14-08,Day_4,Kbh,0.002036735633465158
S14-08,Day_4,Khe,0.040157510057377846
S14-08,Day_4,kbh,0.0015682864377681714
S14-08,Day_4,E,0.29550984290224913
S14-08,Day_4,Ktrans,0.006506831230864625
