subject,study,parameter,value
S02-04,Day_2,FA,20.0
S02-04,Day_2,TR,0.0058
S02-04,Day_2,n0,4
S02-04,Day_2,center,D
S02-04,Day_2,field_strength,4.7
S02-04,Day_2,BAT,292.0
S02-04,Day_2,duration,22.0
S02-04,Day_2,study,2
S02-04,Day_2,visit,2
S02-04,Day_2,substance,Placebo
S02-04,Day_2,H,0.418
S02-04,Day_2,ve,0.23
S02-04,Day_2,khe,0.04178468829828959
S02-04,Day_2,Th,277.7356199503753
S02-04,Day_2,Kbh,0.003600546448376611
S02-04,Day_2,Khe,0.18167255781865038
S02-04,Day_2,kbh,0.002772420765249991
S02-04,Day_2,E,0.6548945588057756
S02-04,Day_2,Ktrans,0.014420123290344372
