subject,study,parameter,value
S15-04,Day_3,FA,20.0
S15-04,Day_3,TR,0.0058
S15-04,Day_3,n0,4
S15-04,Day_3,center,D
S15-04,Day_3,field_strength,4.7
S15-04,Day_3,BAT,292.0
S15-04,Day_3,duration,22.0
S15-04,Day_3,study,15
S15-04,Day_3,visit,3
S15-04,Day_3,study arm,Placebo
S15-04,Day_3,substance,Placebo
S15-04,Day_3,ve,0.23
S15-04,Day_3,Fp,0.022019
S15-04,Day_3,E,0.8999999995474524
S15-04,Day_3,Th,405.50290772386927
S15-04,Day_3,vol,1000
S15-04,Day_3,Ktrans,0.019817099990035354
S15-04,Day_3,khe,0.19817099900353535
S15-04,Day_3,Khe,0.8616130391458059
S15-04,Day_3,kbh,0.0018988766426413352
S15-04,Day_3,Kbh,0.0024660735618718638
S15-04,Day_3,Te,1.044552436717651
S15-04,Day_3,CL,198.17099900353534
