subject,study,parameter,value
S15-04,Day_3,FA,20.0
S15-04,Day_3,TR,0.0058
S15-04,Day_3,n0,4
S15-04,Day_3,center,D
S15-04,Day_3,field_strength,4.7
S15-04,Day_3,BAT,292.0
S15-04,Day_3,duration,22.0
S15-04,Day_3,study,15
S15-04,Day_3,visit,3
S15-04,Day_3,substance,Placebo
S15-04,Day_3,H,0.418
S15-04,Day_3,ve,0.23
S15-04,Day_3,khe,0.04580362479161126
S15-04,Day_3,Th,301.4089640719318
S15-04,Day_3,Kbh,0.003317751358454449
S15-04,Day_3,Khe,0.1991461947461359
S15-04,Day_3,kbh,0.002554668546009926
S15-04,Day_3,E,0.6753443254717052
S15-04,Day_3,Ktrans,0.014870406702561479
