subject,study,parameter,value
S10-06,Day_1,FA,20.0
S10-06,Day_1,TR,0.0058
S10-06,Day_1,n0,4
S10-06,Day_1,center,G
S10-06,Day_1,field_strength,7.0
S10-06,Day_1,substance,Placebo
S10-06,Day_1,BAT,285.0
S10-06,Day_1,duration,30.0
S10-06,Day_1,study,10
S10-06,Day_1,visit,1
S10-06,Day_1,H,0.418
S10-06,Day_1,ve,0.23
S10-06,Day_1,khe,0.039860263005144024
S10-06,Day_1,Th,225.72663229035157
S10-06,Day_1,Kbh,0.004430137418227649
S10-06,Day_1,Khe,0.17330549132671313
S10-06,Day_1,kbh,0.0034112058120352898
S10-06,Day_1,E,0.6441618899344428
S10-06,Day_1,Ktrans,0.014183800654466498
