subject,study,parameter,value
S10-06,Day_1,FA,20.0
S10-06,Day_1,TR,0.0058
S10-06,Day_1,n0,4
S10-06,Day_1,center,G
S10-06,Day_1,field_strength,7.0
S10-06,Day_1,substance,Placebo
S10-06,Day_1,BAT,285.0
S10-06,Day_1,duration,30.0
S10-06,Day_1,study,10
S10-06,Day_1,visit,1
S10-06,Day_1,ve,0.23
S10-06,Day_1,Fp,0.022019
S10-06,Day_1,E,0.8999990634654578
S10-06,Day_1,Th,268.3392423800035
S10-06,Day_1,vol,1000
S10-06,Day_1,Ktrans,0.019817079378445915
S10-06,Day_1,khe,0.19816893786390408
S10-06,Day_1,Khe,0.8616040776691481
S10-06,Day_1,kbh,0.0028695020272494444
S10-06,Day_1,Kbh,0.0037266260094148624
S10-06,Day_1,Te,1.044562214584891
S10-06,Day_1,CL,198.16893786390406
