subject,study,parameter,value
S04-05,Day_1,FA,20.0
S04-05,Day_1,TR,0.0058
S04-05,Day_1,n0,4
S04-05,Day_1,center,G
S04-05,Day_1,field_strength,4.7
S04-05,Day_1,BAT,285.0
S04-05,Day_1,duration,30.0
S04-05,Day_1,study,4
S04-05,Day_1,visit,1
S04-05,Day_1,substance,Rifampicin
S04-05,Day_1,H,0.418
S04-05,Day_1,ve,0.23
S04-05,Day_1,khe,0.02324548378141391
S04-05,Day_1,Th,318.561744076105
S04-05,Day_1,Kbh,0.0031391088810748665
S04-05,Day_1,Khe,0.10106732078875613
S04-05,Day_1,kbh,0.0024171138384276474
S04-05,Day_1,E,0.5135479704942257
S04-05,Day_1,Ktrans,0.011307812762312356
