subject,study,parameter,value
S08-05,Day_1,FA,20.0
S08-05,Day_1,TR,0.0058
S08-05,Day_1,n0,4
S08-05,Day_1,center,G
S08-05,Day_1,field_strength,4.7
S08-05,Day_1,substance,Cyclosporine
S08-05,Day_1,BAT,285.0
S08-05,Day_1,duration,30.0
S08-05,Day_1,study,8
S08-05,Day_1,visit,1
S08-05,Day_1,H,0.418
S08-05,Day_1,ve,0.23
S08-05,Day_1,khe,0.02596097822838005
S08-05,Day_1,Th,262.09257785144354
S08-05,Day_1,Kbh,0.003815445703185113
S08-05,Day_1,Khe,0.11287381838426108
S08-05,Day_1,kbh,0.002937893191452537
S08-05,Day_1,E,0.5410794082650123
S08-05,Day_1,Ktrans,0.011914027490587304
