subject,study,parameter,value
S04-01,Day_1,FA,20.0
S04-01,Day_1,TR,0.0058
S04-01,Day_1,n0,4
S04-01,Day_1,center,G
S04-01,Day_1,field_strength,4.7
S04-01,Day_1,BAT,285.0
S04-01,Day_1,duration,30.0
S04-01,Day_1,study,4
S04-01,Day_1,visit,1
S04-01,Day_1,substance,Placebo
S04-01,Day_2,FA,20.0
S04-01,Day_2,TR,0.0058
S04-01,Day_2,n0,4
S04-01,Day_2,center,G
S04-01,Day_2,field_strength,4.7
S04-01,Day_2,BAT,285.0
S04-01,Day_2,duration,30.0
S04-01,Day_2,study,4
S04-01,Day_2,visit,2
S04-01,Day_2,substance,Placebo
S04-02,Day_1,FA,20.0
S04-02,Day_1,TR,0.0058
S04-02,Day_1,n0,4
S04-02,Day_1,center,G
S04-02,Day_1,field_strength,4.7
S04-02,Day_1,BAT,285.0
S04-02,Day_1,duration,30.0
S04-02,Day_1,study,4
S04-02,Day_1,visit,1
S04-02,Day_1,substance,Placebo
S04-02,Day_2,FA,20.0
S04-02,Day_2,TR,0.0058
S04-02,Day_2,n0,4
S04-02,Day_2,center,G
S04-02,Day_2,field_strength,4.7
S04-02,Day_2,BAT,285.0
S04-02,Day_2,duration,30.0
S04-02,Day_2,study,4
S04-02,Day_2,visit,2
S04-02,Day_2,substance,Placebo
S04-03,Day_1,FA,20.0
S04-03,Day_1,TR,0.0058
S04-03,Day_1,n0,4
S04-03,Day_1,center,G
S04-03,Day_1,field_strength,4.7
S04-03,Day_1,BAT,285.0
S04-03,Day_1,duration,30.0
S04-03,Day_1,study,4
S04-03,Day_1,visit,1
S04-03,Day_1,substance,Placebo
S04-03,Day_2,FA,20.0
S04-03,Day_2,TR,0.0058
S04-03,Day_2,n0,4
S04-03,Day_2,center,G
S04-03,Day_2,field_strength,4.7
S04-03,Day_2,BAT,285.0
S04-03,Day_2,duration,30.0
S04-03,Day_2,study,4
S04-03,Day_2,visit,2
S04-03,Day_2,substance,Placebo
S04-04,Day_1,FA,20.0
S04-04,Day_1,TR,0.0058
S04-04,Day_1,n0,4
S04-04,Day_1,center,G
S04-04,Day_1,field_strength,4.7
S04-04,Day_1,BAT,285.0
S04-04,Day_1,duration,30.0
S04-04,Day_1,study,4
S04-04,Day_1,visit,1
S04-04,Day_1,substance,Placebo
S04-04,Day_2,FA,20.0
S04-04,Day_2,TR,0.0058
S04-04,Day_2,n0,4
S04-04,Day_2,center,G
S04-04,Day_2,field_strength,4.7
S04-04,Day_2,BAT,285.0
S04-04,Day_2,duration,30.0
S04-04,Day_2,study,4
S04-04,Day_2,visit,2
S04-04,Day_2,substance,Placebo
S04-05,Day_1,FA,20.0
S04-05,Day_1,TR,0.0058
S04-05,Day_1,n0,4
S04-05,Day_1,center,G
S04-05,Day_1,field_strength,4.7
S04-05,Day_1,BAT,285.0
S04-05,Day_1,duration,30.0
S04-05,Day_1,study,4
S04-05,Day_1,visit,1
S04-05,Day_1,substance,Placebo
S04-05,Day_2,FA,20.0
S04-05,Day_2,TR,0.0058
S04-05,Day_2,n0,4
S04-05,Day_2,center,G
S04-05,Day_2,field_strength,4.7
S04-05,Day_2,BAT,285.0
S04-05,Day_2,duration,30.0
S04-05,Day_2,study,4
S04-05,Day_2,visit,2
S04-05,Day_2,substance,Rifampicin
S04-06,Day_1,FA,20.0
S04-06,Day_1,TR,0.0058
S04-06,Day_1,n0,4
S04-06,Day_1,center,G
S04-06,Day_1,field_strength,4.7
S04-06,Day_1,BAT,285.0
S04-06,Day_1,duration,30.0
S04-06,Day_1,study,4
S04-06,Day_1,visit,1
S04-06,Day_1,substance,Placebo
S04-06,Day_2,FA,20.0
S04-06,Day_2,TR,0.0058
S04-06,Day_2,n0,4
S04-06,Day_2,center,G
S04-06,Day_2,field_strength,4.7
S04-06,Day_2,BAT,285.0
S04-06,Day_2,duration,30.0
S04-06,Day_2,study,4
S04-06,Day_2,visit,2
S04-06,Day_2,substance,Rifampicin
S04-07,Day_1,FA,20.0
S04-07,Day_1,TR,0.0058
S04-07,Day_1,n0,4
S04-07,Day_1,center,G
S04-07,Day_1,field_strength,4.7
S04-07,Day_1,BAT,285.0
S04-07,Day_1,duration,30.0
S04-07,Day_1,study,4
S04-07,Day_1,visit,1
S04-07,Day_1,substance,Placebo
S04-07,Day_2,FA,20.0
S04-07,Day_2,TR,0.0058
S04-07,Day_2,n0,4
S04-07,Day_2,center,G
S04-07,Day_2,field_strength,4.7
S04-07,Day_2,BAT,285.0
S04-07,Day_2,duration,30.0
S04-07,Day_2,study,4
S04-07,Day_2,visit,2
S04-07,Day_2,substance,Rifampicin
S04-08,Day_1,FA,20.0
S04-08,Day_1,TR,0.0058
S04-08,Day_1,n0,4
S04-08,Day_1,center,G
S04-08,Day_1,field_strength,4.7
S04-08,Day_1,BAT,285.0
S04-08,Day_1,duration,30.0
S04-08,Day_1,study,4
S04-08,Day_1,visit,1
S04-08,Day_1,substance,Placebo
S04-08,Day_2,FA,20.0
S04-08,Day_2,TR,0.0058
S04-08,Day_2,n0,4
S04-08,Day_2,center,G
S04-08,Day_2,field_strength,4.7
S04-08,Day_2,BAT,285.0
S04-08,Day_2,duration,30.0
S04-08,Day_2,study,4
S04-08,Day_2,visit,2
S04-08,Day_2,substance,Rifampicin
