subject,study,parameter,value
S14-06,Day_3,FA,30.0
S14-06,Day_3,TR,0.036
S14-06,Day_3,n0,4
S14-06,Day_3,center,A
S14-06,Day_3,field_strength,7.0
S14-06,Day_3,BAT,285.0
S14-06,Day_3,duration,30.0
S14-06,Day_3,study,14
S14-06,Day_3,visit,3
S14-06,Day_3,substance,Placebo
S14-06,Day_3,H,0.418
S14-06,Day_3,ve,0.23
S14-06,Day_3,khe,0.006522046339221877
S14-06,Day_3,Th,327.49803165928574
S14-06,Day_3,Kbh,0.003053453466371838
S14-06,Day_3,Khe,0.028356723214008162
S14-06,Day_3,kbh,0.002351159169106315
S14-06,Day_3,E,0.2285146193207046
S14-06,Day_3,Ktrans,0.005031663402822595
