subject,study,parameter,value
S14-06,Day_3,FA,30.0
S14-06,Day_3,TR,0.036
S14-06,Day_3,n0,4
S14-06,Day_3,center,A
S14-06,Day_3,field_strength,7.0
S14-06,Day_3,BAT,285.0
S14-06,Day_3,duration,30.0
S14-06,Day_3,study,14
S14-06,Day_3,visit,3
S14-06,Day_3,study arm,Placebo
S14-06,Day_3,substance,Placebo
S14-06,Day_3,ve,0.23
S14-06,Day_3,Fp,0.022019
S14-06,Day_3,E,0.1843850793589525
S14-06,Day_3,Th,309.8562796079374
S14-06,Day_3,vol,1000
S14-06,Day_3,Ktrans,0.0040599750624047744
S14-06,Day_3,khe,0.004977808717885841
S14-06,Day_3,Khe,0.021642646599503657
S14-06,Day_3,kbh,0.002485023059640052
S14-06,Day_3,Kbh,0.0032273026748572105
S14-06,Day_3,Te,8.519525489233885
S14-06,Day_3,CL,4.977808717885841
