subject,study,parameter,value
S02-03,Day_2,FA,20.0
S02-03,Day_2,TR,0.0058
S02-03,Day_2,n0,4
S02-03,Day_2,center,E
S02-03,Day_2,field_strength,7.0
S02-03,Day_2,BAT,285.0
S02-03,Day_2,duration,30.0
S02-03,Day_2,study,2
S02-03,Day_2,visit,2
S02-03,Day_2,substance,Placebo
S02-03,Day_2,ve,0.23
S02-03,Day_2,Fp,0.022019
S02-03,Day_2,E,0.8815808886335402
S02-03,Day_2,Th,155.47152487139135
S02-03,Day_2,vol,1000
S02-03,Day_2,Ktrans,0.01941152958682192
S02-03,Day_2,khe,0.1639222703398863
S02-03,Day_2,Khe,0.712705523216897
S02-03,Day_2,kbh,0.004952675421669382
S02-03,Day_2,Kbh,0.006432046002168029
S02-03,Day_2,Te,1.2369497077199578
S02-03,Day_2,CL,163.9222703398863
