subject,study,parameter,value
S02-03,Day_2,FA,20.0
S02-03,Day_2,TR,0.0058
S02-03,Day_2,n0,4
S02-03,Day_2,center,E
S02-03,Day_2,field_strength,7.0
S02-03,Day_2,BAT,285.0
S02-03,Day_2,duration,30.0
S02-03,Day_2,study,2
S02-03,Day_2,visit,2
S02-03,Day_2,substance,Placebo
S02-03,Day_2,H,0.418
S02-03,Day_2,ve,0.23
S02-03,Day_2,khe,0.02935281088602754
S02-03,Day_2,Th,167.33609815003032
S02-03,Day_2,Kbh,0.005975996877275214
S02-03,Day_2,Khe,0.1276209168957719
S02-03,Day_2,kbh,0.004601517595501915
S02-03,Day_2,E,0.5713797193396412
S02-03,Day_2,Ktrans,0.01258121004013956
