subject,study,parameter,value
S09-01,Day_2,FA,20.0
S09-01,Day_2,TR,0.0058
S09-01,Day_2,n0,4
S09-01,Day_2,center,G
S09-01,Day_2,field_strength,7.0
S09-01,Day_2,substance,Bosentan (high dose)
S09-01,Day_2,BAT,285.0
S09-01,Day_2,duration,30.0
S09-01,Day_2,study,9
S09-01,Day_2,visit,2
S09-01,Day_2,H,0.418
S09-01,Day_2,ve,0.23
S09-01,Day_2,khe,0.019057975394107616
S09-01,Day_2,Th,332.43802293699434
S09-01,Day_2,Kbh,0.0030080794945334098
S09-01,Day_2,Khe,0.08286076258307659
S09-01,Day_2,kbh,0.0023162212107907254
S09-01,Day_2,E,0.46395761156361653
S09-01,Day_2,Ktrans,0.010215882649019271
