subject,study,parameter,value
S09-01,Day_2,FA,20.0
S09-01,Day_2,TR,0.0058
S09-01,Day_2,n0,4
S09-01,Day_2,center,G
S09-01,Day_2,field_strength,7.0
S09-01,Day_2,substance,Bosentan (high dose)
S09-01,Day_2,BAT,285.0
S09-01,Day_2,duration,30.0
S09-01,Day_2,study,9
S09-01,Day_2,visit,2
S09-01,Day_2,ve,0.23
S09-01,Day_2,Fp,0.022019
S09-01,Day_2,E,0.5463700346494619
S09-01,Day_2,Th,311.96381969942456
S09-01,Day_2,vol,1000
S09-01,Day_2,Ktrans,0.0120305217929465
S09-01,Day_2,khe,0.026520562378744165
S09-01,Day_2,Khe,0.11530679295106158
S09-01,Day_2,kbh,0.002468234940647575
S09-01,Day_2,Kbh,0.003205499922918929
S09-01,Day_2,Te,4.738402835306951
S09-01,Day_2,CL,26.520562378744167
