subject,study,parameter,value
S02-02,Day_2,FA,20.0
S02-02,Day_2,TR,0.0058
S02-02,Day_2,n0,4
S02-02,Day_2,center,E
S02-02,Day_2,field_strength,7.0
S02-02,Day_2,BAT,285.0
S02-02,Day_2,duration,30.0
S02-02,Day_2,study,2
S02-02,Day_2,visit,2
S02-02,Day_2,substance,Placebo
S02-02,Day_2,ve,0.23
S02-02,Day_2,Fp,0.022019
S02-02,Day_2,E,0.7719812816307438
S02-02,Day_2,Th,252.73682038418013
S02-02,Day_2,vol,1000
S02-02,Day_2,Ktrans,0.016998255840227346
S02-02,Day_2,khe,0.07454763346533756
S02-02,Day_2,Khe,0.32412014550146767
S02-02,Day_2,kbh,0.003046647492160179
S02-02,Day_2,Kbh,0.003956685054753479
S02-02,Day_2,Te,2.3817750681197576
S02-02,Day_2,CL,74.54763346533757
