subject,study,parameter,value
S02-02,Day_2,FA,20.0
S02-02,Day_2,TR,0.0058
S02-02,Day_2,n0,4
S02-02,Day_2,center,E
S02-02,Day_2,field_strength,7.0
S02-02,Day_2,BAT,285.0
S02-02,Day_2,duration,30.0
S02-02,Day_2,study,2
S02-02,Day_2,visit,2
S02-02,Day_2,substance,Placebo
S02-02,Day_2,H,0.418
S02-02,Day_2,ve,0.23
S02-02,Day_2,khe,0.026696745629263725
S02-02,Day_2,Th,268.6865168109819
S02-02,Day_2,Kbh,0.003721809385409128
S02-02,Day_2,Khe,0.11607280708375532
S02-02,Day_2,kbh,0.002865793226765029
S02-02,Day_2,E,0.5480106130866012
S02-02,Day_2,Ktrans,0.012066645689553871
