subject,study,parameter,value
S14-06,Day_2,FA,30.0
S14-06,Day_2,TR,0.036
S14-06,Day_2,n0,4
S14-06,Day_2,center,A
S14-06,Day_2,field_strength,7.0
S14-06,Day_2,BAT,285.0
S14-06,Day_2,duration,30.0
S14-06,Day_2,study,14
S14-06,Day_2,visit,2
S14-06,Day_2,study arm,Placebo
S14-06,Day_2,substance,Placebo
S14-06,Day_2,ve,0.23
S14-06,Day_2,Fp,0.022019
S14-06,Day_2,E,0.40031560984322306
S14-06,Day_2,Th,233.90134253578273
S14-06,Day_2,vol,1000
S14-06,Day_2,Ktrans,0.008814549413137928
S14-06,Day_2,khe,0.014698647418241983
S14-06,Day_2,Khe,0.06390716268800863
S14-06,Day_2,kbh,0.003291986235103391
S14-06,Day_2,Kbh,0.004275306798835573
S14-06,Day_2,Te,6.264017881650334
S14-06,Day_2,CL,14.698647418241983
