subject,study,parameter,value
S14-06,Day_2,FA,30.0
S14-06,Day_2,TR,0.036
S14-06,Day_2,n0,4
S14-06,Day_2,center,A
S14-06,Day_2,field_strength,7.0
S14-06,Day_2,BAT,285.0
S14-06,Day_2,duration,30.0
S14-06,Day_2,study,14
S14-06,Day_2,visit,2
S14-06,Day_2,substance,Placebo
S14-06,Day_2,H,0.418
S14-06,Day_2,ve,0.23
S14-06,Day_2,khe,0.01418868680876878
S14-06,Day_2,Th,243.65070037736328
S14-06,Day_2,Kbh,0.00410423609885468
S14-06,Day_2,Khe,0.06168994264682078
S14-06,Day_2,kbh,0.003160261796118104
S14-06,Day_2,E,0.3918694636226406
S14-06,Day_2,Ktrans,0.008628573719506923
