subject,study,parameter,value
S01-05,Day_2,FA,30.0
S01-05,Day_2,TR,0.036
S01-05,Day_2,n0,4
S01-05,Day_2,center,A
S01-05,Day_2,field_strength,7.0
S01-05,Day_2,BAT,285.0
S01-05,Day_2,duration,30.0
S01-05,Day_2,study,1
S01-05,Day_2,visit,2
S01-05,Day_2,substance,Rifampicin (high dose)
S01-05,Day_2,H,0.418
S01-05,Day_2,ve,0.23
S01-05,Day_2,khe,0.0027156605878702685
S01-05,Day_2,Th,1419.9785637069015
S01-05,Day_2,Kbh,0.0007042359832457376
S01-05,Day_2,Khe,0.011807219947262037
S01-05,Day_2,kbh,0.000542261707099218
S01-05,Day_2,E,0.10979170618585372
S01-05,Day_2,Ktrans,0.002417503578506313
