subject,study,parameter,value
S01-05,Day_4,FA,30.0
S01-05,Day_4,TR,0.036
S01-05,Day_4,n0,4
S01-05,Day_4,center,A
S01-05,Day_4,field_strength,7.0
S01-05,Day_4,BAT,285.0
S01-05,Day_4,duration,30.0
S01-05,Day_4,study,1
S01-05,Day_4,visit,4
S01-05,Day_4,substance,Rifampicin (high dose)
S01-05,Day_4,H,0.418
S01-05,Day_4,ve,0.23
S01-05,Day_4,khe,0.015926465542608948
S01-05,Day_4,Th,372.829327140601
S01-05,Day_4,Kbh,0.002682192432847111
S01-05,Day_4,Khe,0.06924550235916933
S01-05,Day_4,kbh,0.0020652881732922757
S01-05,Day_4,E,0.4197198615134956
S01-05,Day_4,Ktrans,0.009241811630665661
