subject,study,parameter,value
S08-05,Day_2,FA,20.0
S08-05,Day_2,TR,0.0058
S08-05,Day_2,n0,4
S08-05,Day_2,center,G
S08-05,Day_2,field_strength,4.7
S08-05,Day_2,substance,Cyclosporine
S08-05,Day_2,BAT,285.0
S08-05,Day_2,duration,30.0
S08-05,Day_2,study,8
S08-05,Day_2,visit,2
S08-05,Day_2,H,0.418
S08-05,Day_2,ve,0.23
S08-05,Day_2,khe,0.0022447310227614297
S08-05,Day_2,Th,958.8061020200895
S08-05,Day_2,Kbh,0.0010429637419840361
S08-05,Day_2,Khe,0.009759700098962737
S08-05,Day_2,kbh,0.0008030820813277078
S08-05,Day_2,E,0.09251384383777098
S08-05,Day_2,Ktrans,0.002037062327463879
