subject,study,parameter,value
S13-03,Day_1,FA,20.0
S13-03,Day_1,TR,0.0058
S13-03,Day_1,n0,4
S13-03,Day_1,center,G
S13-03,Day_1,field_strength,4.7
S13-03,Day_1,BAT,285.0
S13-03,Day_1,duration,30.0
S13-03,Day_1,study,13
S13-03,Day_1,visit,1
S13-03,Day_1,substance,Placebo
S13-03,Day_1,H,0.418
S13-03,Day_1,ve,0.23
S13-03,Day_1,khe,0.024377309444748318
S13-03,Day_1,Th,214.66783181878625
S13-03,Day_1,Kbh,0.004658359808861157
S13-03,Day_1,Khe,0.10598830193368833
S13-03,Day_1,kbh,0.0035869370528230906
S13-03,Day_1,E,0.5254148387336361
S13-03,Day_1,Ktrans,0.011569109334075935
