subject,study,parameter,value
S12-02,Day_2,FA,20.0
S12-02,Day_2,TR,0.0058
S12-02,Day_2,n0,4
S12-02,Day_2,center,G
S12-02,Day_2,field_strength,4.7
S12-02,Day_2,substance,Rifampicin
S12-02,Day_2,BAT,285.0
S12-02,Day_2,duration,30.0
S12-02,Day_2,study,12
S12-02,Day_2,visit,2
S12-02,Day_2,H,0.418
S12-02,Day_2,ve,0.23
S12-02,Day_2,khe,0.012936188004659576
S12-02,Day_2,Th,490.4600009031994
S12-02,Day_2,Kbh,0.0020389022512711835
S12-02,Day_2,Khe,0.056244295672432935
S12-02,Day_2,kbh,0.0015699547334788115
S12-02,Day_2,E,0.370079199772439
S12-02,Day_2,Ktrans,0.008148773899789335
