subject,study,parameter,value
S05-03,Day_2,FA,20.0
S05-03,Day_2,TR,0.0058
S05-03,Day_2,n0,4
S05-03,Day_2,center,E
S05-03,Day_2,field_strength,7.0
S05-03,Day_2,substance,Asunaprevir
S05-03,Day_2,BAT,285.0
S05-03,Day_2,duration,30.0
S05-03,Day_2,study,5
S05-03,Day_2,visit,2
S05-03,Day_2,H,0.418
S05-03,Day_2,ve,0.23
S05-03,Day_2,khe,0.010342903225398027
S05-03,Day_2,Th,387.05635929557184
S05-03,Day_2,Kbh,0.002583603074807924
S05-03,Day_2,Khe,0.04496914445825229
S05-03,Day_2,kbh,0.0019893743676021015
S05-03,Day_2,E,0.31960120371662154
S05-03,Day_2,Ktrans,0.0070372989046362895
