subject,study,parameter,value
S05-03,Day_2,FA,20.0
S05-03,Day_2,TR,0.0058
S05-03,Day_2,n0,4
S05-03,Day_2,center,E
S05-03,Day_2,field_strength,7.0
S05-03,Day_2,substance,Asunaprevir
S05-03,Day_2,BAT,285.0
S05-03,Day_2,duration,30.0
S05-03,Day_2,study,5
S05-03,Day_2,visit,2
S05-03,Day_2,ve,0.23
S05-03,Day_2,Fp,0.022019
S05-03,Day_2,E,0.29369271514872913
S05-03,Day_2,Th,363.4476651171839
S05-03,Day_2,vol,1000
S05-03,Day_2,Ktrans,0.006466819894859867
S05-03,Day_2,khe,0.009155816503041737
S05-03,Day_2,Khe,0.0398078978393119
S05-03,Day_2,kbh,0.0021185993855586728
S05-03,Day_2,Kbh,0.0027514277734528216
S05-03,Day_2,Te,7.377749921240397
S05-03,Day_2,CL,9.155816503041738
