subject,study,parameter,value
S02-02,Day_3,FA,20.0
S02-02,Day_3,TR,0.0058
S02-02,Day_3,n0,4
S02-02,Day_3,center,D
S02-02,Day_3,field_strength,4.7
S02-02,Day_3,BAT,292.0
S02-02,Day_3,duration,22.0
S02-02,Day_3,study,2
S02-02,Day_3,visit,3
S02-02,Day_3,substance,Cyclosporine (clinical dose)
S02-02,Day_3,H,0.418
S02-02,Day_3,ve,0.23
S02-02,Day_3,khe,0.0024290863947307034
S02-02,Day_3,Th,1235.2438356473301
S02-02,Day_3,Kbh,0.0008095567621075797
S02-02,Day_3,Khe,0.010561245194481319
S02-02,Day_3,kbh,0.0006233587068228364
S02-02,Day_3,E,0.0993569130733375
S02-02,Day_3,Ktrans,0.002187739868961818
