subject,study,parameter,value
S01-07,Day_1,FA,30.0
S01-07,Day_1,TR,0.036
S01-07,Day_1,n0,4
S01-07,Day_1,center,A
S01-07,Day_1,field_strength,7.0
S01-07,Day_1,BAT,285.0
S01-07,Day_1,duration,30.0
S01-07,Day_1,study,1
S01-07,Day_1,visit,1
S01-07,Day_1,substance,Rifampicin (clinical dose)
S01-07,Day_1,H,0.418
S01-07,Day_1,ve,0.23
S01-07,Day_1,khe,0.011045644908711943
S01-07,Day_1,Th,294.844597994
S01-07,Day_1,Kbh,0.00339161716647883
S01-07,Day_1,Khe,0.04802454308135627
S01-07,Day_1,kbh,0.0026115452181886987
S01-07,Day_1,E,0.33406210589007757
S01-07,Day_1,Ktrans,0.007355713509593618
