subject,study,parameter,value
S04-03,Day_1,FA,20.0
S04-03,Day_1,TR,0.0058
S04-03,Day_1,n0,4
S04-03,Day_1,center,G
S04-03,Day_1,field_strength,4.7
S04-03,Day_1,BAT,285.0
S04-03,Day_1,duration,30.0
S04-03,Day_1,study,4
S04-03,Day_1,visit,1
S04-03,Day_1,substance,Placebo
S04-03,Day_1,H,0.418
S04-03,Day_1,ve,0.23
S04-03,Day_1,khe,0.030103895986168916
S04-03,Day_1,Th,166.64208453399442
S04-03,Day_1,Kbh,0.006000885087320204
S04-03,Day_1,Khe,0.13088650428769094
S04-03,Day_1,kbh,0.004620681517236557
S04-03,Day_1,E,0.5775560896339518
S04-03,Day_1,Ktrans,0.012717207537649981
