subject,study,parameter,value
S14-04,Day_1,FA,30.0
S14-04,Day_1,TR,0.036
S14-04,Day_1,n0,4
S14-04,Day_1,center,A
S14-04,Day_1,field_strength,7.0
S14-04,Day_1,BAT,285.0
S14-04,Day_1,duration,30.0
S14-04,Day_1,study,14
S14-04,Day_1,visit,1
S14-04,Day_1,substance,Rifampicin (clinical dose)
S14-04,Day_1,H,0.418
S14-04,Day_1,ve,0.23
S14-04,Day_1,khe,0.0025134742534893575
S14-04,Day_1,Th,433.72389168130775
S14-04,Day_1,Kbh,0.002305614284063423
S14-04,Day_1,Khe,0.010928148928214598
S14-04,Day_1,kbh,0.0017753229987288357
S14-04,Day_1,E,0.10245498385193884
S14-04,Day_1,Ktrans,0.002255956289435841
