subject,study,parameter,value
S14-04,Day_1,FA,30.0
S14-04,Day_1,TR,0.036
S14-04,Day_1,n0,4
S14-04,Day_1,center,A
S14-04,Day_1,field_strength,7.0
S14-04,Day_1,BAT,285.0
S14-04,Day_1,duration,30.0
S14-04,Day_1,study,14
S14-04,Day_1,visit,1
S14-04,Day_1,study arm,Rifampicin (clinical dose)
S14-04,Day_1,substance,Placebo
S14-04,Day_1,ve,0.23
S14-04,Day_1,Fp,0.022019
S14-04,Day_1,E,0.06847446345130598
S14-04,Day_1,Th,421.04854714582297
S14-04,Day_1,vol,1000
S14-04,Day_1,Ktrans,0.0015077392107343064
S14-04,Day_1,khe,0.001618569917385718
S14-04,Day_1,Khe,0.007037260510372687
S14-04,Day_1,kbh,0.0018287677400138937
S14-04,Day_1,Kbh,0.0023750230389790825
S14-04,Day_1,Te,9.730272646632436
S14-04,Day_1,CL,1.618569917385718
