subject,study,parameter,value
S14-08,Day_1,FA,30.0
S14-08,Day_1,TR,0.036
S14-08,Day_1,n0,4
S14-08,Day_1,center,A
S14-08,Day_1,field_strength,7.0
S14-08,Day_1,BAT,285.0
S14-08,Day_1,duration,30.0
S14-08,Day_1,study,14
S14-08,Day_1,visit,1
S14-08,Day_1,study arm,Rifampicin (high dose)
S14-08,Day_1,substance,Placebo
S14-08,Day_1,ve,0.23
S14-08,Day_1,Fp,0.022019
S14-08,Day_1,E,0.3267437149485256
S14-08,Day_1,Th,332.82848980775117
S14-08,Day_1,vol,1000
S14-08,Day_1,Ktrans,0.007194569859451586
S14-08,Day_1,khe,0.010686227546916281
S14-08,Day_1,Khe,0.046461858899636
S14-08,Day_1,kbh,0.002313503872354102
S14-08,Day_1,Kbh,0.0030045504835767554
S14-08,Day_1,Te,7.03251489903443
S14-08,Day_1,CL,10.686227546916282
