subject,study,parameter,value
S14-08,Day_1,FA,30.0
S14-08,Day_1,TR,0.036
S14-08,Day_1,n0,4
S14-08,Day_1,center,A
S14-08,Day_1,field_strength,7.0
S14-08,Day_1,BAT,285.0
S14-08,Day_1,duration,30.0
S14-08,Day_1,study,14
S14-08,Day_1,visit,1
S14-08,Day_1,substance,Rifampicin (high dose)
S14-08,Day_1,H,0.418
S14-08,Day_1,ve,0.23
S14-08,Day_1,khe,0.01160288366390014
S14-08,Day_1,Th,349.52197870566465
S14-08,Day_1,Kbh,0.002861050408627116
S14-08,Day_1,Khe,0.05044732027782669
S14-08,Day_1,kbh,0.0022030088146428794
S14-08,Day_1,E,0.34509915565373783
S14-08,Day_1,Ktrans,0.007598738308339653
