subject,study,parameter,value
S01-06,Day_2,FA,20.0
S01-06,Day_2,TR,0.0058
S01-06,Day_2,n0,4
S01-06,Day_2,center,D
S01-06,Day_2,field_strength,4.7
S01-06,Day_2,BAT,292.0
S01-06,Day_2,duration,22.0
S01-06,Day_2,study,1
S01-06,Day_2,visit,2
S01-06,Day_2,substance,Rifampicin
S01-06,Day_2,H,0.418
S01-06,Day_2,ve,0.23
S01-06,Day_2,khe,0.004487422545133368
S01-06,Day_2,Th,542.5488844930122
S01-06,Day_2,Kbh,0.0018431518865520394
S01-06,Day_2,Khe,0.019510532804927684
S01-06,Day_2,kbh,0.0014192269526450705
S01-06,Day_2,E,0.16929566928515094
S01-06,Day_2,Ktrans,0.003727721341989739
