subject,study,parameter,value
S01-06,Day_2,FA,20.0
S01-06,Day_2,TR,0.0058
S01-06,Day_2,n0,4
S01-06,Day_2,center,D
S01-06,Day_2,field_strength,4.7
S01-06,Day_2,BAT,292.0
S01-06,Day_2,duration,22.0
S01-06,Day_2,study,1
S01-06,Day_2,visit,2
S01-06,Day_2,substance,Rifampicin
S01-06,Day_2,ve,0.23
S01-06,Day_2,Fp,0.022019
S01-06,Day_2,E,0.12440835604200425
S01-06,Day_2,Th,514.3454931950355
S01-06,Day_2,vol,1000
S01-06,Day_2,Ktrans,0.0027393475916888915
S01-06,Day_2,khe,0.0031285675355534853
S01-06,Day_2,Khe,0.013602467545884718
S01-06,Day_2,kbh,0.0014970482101765447
S01-06,Day_2,Kbh,0.0019442184547747332
S01-06,Day_2,Te,9.146013811269315
S01-06,Day_2,CL,3.1285675355534854
