subject,study,parameter,value
S04-01,Day_2,FA,20.0
S04-01,Day_2,TR,0.0058
S04-01,Day_2,n0,4
S04-01,Day_2,center,G
S04-01,Day_2,field_strength,4.7
S04-01,Day_2,BAT,285.0
S04-01,Day_2,duration,30.0
S04-01,Day_2,study,4
S04-01,Day_2,visit,2
S04-01,Day_2,substance,Placebo
S04-01,Day_2,ve,0.23
S04-01,Day_2,Fp,0.022019
S04-01,Day_2,E,0.7112481263240341
S04-01,Day_2,Th,373.84665313381464
S04-01,Day_2,vol,1000
S04-01,Day_2,Ktrans,0.015660972493528907
S04-01,Day_2,khe,0.05423678223852315
S04-01,Day_2,Khe,0.2358120966892311
S04-01,Day_2,kbh,0.002059668031117524
S04-01,Day_2,Kbh,0.0026748935469058754
S04-01,Day_2,Te,3.0161647189005927
S04-01,Day_2,CL,54.23678223852315
