subject,study,parameter,value
S04-01,Day_2,FA,20.0
S04-01,Day_2,TR,0.0058
S04-01,Day_2,n0,4
S04-01,Day_2,center,G
S04-01,Day_2,field_strength,4.7
S04-01,Day_2,BAT,285.0
S04-01,Day_2,duration,30.0
S04-01,Day_2,study,4
S04-01,Day_2,visit,2
S04-01,Day_2,substance,Placebo
S04-01,Day_2,H,0.418
S04-01,Day_2,ve,0.23
S04-01,Day_2,khe,0.025377011462328753
S04-01,Day_2,Th,392.0076706139316
S04-01,Day_2,Kbh,0.0025509704910464596
S04-01,Day_2,Khe,0.11033483244490762
S04-01,Day_2,kbh,0.001964247278105774
S04-01,Day_2,E,0.5354250427274642
S04-01,Day_2,Ktrans,0.011789524015816033
