subject,study,parameter,value
S02-09,Day_1,FA,20.0
S02-09,Day_1,TR,0.0058
S02-09,Day_1,n0,4
S02-09,Day_1,center,D
S02-09,Day_1,field_strength,4.7
S02-09,Day_1,BAT,292.0
S02-09,Day_1,duration,22.0
S02-09,Day_1,study,2
S02-09,Day_1,visit,1
S02-09,Day_1,substance,Placebo
S02-09,Day_1,H,0.418
S02-09,Day_1,ve,0.23
S02-09,Day_1,khe,0.02380420274067599
S02-09,Day_1,Th,295.90087371693386
S02-09,Day_1,Kbh,0.0033795101293165658
S02-09,Day_1,Khe,0.103496533655113
S02-09,Day_1,kbh,0.0026022227995737557
S02-09,Day_1,E,0.5194792445082774
S02-09,Day_1,Ktrans,0.01143841348482776
