subject,study,parameter,value
S05-05,Day_2,FA,20.0
S05-05,Day_2,TR,0.0058
S05-05,Day_2,n0,4
S05-05,Day_2,center,E
S05-05,Day_2,field_strength,7.0
S05-05,Day_2,substance,Asunaprevir
S05-05,Day_2,BAT,285.0
S05-05,Day_2,duration,30.0
S05-05,Day_2,study,5
S05-05,Day_2,visit,2
S05-05,Day_2,ve,0.23
S05-05,Day_2,Fp,0.022019
S05-05,Day_2,E,0.43035543354012157
S05-05,Day_2,Th,240.2134761092565
S05-05,Day_2,vol,1000
S05-05,Day_2,Ktrans,0.009475996291119938
S05-05,Day_2,khe,0.016634927899004823
S05-05,Day_2,Khe,0.07232577347393401
S05-05,Day_2,kbh,0.003205482108962864
S05-05,Day_2,Kbh,0.004162963777873849
S05-05,Day_2,Te,5.950236172658706
S05-05,Day_2,CL,16.634927899004822
