subject,study,parameter,value
S05-05,Day_2,FA,20.0
S05-05,Day_2,TR,0.0058
S05-05,Day_2,n0,4
S05-05,Day_2,center,E
S05-05,Day_2,field_strength,7.0
S05-05,Day_2,substance,Asunaprevir
S05-05,Day_2,BAT,285.0
S05-05,Day_2,duration,30.0
S05-05,Day_2,study,5
S05-05,Day_2,visit,2
S05-05,Day_2,H,0.418
S05-05,Day_2,ve,0.23
S05-05,Day_2,khe,0.01475469332083746
S05-05,Day_2,Th,258.6386430776314
S05-05,Day_2,Kbh,0.0038663982616853046
S05-05,Day_2,Khe,0.06415084052538025
S05-05,Day_2,kbh,0.002977126661497685
S05-05,Day_2,E,0.4012295744163628
S05-05,Day_2,Ktrans,0.008834673999073896
