subject,study,parameter,value
S09-02,Day_1,FA,20.0
S09-02,Day_1,TR,0.0058
S09-02,Day_1,n0,4
S09-02,Day_1,center,G
S09-02,Day_1,field_strength,7.0
S09-02,Day_1,substance,Placebo
S09-02,Day_1,BAT,285.0
S09-02,Day_1,duration,30.0
S09-02,Day_1,study,9
S09-02,Day_1,visit,1
S09-02,Day_1,H,0.418
S09-02,Day_1,ve,0.23
S09-02,Day_1,khe,0.017119483660395195
S09-02,Day_1,Th,231.52277806184225
S09-02,Day_1,Kbh,0.004319229444166781
S09-02,Day_1,Khe,0.07443253765389214
S09-02,Day_1,kbh,0.0033258066720084217
S09-02,Day_1,E,0.4374079437757741
S09-02,Day_1,Ktrans,0.00963128551399877
