subject,study,parameter,value
S10-06,Day_2,FA,20.0
S10-06,Day_2,TR,0.0058
S10-06,Day_2,n0,4
S10-06,Day_2,center,G
S10-06,Day_2,field_strength,7.0
S10-06,Day_2,substance,Bosentan
S10-06,Day_2,BAT,285.0
S10-06,Day_2,duration,30.0
S10-06,Day_2,study,10
S10-06,Day_2,visit,2
S10-06,Day_2,ve,0.23
S10-06,Day_2,Fp,0.022019
S10-06,Day_2,E,0.8999999204964204
S10-06,Day_2,Th,296.27419558422616
S10-06,Day_2,vol,1000
S10-06,Day_2,Ktrans,0.01981709824941068
S10-06,Day_2,khe,0.1981708249412073
S10-06,Day_2,Khe,0.8616122823530752
S10-06,Day_2,kbh,0.00259894385497066
S10-06,Day_2,Kbh,0.0033752517597021555
S10-06,Day_2,Te,1.0445532624471277
S10-06,Day_2,CL,198.17082494120731
