subject,study,parameter,value
S10-06,Day_2,FA,20.0
S10-06,Day_2,TR,0.0058
S10-06,Day_2,n0,4
S10-06,Day_2,center,G
S10-06,Day_2,field_strength,7.0
S10-06,Day_2,substance,Bosentan
S10-06,Day_2,BAT,285.0
S10-06,Day_2,duration,30.0
S10-06,Day_2,study,10
S10-06,Day_2,visit,2
S10-06,Day_2,H,0.418
S10-06,Day_2,ve,0.23
S10-06,Day_2,khe,0.03678805247148498
S10-06,Day_2,Th,268.6283317693166
S10-06,Day_2,Kbh,0.00372261553133102
S10-06,Day_2,Khe,0.15994805422384772
S10-06,Day_2,kbh,0.0028664139591248854
S10-06,Day_2,E,0.6255721197610301
S10-06,Day_2,Ktrans,0.013774472505018117
