subject,study,parameter,value
S13-04,Day_2,FA,20.0
S13-04,Day_2,TR,0.0058
S13-04,Day_2,n0,4
S13-04,Day_2,center,G
S13-04,Day_2,field_strength,4.7
S13-04,Day_2,BAT,285.0
S13-04,Day_2,duration,30.0
S13-04,Day_2,study,13
S13-04,Day_2,visit,2
S13-04,Day_2,substance,Placebo
S13-04,Day_2,H,0.418
S13-04,Day_2,ve,0.23
S13-04,Day_2,khe,0.0329789034531488
S13-04,Day_2,Th,238.99075768996644
S13-04,Day_2,Kbh,0.004184262226982274
S13-04,Day_2,Khe,0.14338653675282087
S13-04,Day_2,kbh,0.003221881914776351
S13-04,Day_2,E,0.5996392840909404
S13-04,Day_2,Ktrans,0.013203457396398412
