subject,study,parameter,value
S13-04,Day_2,FA,20.0
S13-04,Day_2,TR,0.0058
S13-04,Day_2,n0,4
S13-04,Day_2,center,G
S13-04,Day_2,field_strength,4.7
S13-04,Day_2,BAT,285.0
S13-04,Day_2,duration,30.0
S13-04,Day_2,study,13
S13-04,Day_2,visit,2
S13-04,Day_2,substance,Placebo
S13-04,Day_2,ve,0.23
S13-04,Day_2,Fp,0.022019
S13-04,Day_2,E,0.8999932778986772
S13-04,Day_2,Th,237.36476872845662
S13-04,Day_2,vol,1000
S13-04,Day_2,Ktrans,0.019816951986050973
S13-04,Day_2,khe,0.19815619959999525
S13-04,Day_2,Khe,0.8615486939130228
S13-04,Day_2,kbh,0.003243952352848429
S13-04,Day_2,Kbh,0.0042129251335693875
S13-04,Day_2,Te,1.0446226478634015
S13-04,Day_2,CL,198.15619959999526
