subject,study,parameter,value
S06-03,Day_2,FA,20.0
S06-03,Day_2,TR,0.0058
S06-03,Day_2,n0,4
S06-03,Day_2,center,E
S06-03,Day_2,field_strength,7.0
S06-03,Day_2,substance,Pioglitazone
S06-03,Day_2,BAT,285.0
S06-03,Day_2,duration,30.0
S06-03,Day_2,study,6
S06-03,Day_2,visit,2
S06-03,Day_2,ve,0.23
S06-03,Day_2,Fp,0.022019
S06-03,Day_2,E,0.7324110323843567
S06-03,Day_2,Th,205.6544130926318
S06-03,Day_2,vol,1000
S06-03,Day_2,Ktrans,0.01612695852207115
S06-03,Day_2,khe,0.06026765103872079
S06-03,Day_2,Khe,0.26203326538574256
S06-03,Day_2,kbh,0.0037441452795529025
S06-03,Day_2,Kbh,0.004862526337081691
S06-03,Day_2,Te,2.795107068967617
S06-03,Day_2,CL,60.267651038720786
