subject,study,parameter,value
S06-03,Day_2,FA,20.0
S06-03,Day_2,TR,0.0058
S06-03,Day_2,n0,4
S06-03,Day_2,center,E
S06-03,Day_2,field_strength,7.0
S06-03,Day_2,substance,Pioglitazone
S06-03,Day_2,BAT,285.0
S06-03,Day_2,duration,30.0
S06-03,Day_2,study,6
S06-03,Day_2,visit,2
S06-03,Day_2,H,0.418
S06-03,Day_2,ve,0.23
S06-03,Day_2,khe,0.024930982015274213
S06-03,Day_2,Th,220.23411253704083
S06-03,Day_2,Kbh,0.004540622651415146
S06-03,Day_2,Khe,0.1083955739794531
S06-03,Day_2,kbh,0.0034962794415896625
S06-03,Day_2,E,0.5310115349386807
S06-03,Day_2,Ktrans,0.01169234298781481
