subject,study,parameter,value
S10-05,Day_2,FA,20.0
S10-05,Day_2,TR,0.0058
S10-05,Day_2,n0,4
S10-05,Day_2,center,G
S10-05,Day_2,field_strength,7.0
S10-05,Day_2,substance,Bosentan
S10-05,Day_2,BAT,285.0
S10-05,Day_2,duration,30.0
S10-05,Day_2,study,10
S10-05,Day_2,visit,2
S10-05,Day_2,H,0.418
S10-05,Day_2,ve,0.23
S10-05,Day_2,khe,0.034149810228135784
S10-05,Day_2,Th,256.904592087663
S10-05,Day_2,Kbh,0.003892495622105393
S10-05,Day_2,Khe,0.1484774357745034
S10-05,Day_2,kbh,0.002997221629021153
S10-05,Day_2,E,0.6079852873762607
S10-05,Day_2,Ktrans,0.013387228042737884
