subject,study,parameter,value
S11-01,Day_1,FA,20.0
S11-01,Day_1,TR,0.0058
S11-01,Day_1,n0,4
S11-01,Day_1,center,G
S11-01,Day_1,field_strength,7.0
S11-01,Day_1,BAT,285.0
S11-01,Day_1,duration,30.0
S11-01,Day_1,study,11
S11-01,Day_1,visit,1
S11-01,Day_1,substance,Placebo
S11-02,Day_1,FA,20.0
S11-02,Day_1,TR,0.0058
S11-02,Day_1,n0,4
S11-02,Day_1,center,G
S11-02,Day_1,field_strength,7.0
S11-02,Day_1,BAT,285.0
S11-02,Day_1,duration,30.0
S11-02,Day_1,study,11
S11-02,Day_1,visit,1
S11-02,Day_1,substance,Placebo
S11-03,Day_1,FA,20.0
S11-03,Day_1,TR,0.0058
S11-03,Day_1,n0,4
S11-03,Day_1,center,G
S11-03,Day_1,field_strength,7.0
S11-03,Day_1,BAT,285.0
S11-03,Day_1,duration,30.0
S11-03,Day_1,study,11
S11-03,Day_1,visit,1
S11-03,Day_1,substance,Placebo
S11-04,Day_1,FA,20.0
S11-04,Day_1,TR,0.0058
S11-04,Day_1,n0,4
S11-04,Day_1,center,G
S11-04,Day_1,field_strength,7.0
S11-04,Day_1,BAT,285.0
S11-04,Day_1,duration,30.0
S11-04,Day_1,study,11
S11-04,Day_1,visit,1
S11-04,Day_1,substance,Placebo
S11-05,Day_1,FA,20.0
S11-05,Day_1,TR,0.0058
S11-05,Day_1,n0,4
S11-05,Day_1,center,G
S11-05,Day_1,field_strength,7.0
S11-05,Day_1,BAT,285.0
S11-05,Day_1,duration,30.0
S11-05,Day_1,study,11
S11-05,Day_1,visit,1
S11-05,Day_1,substance,Placebo
S11-06,Day_1,FA,20.0
S11-06,Day_1,TR,0.0058
S11-06,Day_1,n0,4
S11-06,Day_1,center,G
S11-06,Day_1,field_strength,7.0
S11-06,Day_1,BAT,285.0
S11-06,Day_1,duration,30.0
S11-06,Day_1,study,11
S11-06,Day_1,visit,1
S11-06,Day_1,substance,Placebo
