subject,study,parameter,value
S06-05,Day_1,FA,20.0
S06-05,Day_1,TR,0.0058
S06-05,Day_1,n0,4
S06-05,Day_1,center,E
S06-05,Day_1,field_strength,7.0
S06-05,Day_1,substance,Pioglitazone
S06-05,Day_1,BAT,285.0
S06-05,Day_1,duration,30.0
S06-05,Day_1,study,6
S06-05,Day_1,visit,1
S06-05,Day_1,H,0.418
S06-05,Day_1,ve,0.23
S06-05,Day_1,khe,0.01978705730621583
S06-05,Day_1,Th,170.73141066129278
S06-05,Day_1,Kbh,0.005857153034270067
S06-05,Day_1,Khe,0.08603068394006883
S06-05,Day_1,kbh,0.004510007836387952
S06-05,Day_1,E,0.47330598916042343
S06-05,Day_1,Ktrans,0.010421724575323364
