subject,study,parameter,value
S01-02,Day_1,FA,20.0
S01-02,Day_1,TR,0.0058
S01-02,Day_1,n0,4
S01-02,Day_1,center,D
S01-02,Day_1,field_strength,4.7
S01-02,Day_1,BAT,292.0
S01-02,Day_1,duration,22.0
S01-02,Day_1,study,1
S01-02,Day_1,visit,1
S01-02,Day_1,substance,Placebo
S01-02,Day_1,ve,0.23
S01-02,Day_1,Fp,0.022019
S01-02,Day_1,E,0.6864855721239358
S01-02,Day_1,Th,241.2597710513465
S01-02,Day_1,vol,1000
S01-02,Day_1,Ktrans,0.015115725812596943
S01-02,Day_1,khe,0.04821381240729489
S01-02,Day_1,Khe,0.2096252713360647
S01-02,Day_1,kbh,0.0031915805799058125
S01-02,Day_1,Kbh,0.004144909844033523
S01-02,Day_1,Te,3.274822581020699
S01-02,Day_1,CL,48.21381240729489
