subject,study,parameter,value
S01-02,Day_1,FA,20.0
S01-02,Day_1,TR,0.0058
S01-02,Day_1,n0,4
S01-02,Day_1,center,D
S01-02,Day_1,field_strength,4.7
S01-02,Day_1,BAT,292.0
S01-02,Day_1,duration,22.0
S01-02,Day_1,study,1
S01-02,Day_1,visit,1
S01-02,Day_1,substance,Placebo
S01-02,Day_1,H,0.418
S01-02,Day_1,ve,0.23
S01-02,Day_1,khe,0.02384854162871208
S01-02,Day_1,Th,256.8051963373231
S01-02,Day_1,Kbh,0.0038940022019120796
S01-02,Day_1,Khe,0.10368931142918295
S01-02,Day_1,kbh,0.0029983816954723013
S01-02,Day_1,E,0.5199437506758247
S01-02,Day_1,Ktrans,0.01144864144613098
