subject,study,parameter,value
S10-06,Day_1,FA,20.0
S10-06,Day_1,TR,0.0058
S10-06,Day_1,n0,4
S10-06,Day_1,center,G
S10-06,Day_1,field_strength,7.0
S10-06,Day_1,substance,Bosentan
S10-06,Day_1,BAT,285.0
S10-06,Day_1,duration,30.0
S10-06,Day_1,study,10
S10-06,Day_1,visit,1
S10-06,Day_1,H,0.418
S10-06,Day_1,ve,0.23
S10-06,Day_1,khe,0.0399664444125737
S10-06,Day_1,Th,225.37840045586304
S10-06,Day_1,Kbh,0.0044369824170255165
S10-06,Day_1,Khe,0.17376714961988565
S10-06,Day_1,kbh,0.0034164764611096477
S10-06,Day_1,E,0.6447714425754209
S10-06,Day_1,Ktrans,0.014197222394068187
