parameter,description,unit,type
time,Acquisition time,sec,float
spleen,Signal intensity in the spleen,a.u.,float
liver,Signal intensity in the liver,a.u.,float
FA,Flip angle,deg,float
TR,Repetition time,sec,float
n0,Number of precontrast acquisitions,,int
center,"Center where the study was performed (E, G or D)",,str
field_strength,B0-field of scanner on which the study was performed,T,float
substance,"What was injected, eg. saline, vehicle or drug name",,str
BAT,Bolus arrival time,sec,float
duration,Duration of the injection,sec,float
study,Study number,,int
visit,Visit number,,int
H,Hematocrit,,float
ve,Liver extracellular volume fraction,mL/cm3,float
khe,Hepatocellular uptake rate,mL/sec/cm3,float
Th,Hepatocellular mean transit time,sec,float
Kbh,Biliary tissue excretion rate,mL/sec/cm3,float
Khe,Hepatocellular tissue uptake rate,mL/sec/cm3,float
kbh,Biliary excretion rate,mL/sec/cm3,float
E,Liver extraction fraction,,float
Ktrans,Hepatic plasma clearance,mL/sec/cm3,float
