subject,study,parameter,value
S10-02,Day_1,FA,20.0
S10-02,Day_1,TR,0.0058
S10-02,Day_1,n0,4
S10-02,Day_1,center,G
S10-02,Day_1,field_strength,7.0
S10-02,Day_1,substance,Placebo
S10-02,Day_1,BAT,285.0
S10-02,Day_1,duration,30.0
S10-02,Day_1,study,10
S10-02,Day_1,visit,1
S10-02,Day_1,ve,0.23
S10-02,Day_1,Fp,0.022019
S10-02,Day_1,E,0.7512128152579244
S10-02,Day_1,Th,245.12752192959604
S10-02,Day_1,vol,1000
S10-02,Day_1,Ktrans,0.016540954979164236
S10-02,Day_1,khe,0.06648636261675894
S10-02,Day_1,Khe,0.2890711418119954
S10-02,Day_1,kbh,0.0031412221440444963
S10-02,Day_1,Kbh,0.004079509277979865
S10-02,Day_1,Te,2.5987125887041826
S10-02,Day_1,CL,66.48636261675894
