subject,study,parameter,value
S10-02,Day_1,FA,20.0
S10-02,Day_1,TR,0.0058
S10-02,Day_1,n0,4
S10-02,Day_1,center,G
S10-02,Day_1,field_strength,7.0
S10-02,Day_1,substance,Placebo
S10-02,Day_1,BAT,285.0
S10-02,Day_1,duration,30.0
S10-02,Day_1,study,10
S10-02,Day_1,visit,1
S10-02,Day_1,H,0.418
S10-02,Day_1,ve,0.23
S10-02,Day_1,khe,0.025874343357649213
S10-02,Day_1,Th,261.5754458760631
S10-02,Day_1,Kbh,0.003822988800232455
S10-02,Day_1,Khe,0.11249714503325745
S10-02,Day_1,kbh,0.0029437013761789907
S10-02,Day_1,E,0.5402492610388356
S10-02,Day_1,Ktrans,0.01189574847881412
