subject,study,parameter,value
S04-03,Day_2,FA,20.0
S04-03,Day_2,TR,0.0058
S04-03,Day_2,n0,4
S04-03,Day_2,center,G
S04-03,Day_2,field_strength,4.7
S04-03,Day_2,BAT,285.0
S04-03,Day_2,duration,30.0
S04-03,Day_2,study,4
S04-03,Day_2,visit,2
S04-03,Day_2,substance,Placebo
S04-03,Day_2,H,0.418
S04-03,Day_2,ve,0.23
S04-03,Day_2,khe,0.03176269570490673
S04-03,Day_2,Th,201.23542207000764
S04-03,Day_2,Kbh,0.0049693040604556725
S04-03,Day_2,Khe,0.13809867697785536
S04-03,Day_2,kbh,0.003826364126550868
S04-03,Day_2,E,0.5905856126066491
S04-03,Day_2,Ktrans,0.013004104603985807
