subject,study,parameter,value
S09-03,Day_2,FA,20.0
S09-03,Day_2,TR,0.0058
S09-03,Day_2,n0,4
S09-03,Day_2,center,G
S09-03,Day_2,field_strength,7.0
S09-03,Day_2,substance,Bosentan (high dose)
S09-03,Day_2,BAT,285.0
S09-03,Day_2,duration,30.0
S09-03,Day_2,study,9
S09-03,Day_2,visit,2
S09-03,Day_2,H,0.418
S09-03,Day_2,ve,0.23
S09-03,Day_2,khe,0.025136815644651485
S09-03,Day_2,Th,328.37572966422357
S09-03,Day_2,Kbh,0.0030452920531689027
S09-03,Day_2,Khe,0.10929050280283253
S09-03,Day_2,kbh,0.002344874880940055
S09-03,Day_2,E,0.5330586546116196
S09-03,Day_2,Ktrans,0.011737418515893253
