subject,study,parameter,value
S09-03,Day_2,FA,20.0
S09-03,Day_2,TR,0.0058
S09-03,Day_2,n0,4
S09-03,Day_2,center,G
S09-03,Day_2,field_strength,7.0
S09-03,Day_2,substance,Bosentan (high dose)
S09-03,Day_2,BAT,285.0
S09-03,Day_2,duration,30.0
S09-03,Day_2,study,9
S09-03,Day_2,visit,2
S09-03,Day_2,ve,0.23
S09-03,Day_2,Fp,0.022019
S09-03,Day_2,E,0.7186869253013488
S09-03,Day_2,Th,309.78475059229845
S09-03,Day_2,vol,1000
S09-03,Day_2,Ktrans,0.0158247674082104
S09-03,Day_2,khe,0.05625322401087202
S09-03,Day_2,Khe,0.24457923482987834
S09-03,Day_2,kbh,0.0024855968491921724
S09-03,Day_2,Kbh,0.0032280478560937306
S09-03,Day_2,Te,2.9384625632721635
S09-03,Day_2,CL,56.253224010872025
