subject,study,parameter,value
S08-06,Day_1,FA,20.0
S08-06,Day_1,TR,0.0058
S08-06,Day_1,n0,4
S08-06,Day_1,center,G
S08-06,Day_1,field_strength,4.7
S08-06,Day_1,substance,Placebo
S08-06,Day_1,BAT,285.0
S08-06,Day_1,duration,30.0
S08-06,Day_1,study,8
S08-06,Day_1,visit,1
S08-06,Day_1,H,0.418
S08-06,Day_1,ve,0.23
S08-06,Day_1,khe,0.025848053984690207
S08-06,Day_1,Th,292.2920014766057
S08-06,Day_1,Kbh,0.0034212362806651667
S08-06,Day_1,Khe,0.11238284341169655
S08-06,Day_1,kbh,0.0026343519361121787
S08-06,Day_1,E,0.5399967583749241
S08-06,Day_1,Ktrans,0.011890188622657455
