subject,study,parameter,value
S08-06,Day_1,FA,20.0
S08-06,Day_1,TR,0.0058
S08-06,Day_1,n0,4
S08-06,Day_1,center,G
S08-06,Day_1,field_strength,4.7
S08-06,Day_1,substance,Placebo
S08-06,Day_1,BAT,285.0
S08-06,Day_1,duration,30.0
S08-06,Day_1,study,8
S08-06,Day_1,visit,1
S08-06,Day_1,ve,0.23
S08-06,Day_1,Fp,0.022019
S08-06,Day_1,E,0.7335800404479916
S08-06,Day_1,Th,277.6721467147507
S08-06,Day_1,vol,1000
S08-06,Day_1,Ktrans,0.01615269891062433
S08-06,Day_1,khe,0.06062871166929642
S08-06,Day_1,Khe,0.26360309421433226
S08-06,Day_1,kbh,0.002773054514506318
S08-06,Day_1,Kbh,0.0036013694993588543
S08-06,Day_1,Te,2.7828961668087526
S08-06,Day_1,CL,60.62871166929642
