subject,study,parameter,value
S15-10,Day_1,FA,20.0
S15-10,Day_1,TR,0.0058
S15-10,Day_1,n0,4
S15-10,Day_1,center,D
S15-10,Day_1,field_strength,4.7
S15-10,Day_1,BAT,292.0
S15-10,Day_1,duration,22.0
S15-10,Day_1,study,15
S15-10,Day_1,visit,1
S15-10,Day_1,substance,Placebo
S15-10,Day_1,H,0.418
S15-10,Day_1,ve,0.23
S15-10,Day_1,khe,0.03364440696177902
S15-10,Day_1,Th,233.28474615056558
S15-10,Day_1,Kbh,0.004286606889224487
S15-10,Day_1,Khe,0.14628003026860442
S15-10,Day_1,kbh,0.003300687304702855
S15-10,Day_1,E,0.6044259379394576
S15-10,Day_1,Ktrans,0.013308854727488917
