subject,study,parameter,value
S15-10,Day_1,FA,20.0
S15-10,Day_1,TR,0.0058
S15-10,Day_1,n0,4
S15-10,Day_1,center,D
S15-10,Day_1,field_strength,4.7
S15-10,Day_1,BAT,292.0
S15-10,Day_1,duration,22.0
S15-10,Day_1,study,15
S15-10,Day_1,visit,1
S15-10,Day_1,study arm,Placebo
S15-10,Day_1,substance,Placebo
S15-10,Day_1,ve,0.23
S15-10,Day_1,Fp,0.022019
S15-10,Day_1,E,0.8999999703488369
S15-10,Day_1,Th,236.20621884765245
S15-10,Day_1,vol,1000
S15-10,Day_1,Ktrans,0.019817099347111043
S15-10,Day_1,khe,0.19817093471112343
S15-10,Day_1,Khe,0.8616127596135801
S15-10,Day_1,kbh,0.0032598633675120646
S15-10,Day_1,Kbh,0.004233588788976707
S15-10,Day_1,Te,1.0445527417124985
S15-10,Day_1,CL,198.17093471112344
