subject,study,parameter,value
S04-06,Day_2,FA,20.0
S04-06,Day_2,TR,0.0058
S04-06,Day_2,n0,4
S04-06,Day_2,center,G
S04-06,Day_2,field_strength,4.7
S04-06,Day_2,BAT,285.0
S04-06,Day_2,duration,30.0
S04-06,Day_2,study,4
S04-06,Day_2,visit,2
S04-06,Day_2,substance,Rifampicin
S04-06,Day_2,H,0.418
S04-06,Day_2,ve,0.23
S04-06,Day_2,khe,0.004853092010827224
S04-06,Day_2,Th,603.017577827383
S04-06,Day_2,Kbh,0.00165832645144924
S04-06,Day_2,Khe,0.021100400047074887
S04-06,Day_2,kbh,0.0012769113676159149
S04-06,Day_2,E,0.18059970950054172
S04-06,Day_2,Ktrans,0.003976625003492428
