subject,study,parameter,value
S08-04,Day_2,FA,20.0
S08-04,Day_2,TR,0.0058
S08-04,Day_2,n0,4
S08-04,Day_2,center,G
S08-04,Day_2,field_strength,4.7
S08-04,Day_2,substance,Cyclosporine
S08-04,Day_2,BAT,285.0
S08-04,Day_2,duration,30.0
S08-04,Day_2,study,8
S08-04,Day_2,visit,2
S08-04,Day_2,H,0.418
S08-04,Day_2,ve,0.23
S08-04,Day_2,khe,0.003006307654210998
S08-04,Day_2,Th,705.1848492233994
S08-04,Day_2,Kbh,0.0014180679024815583
S08-04,Day_2,Khe,0.013070902844395643
S08-04,Day_2,kbh,0.0010919122849108
S08-04,Day_2,E,0.1201306971227236
S08-04,Day_2,Ktrans,0.002645157819945251
