subject,study,parameter,value
S08-04,Day_2,FA,20.0
S08-04,Day_2,TR,0.0058
S08-04,Day_2,n0,4
S08-04,Day_2,center,G
S08-04,Day_2,field_strength,4.7
S08-04,Day_2,substance,Cyclosporine
S08-04,Day_2,BAT,285.0
S08-04,Day_2,duration,30.0
S08-04,Day_2,study,8
S08-04,Day_2,visit,2
S08-04,Day_2,ve,0.23
S08-04,Day_2,Fp,0.022019
S08-04,Day_2,E,0.08205435682413692
S08-04,Day_2,Th,676.5324553984663
S08-04,Day_2,vol,1000
S08-04,Day_2,Ktrans,0.0018067548829106708
S08-04,Day_2,khe,0.0019682591189819796
S08-04,Day_2,Khe,0.00855764834339991
S08-04,Day_2,kbh,0.001138156778519196
S08-04,Day_2,Kbh,0.0014781256863885663
S08-04,Day_2,Te,9.588423540144808
S08-04,Day_2,CL,1.9682591189819796
