subject,study,parameter,value
S01-01,Day_1,FA,30.0
S01-01,Day_1,TR,0.036
S01-01,Day_1,n0,4
S01-01,Day_1,center,A
S01-01,Day_1,field_strength,7.0
S01-01,Day_1,BAT,285.0
S01-01,Day_1,duration,30.0
S01-01,Day_1,study,1
S01-01,Day_1,visit,1
S01-01,Day_1,substance,Rifampicin (clinical dose)
S01-01,Day_1,H,0.418
S01-01,Day_1,ve,0.23
S01-01,Day_1,khe,0.00942109333433171
S01-01,Day_1,Th,455.97619814639404
S01-01,Day_1,Kbh,0.002193096929324683
S01-01,Day_1,Khe,0.040961275366659604
S01-01,Day_1,kbh,0.001688684635580006
S01-01,Day_1,E,0.2996522063133997
S01-01,Day_1,Ktrans,0.00659804193081475
S01-01,Day_2,FA,30.0
S01-01,Day_2,TR,0.036
S01-01,Day_2,n0,4
S01-01,Day_2,center,A
S01-01,Day_2,field_strength,7.0
S01-01,Day_2,BAT,285.0
S01-01,Day_2,duration,30.0
S01-01,Day_2,study,1
S01-01,Day_2,visit,2
S01-01,Day_2,substance,Rifampicin (clinical dose)
S01-01,Day_2,H,0.418
S01-01,Day_2,ve,0.23
S01-01,Day_2,khe,0.004239015099599719
S01-01,Day_2,Th,701.0691872093475
S01-01,Day_2,Kbh,0.0014263927416073817
S01-01,Day_2,Khe,0.018430500433042254
S01-01,Day_2,kbh,0.001098322411037684
S01-01,Day_2,E,0.1614369967996682
S01-01,Day_2,Ktrans,0.003554681232531894
S01-01,Day_3,FA,30.0
S01-01,Day_3,TR,0.036
S01-01,Day_3,n0,4
S01-01,Day_3,center,A
S01-01,Day_3,field_strength,7.0
S01-01,Day_3,BAT,285.0
S01-01,Day_3,duration,30.0
S01-01,Day_3,study,1
S01-01,Day_3,visit,3
S01-01,Day_3,substance,Rifampicin (clinical dose)
S01-01,Day_3,H,0.418
S01-01,Day_3,ve,0.23
S01-01,Day_3,khe,0.00843125507518934
S01-01,Day_3,Th,313.4190302593516
S01-01,Day_3,Kbh,0.003190616725386804
S01-01,Day_3,Khe,0.03665763076169278
S01-01,Day_3,kbh,0.002456774878547839
S01-01,Day_3,E,0.2768861887813567
S01-01,Day_3,Ktrans,0.006096756990776692
S01-01,Day_4,FA,30.0
S01-01,Day_4,TR,0.036
S01-01,Day_4,n0,4
S01-01,Day_4,center,A
S01-01,Day_4,field_strength,7.0
S01-01,Day_4,BAT,285.0
S01-01,Day_4,duration,30.0
S01-01,Day_4,study,1
S01-01,Day_4,visit,4
S01-01,Day_4,substance,Rifampicin (clinical dose)
S01-01,Day_4,H,0.418
S01-01,Day_4,ve,0.23
S01-01,Day_4,khe,0.01404089194240253
S01-01,Day_4,Th,384.89768666368144
S01-01,Day_4,Kbh,0.0025980930378357585
S01-01,Day_4,Khe,0.06104735627131535
S01-01,Day_4,kbh,0.002000531639133534
S01-01,Day_4,E,0.38937698329295223
S01-01,Day_4,Ktrans,0.008573691795127514
S01-02,Day_1,FA,30.0
S01-02,Day_1,TR,0.036
S01-02,Day_1,n0,4
S01-02,Day_1,center,A
S01-02,Day_1,field_strength,7.0
S01-02,Day_1,BAT,285.0
S01-02,Day_1,duration,30.0
S01-02,Day_1,study,1
S01-02,Day_1,visit,1
S01-02,Day_1,substance,Rifampicin (high dose)
S01-02,Day_1,H,0.418
S01-02,Day_1,ve,0.23
S01-02,Day_1,khe,0.011728971542191192
S01-02,Day_1,Th,484.7257523510371
S01-02,Day_1,Kbh,0.002063022224731734
S01-02,Day_1,Khe,0.05099552844430953
S01-02,Day_1,kbh,0.001588527113043435
S01-02,Day_1,E,0.3475459710971906
S01-02,Day_1,Ktrans,0.0076526147375890405
S01-02,Day_2,FA,30.0
S01-02,Day_2,TR,0.036
S01-02,Day_2,n0,4
S01-02,Day_2,center,A
S01-02,Day_2,field_strength,7.0
S01-02,Day_2,BAT,285.0
S01-02,Day_2,duration,30.0
S01-02,Day_2,study,1
S01-02,Day_2,visit,2
S01-02,Day_2,substance,Rifampicin (high dose)
S01-02,Day_2,H,0.418
S01-02,Day_2,ve,0.23
S01-02,Day_2,khe,0.0036683063359721005
S01-02,Day_2,Th,1054.1675467095638
S01-02,Day_2,Kbh,0.0009486158088639323
S01-02,Day_2,Khe,0.015949157982487392
S01-02,Day_2,kbh,0.0007304341728252279
S01-02,Day_2,E,0.1428061894849232
S01-02,Day_2,Ktrans,0.0031444494862685243
S01-02,Day_3,FA,30.0
S01-02,Day_3,TR,0.036
S01-02,Day_3,n0,4
S01-02,Day_3,center,A
S01-02,Day_3,field_strength,7.0
S01-02,Day_3,BAT,285.0
S01-02,Day_3,duration,30.0
S01-02,Day_3,study,1
S01-02,Day_3,visit,3
S01-02,Day_3,substance,Rifampicin (high dose)
S01-02,Day_3,H,0.418
S01-02,Day_3,ve,0.23
S01-02,Day_3,khe,0.004694149440564798
S01-02,Day_3,Th,697.642778686958
S01-02,Day_3,Kbh,0.0014333983387344914
S01-02,Day_3,Khe,0.020409345393759992
S01-02,Day_3,kbh,0.0011037167208255583
S01-02,Day_3,E,0.17572429829021124
S01-02,Day_3,Ktrans,0.0038692733240521613
S01-02,Day_4,FA,30.0
S01-02,Day_4,TR,0.036
S01-02,Day_4,n0,4
S01-02,Day_4,center,A
S01-02,Day_4,field_strength,7.0
S01-02,Day_4,BAT,285.0
S01-02,Day_4,duration,30.0
S01-02,Day_4,study,1
S01-02,Day_4,visit,4
S01-02,Day_4,substance,Rifampicin (high dose)
S01-02,Day_4,H,0.418
S01-02,Day_4,ve,0.23
S01-02,Day_4,khe,0.015397761795250469
S01-02,Day_4,Th,315.5098017760216
S01-02,Day_4,Kbh,0.003169473640346342
S01-02,Day_4,Khe,0.06694679041413247
S01-02,Day_4,kbh,0.0024404947030666835
S01-02,Day_4,E,0.4115204271152347
S01-02,Day_4,Ktrans,0.009061268284650354
S01-03,Day_1,FA,30.0
S01-03,Day_1,TR,0.036
S01-03,Day_1,n0,4
S01-03,Day_1,center,A
S01-03,Day_1,field_strength,7.0
S01-03,Day_1,BAT,285.0
S01-03,Day_1,duration,30.0
S01-03,Day_1,study,1
S01-03,Day_1,visit,1
S01-03,Day_1,substance,Placebo
S01-03,Day_1,H,0.418
S01-03,Day_1,ve,0.23
S01-03,Day_1,khe,0.019518532294626446
S01-03,Day_1,Th,312.73164404829697
S01-03,Day_1,Kbh,0.0031976297219400165
S01-03,Day_1,Khe,0.0848631838896802
S01-03,Day_1,kbh,0.0024621748858938124
S01-03,Day_1,E,0.4699011042875911
S01-03,Day_1,Ktrans,0.010346752415308469
S01-03,Day_2,FA,30.0
S01-03,Day_2,TR,0.036
S01-03,Day_2,n0,4
S01-03,Day_2,center,A
S01-03,Day_2,field_strength,7.0
S01-03,Day_2,BAT,285.0
S01-03,Day_2,duration,30.0
S01-03,Day_2,study,1
S01-03,Day_2,visit,2
S01-03,Day_2,substance,Placebo
S01-03,Day_2,H,0.418
S01-03,Day_2,ve,0.23
S01-03,Day_2,khe,0.015383663015141512
S01-03,Day_2,Th,327.29249171777815
S01-03,Day_2,Kbh,0.0030553710375436673
S01-03,Day_2,Khe,0.06688549137018049
S01-03,Day_2,kbh,0.002352635698908624
S01-03,Day_2,E,0.41129860215872405
S01-03,Day_2,Ktrans,0.009056383920932946
S01-03,Day_3,FA,30.0
S01-03,Day_3,TR,0.036
S01-03,Day_3,n0,4
S01-03,Day_3,center,A
S01-03,Day_3,field_strength,7.0
S01-03,Day_3,BAT,285.0
S01-03,Day_3,duration,30.0
S01-03,Day_3,study,1
S01-03,Day_3,visit,3
S01-03,Day_3,substance,Placebo
S01-03,Day_3,H,0.418
S01-03,Day_3,ve,0.23
S01-03,Day_3,khe,0.012785220377539744
S01-03,Day_3,Th,395.362740637085
S01-03,Day_3,Kbh,0.002529322814761468
S01-03,Day_3,Khe,0.05558791468495541
S01-03,Day_3,kbh,0.0019475785673663303
S01-03,Day_3,E,0.3673468400915668
S01-03,Day_3,Ktrans,0.008088610071976211
S01-03,Day_4,FA,30.0
S01-03,Day_4,TR,0.036
S01-03,Day_4,n0,4
S01-03,Day_4,center,A
S01-03,Day_4,field_strength,7.0
S01-03,Day_4,BAT,285.0
S01-03,Day_4,duration,30.0
S01-03,Day_4,study,1
S01-03,Day_4,visit,4
S01-03,Day_4,substance,Placebo
S01-03,Day_4,H,0.418
S01-03,Day_4,ve,0.23
S01-03,Day_4,khe,0.015981039338145098
S01-03,Day_4,Th,348.7564163036913
S01-03,Day_4,Kbh,0.002867330759383697
S01-03,Day_4,Khe,0.06948277973106563
S01-03,Day_4,kbh,0.002207844684725447
S01-03,Day_4,E,0.4205532314305542
S01-03,Day_4,Ktrans,0.009260161602869372
S01-04,Day_1,FA,30.0
S01-04,Day_1,TR,0.036
S01-04,Day_1,n0,4
S01-04,Day_1,center,A
S01-04,Day_1,field_strength,7.0
S01-04,Day_1,BAT,285.0
S01-04,Day_1,duration,30.0
S01-04,Day_1,study,1
S01-04,Day_1,visit,1
S01-04,Day_1,substance,Rifampicin (clinical dose)
S01-04,Day_1,H,0.418
S01-04,Day_1,ve,0.23
S01-04,Day_1,khe,0.0025696158008731004
S01-04,Day_1,Th,427.13876446884495
S01-04,Day_1,Kbh,0.002341159555592007
S01-04,Day_1,Khe,0.01117224261249174
S01-04,Day_1,kbh,0.0018026928578058455
S01-04,Day_1,E,0.1045042885570589
S01-04,Day_1,Ktrans,0.00230107992973788
S01-04,Day_2,FA,30.0
S01-04,Day_2,TR,0.036
S01-04,Day_2,n0,4
S01-04,Day_2,center,A
S01-04,Day_2,field_strength,7.0
S01-04,Day_2,BAT,285.0
S01-04,Day_2,duration,30.0
S01-04,Day_2,study,1
S01-04,Day_2,visit,2
S01-04,Day_2,substance,Rifampicin (clinical dose)
S01-04,Day_2,H,0.418
S01-04,Day_2,ve,0.23
S01-04,Day_2,khe,0.004742253745326043
S01-04,Day_2,Th,510.0733936911524
S01-04,Day_2,Kbh,0.0019605021794285088
S01-04,Day_2,Khe,0.020618494544895838
S01-04,Day_2,kbh,0.0015095866781599518
S01-04,Day_2,E,0.17720596316061224
S01-04,Day_2,Ktrans,0.003901898102833521
S01-04,Day_3,FA,30.0
S01-04,Day_3,TR,0.036
S01-04,Day_3,n0,4
S01-04,Day_3,center,A
S01-04,Day_3,field_strength,7.0
S01-04,Day_3,BAT,285.0
S01-04,Day_3,duration,30.0
S01-04,Day_3,study,1
S01-04,Day_3,visit,3
S01-04,Day_3,substance,Rifampicin (clinical dose)
S01-04,Day_3,H,0.418
S01-04,Day_3,ve,0.23
S01-04,Day_3,khe,0.014605241967253685
S01-04,Day_3,Th,280.64377382619557
S01-04,Day_3,Kbh,0.003563236006865081
S01-04,Day_3,Khe,0.06350105203153776
S01-04,Day_3,kbh,0.0027436917252861123
S01-04,Day_3,E,0.39878619140602184
S01-04,Day_3,Ktrans,0.008780873148569195
S01-04,Day_4,FA,30.0
S01-04,Day_4,TR,0.036
S01-04,Day_4,n0,4
S01-04,Day_4,center,A
S01-04,Day_4,field_strength,7.0
S01-04,Day_4,BAT,285.0
S01-04,Day_4,duration,30.0
S01-04,Day_4,study,1
S01-04,Day_4,visit,4
S01-04,Day_4,substance,Rifampicin (clinical dose)
S01-04,Day_4,H,0.418
S01-04,Day_4,ve,0.23
S01-04,Day_4,khe,0.004105359174041608
S01-04,Day_4,Th,389.8945519912255
S01-04,Day_4,Kbh,0.002564796032396228
S01-04,Day_4,Khe,0.01784938771322438
S01-04,Day_4,kbh,0.0019748929449450955
S01-04,Day_4,E,0.15714678958023537
S01-04,Day_4,Ktrans,0.003460215159767202
S01-05,Day_1,FA,30.0
S01-05,Day_1,TR,0.036
S01-05,Day_1,n0,4
S01-05,Day_1,center,A
S01-05,Day_1,field_strength,7.0
S01-05,Day_1,BAT,285.0
S01-05,Day_1,duration,30.0
S01-05,Day_1,study,1
S01-05,Day_1,visit,1
S01-05,Day_1,substance,Rifampicin (high dose)
S01-05,Day_1,H,0.418
S01-05,Day_1,ve,0.23
S01-05,Day_1,khe,0.011726848786336114
S01-05,Day_1,Th,445.22406373803267
S01-05,Day_1,Kbh,0.0022460600884960124
S01-05,Day_1,Khe,0.05098629907102658
S01-05,Day_1,kbh,0.0017294662681419297
S01-05,Day_1,E,0.3475049289939443
S01-05,Day_1,Ktrans,0.007651711031517661
S01-05,Day_2,FA,30.0
S01-05,Day_2,TR,0.036
S01-05,Day_2,n0,4
S01-05,Day_2,center,A
S01-05,Day_2,field_strength,7.0
S01-05,Day_2,BAT,285.0
S01-05,Day_2,duration,30.0
S01-05,Day_2,study,1
S01-05,Day_2,visit,2
S01-05,Day_2,substance,Rifampicin (high dose)
S01-05,Day_2,H,0.418
S01-05,Day_2,ve,0.23
S01-05,Day_2,khe,0.0027156605878702685
S01-05,Day_2,Th,1419.9785637069015
S01-05,Day_2,Kbh,0.0007042359832457376
S01-05,Day_2,Khe,0.011807219947262037
S01-05,Day_2,kbh,0.000542261707099218
S01-05,Day_2,E,0.10979170618585372
S01-05,Day_2,Ktrans,0.002417503578506313
S01-05,Day_3,FA,30.0
S01-05,Day_3,TR,0.036
S01-05,Day_3,n0,4
S01-05,Day_3,center,A
S01-05,Day_3,field_strength,7.0
S01-05,Day_3,BAT,285.0
S01-05,Day_3,duration,30.0
S01-05,Day_3,study,1
S01-05,Day_3,visit,3
S01-05,Day_3,substance,Rifampicin (high dose)
S01-05,Day_3,H,0.418
S01-05,Day_3,ve,0.23
S01-05,Day_3,khe,0.009439477696041887
S01-05,Day_3,Th,429.8908425951284
S01-05,Day_3,Kbh,0.002326171904391555
S01-05,Day_3,Khe,0.04104120737409516
S01-05,Day_3,kbh,0.0017911523663814973
S01-05,Day_3,E,0.30006149017279254
S01-05,Day_3,Ktrans,0.00660705395211472
S01-05,Day_4,FA,30.0
S01-05,Day_4,TR,0.036
S01-05,Day_4,n0,4
S01-05,Day_4,center,A
S01-05,Day_4,field_strength,7.0
S01-05,Day_4,BAT,285.0
S01-05,Day_4,duration,30.0
S01-05,Day_4,study,1
S01-05,Day_4,visit,4
S01-05,Day_4,substance,Rifampicin (high dose)
S01-05,Day_4,H,0.418
S01-05,Day_4,ve,0.23
S01-05,Day_4,khe,0.015926465542608948
S01-05,Day_4,Th,372.829327140601
S01-05,Day_4,Kbh,0.002682192432847111
S01-05,Day_4,Khe,0.06924550235916933
S01-05,Day_4,kbh,0.0020652881732922757
S01-05,Day_4,E,0.4197198615134956
S01-05,Day_4,Ktrans,0.009241811630665661
S01-06,Day_1,FA,30.0
S01-06,Day_1,TR,0.036
S01-06,Day_1,n0,4
S01-06,Day_1,center,A
S01-06,Day_1,field_strength,7.0
S01-06,Day_1,BAT,285.0
S01-06,Day_1,duration,30.0
S01-06,Day_1,study,1
S01-06,Day_1,visit,1
S01-06,Day_1,substance,Placebo
S01-06,Day_1,H,0.418
S01-06,Day_1,ve,0.23
S01-06,Day_1,khe,0.018883156947073453
S01-06,Day_1,Th,249.86861447199348
S01-06,Day_1,Kbh,0.004002103273807063
S01-06,Day_1,Khe,0.08210068237858023
S01-06,Day_1,kbh,0.0030816195208314386
S01-06,Day_1,E,0.4616665319510623
S01-06,Day_1,Ktrans,0.010165435367030445
S01-06,Day_2,FA,30.0
S01-06,Day_2,TR,0.036
S01-06,Day_2,n0,4
S01-06,Day_2,center,A
S01-06,Day_2,field_strength,7.0
S01-06,Day_2,BAT,285.0
S01-06,Day_2,duration,30.0
S01-06,Day_2,study,1
S01-06,Day_2,visit,2
S01-06,Day_2,substance,Placebo
S01-06,Day_2,H,0.418
S01-06,Day_2,ve,0.23
S01-06,Day_2,khe,0.014291234290912096
S01-06,Day_2,Th,242.57287004754951
S01-06,Day_2,Kbh,0.004122472557644136
S01-06,Day_2,Khe,0.0621358012648352
S01-06,Day_2,kbh,0.0031743038693859845
S01-06,Day_2,E,0.3935869478674495
S01-06,Day_2,Ktrans,0.008666391005093371
S01-06,Day_3,FA,30.0
S01-06,Day_3,TR,0.036
S01-06,Day_3,n0,4
S01-06,Day_3,center,A
S01-06,Day_3,field_strength,7.0
S01-06,Day_3,BAT,285.0
S01-06,Day_3,duration,30.0
S01-06,Day_3,study,1
S01-06,Day_3,visit,3
S01-06,Day_3,substance,Placebo
S01-06,Day_3,H,0.418
S01-06,Day_3,ve,0.23
S01-06,Day_3,khe,0.006592623675685784
S01-06,Day_3,Th,325.322720054578
S01-06,Day_3,Kbh,0.003073870770022562
S01-06,Day_3,Khe,0.028663581198633842
S01-06,Day_3,kbh,0.0023668804929173727
S01-06,Day_3,E,0.23041767046895031
S01-06,Day_3,Ktrans,0.005073566686055817
S01-06,Day_4,FA,30.0
S01-06,Day_4,TR,0.036
S01-06,Day_4,n0,4
S01-06,Day_4,center,A
S01-06,Day_4,field_strength,7.0
S01-06,Day_4,BAT,285.0
S01-06,Day_4,duration,30.0
S01-06,Day_4,study,1
S01-06,Day_4,visit,4
S01-06,Day_4,substance,Placebo
S01-06,Day_4,H,0.418
S01-06,Day_4,ve,0.23
S01-06,Day_4,khe,0.01668765832892798
S01-06,Day_4,Th,191.7855804614335
S01-06,Day_4,Kbh,0.005214156338521455
S01-06,Day_4,Khe,0.07255503621273034
S01-06,Day_4,kbh,0.004014900380661521
S01-06,Day_4,E,0.4311314654733761
S01-06,Day_4,Ktrans,0.00949308373825827
S01-07,Day_1,FA,30.0
S01-07,Day_1,TR,0.036
S01-07,Day_1,n0,4
S01-07,Day_1,center,A
S01-07,Day_1,field_strength,7.0
S01-07,Day_1,BAT,285.0
S01-07,Day_1,duration,30.0
S01-07,Day_1,study,1
S01-07,Day_1,visit,1
S01-07,Day_1,substance,Rifampicin (clinical dose)
S01-07,Day_1,H,0.418
S01-07,Day_1,ve,0.23
S01-07,Day_1,khe,0.011045644908711943
S01-07,Day_1,Th,294.844597994
S01-07,Day_1,Kbh,0.00339161716647883
S01-07,Day_1,Khe,0.04802454308135627
S01-07,Day_1,kbh,0.0026115452181886987
S01-07,Day_1,E,0.33406210589007757
S01-07,Day_1,Ktrans,0.007355713509593618
S01-07,Day_2,FA,30.0
S01-07,Day_2,TR,0.036
S01-07,Day_2,n0,4
S01-07,Day_2,center,A
S01-07,Day_2,field_strength,7.0
S01-07,Day_2,BAT,285.0
S01-07,Day_2,duration,30.0
S01-07,Day_2,study,1
S01-07,Day_2,visit,2
S01-07,Day_2,substance,Rifampicin (clinical dose)
S01-07,Day_2,H,0.418
S01-07,Day_2,ve,0.23
S01-07,Day_2,khe,0.006140381127732231
S01-07,Day_2,Th,534.9348171877125
S01-07,Day_2,Kbh,0.0018693866390250174
S01-07,Day_2,Khe,0.0266973092510097
S01-07,Day_2,kbh,0.0014394277120492634
S01-07,Day_2,E,0.21805809935520898
S01-07,Day_2,Ktrans,0.004801421289702346
S01-07,Day_3,FA,30.0
S01-07,Day_3,TR,0.036
S01-07,Day_3,n0,4
S01-07,Day_3,center,A
S01-07,Day_3,field_strength,7.0
S01-07,Day_3,BAT,285.0
S01-07,Day_3,duration,30.0
S01-07,Day_3,study,1
S01-07,Day_3,visit,3
S01-07,Day_3,substance,Rifampicin (clinical dose)
S01-07,Day_3,H,0.418
S01-07,Day_3,ve,0.23
S01-07,Day_3,khe,0.00729956079496845
S01-07,Day_3,Th,346.76581982922914
S01-07,Day_3,Kbh,0.0028837905664764406
S01-07,Day_3,Khe,0.03173722084768891
S01-07,Day_3,kbh,0.002220518736186859
S01-07,Day_3,E,0.2489740491020683
S01-07,Day_3,Ktrans,0.005482159587178442
S01-07,Day_4,FA,30.0
S01-07,Day_4,TR,0.036
S01-07,Day_4,n0,4
S01-07,Day_4,center,A
S01-07,Day_4,field_strength,7.0
S01-07,Day_4,BAT,285.0
S01-07,Day_4,duration,30.0
S01-07,Day_4,study,1
S01-07,Day_4,visit,4
S01-07,Day_4,substance,Rifampicin (clinical dose)
S01-07,Day_4,H,0.418
S01-07,Day_4,ve,0.23
S01-07,Day_4,khe,0.011718708005995485
S01-07,Day_4,Th,413.5263022253486
S01-07,Day_4,Kbh,0.00241822586524389
S01-07,Day_4,Khe,0.05095090437389341
S01-07,Day_4,kbh,0.0018620339162377954
S01-07,Day_4,E,0.34734748442048785
S01-07,Day_4,Ktrans,0.007648244259454723
S01-08,Day_1,FA,30.0
S01-08,Day_1,TR,0.036
S01-08,Day_1,n0,4
S01-08,Day_1,center,A
S01-08,Day_1,field_strength,7.0
S01-08,Day_1,BAT,285.0
S01-08,Day_1,duration,30.0
S01-08,Day_1,study,1
S01-08,Day_1,visit,1
S01-08,Day_1,substance,Rifampicin (high dose)
S01-08,Day_1,H,0.418
S01-08,Day_1,ve,0.23
S01-08,Day_1,khe,0.011670279405173666
S01-08,Day_1,Th,348.2680728915648
S01-08,Day_1,Kbh,0.0028713513463847016
S01-08,Day_1,Khe,0.0507403452398855
S01-08,Day_1,kbh,0.0022109405367162203
S01-08,Day_1,E,0.3464092913599529
S01-08,Day_1,Ktrans,0.007627586186454803
S01-08,Day_2,FA,30.0
S01-08,Day_2,TR,0.036
S01-08,Day_2,n0,4
S01-08,Day_2,center,A
S01-08,Day_2,field_strength,7.0
S01-08,Day_2,BAT,285.0
S01-08,Day_2,duration,30.0
S01-08,Day_2,study,1
S01-08,Day_2,visit,2
S01-08,Day_2,substance,Rifampicin (high dose)
S01-08,Day_2,H,0.418
S01-08,Day_2,ve,0.23
S01-08,Day_2,khe,0.0026593910500712793
S01-08,Day_2,Th,967.5589178191997
S01-08,Day_2,Kbh,0.0010335287924935052
S01-08,Day_2,Khe,0.011562569782918605
S01-08,Day_2,kbh,0.000795817170219999
S01-08,Day_2,E,0.10776193004947127
S01-08,Day_2,Ktrans,0.002372809937759308
S01-08,Day_3,FA,30.0
S01-08,Day_3,TR,0.036
S01-08,Day_3,n0,4
S01-08,Day_3,center,A
S01-08,Day_3,field_strength,7.0
S01-08,Day_3,BAT,285.0
S01-08,Day_3,duration,30.0
S01-08,Day_3,study,1
S01-08,Day_3,visit,3
S01-08,Day_3,substance,Rifampicin (high dose)
S01-08,Day_3,H,0.418
S01-08,Day_3,ve,0.23
S01-08,Day_3,khe,0.010515140085845484
S01-08,Day_3,Th,425.8020863452566
S01-08,Day_3,Kbh,0.0023485089248462764
S01-08,Day_3,Khe,0.04571800037324123
S01-08,Day_3,kbh,0.001808351872131633
S01-08,Day_3,E,0.3232032584263774
S01-08,Day_3,Ktrans,0.007116612547290406
S01-08,Day_4,FA,30.0
S01-08,Day_4,TR,0.036
S01-08,Day_4,n0,4
S01-08,Day_4,center,A
S01-08,Day_4,field_strength,7.0
S01-08,Day_4,BAT,285.0
S01-08,Day_4,duration,30.0
S01-08,Day_4,study,1
S01-08,Day_4,visit,4
S01-08,Day_4,substance,Rifampicin (high dose)
S01-08,Day_4,H,0.418
S01-08,Day_4,ve,0.23
S01-08,Day_4,khe,0.009289443709203786
S01-08,Day_4,Th,488.90052627346023
S01-08,Day_4,Kbh,0.002045405857142937
S01-08,Day_4,Khe,0.040388885692190374
S01-08,Day_4,kbh,0.0015749625100000616
S01-08,Day_4,E,0.2967072970948395
S01-08,Day_4,Ktrans,0.006533197974731271
S01-09,Day_1,FA,30.0
S01-09,Day_1,TR,0.036
S01-09,Day_1,n0,4
S01-09,Day_1,center,A
S01-09,Day_1,field_strength,7.0
S01-09,Day_1,BAT,285.0
S01-09,Day_1,duration,30.0
S01-09,Day_1,study,1
S01-09,Day_1,visit,1
S01-09,Day_1,substance,Placebo
S01-09,Day_1,H,0.418
S01-09,Day_1,ve,0.23
S01-09,Day_1,khe,0.008268675134486645
S01-09,Day_1,Th,325.5454793613559
S01-09,Day_1,Kbh,0.003071767428507274
S01-09,Day_1,Khe,0.03595076145428976
S01-09,Day_1,kbh,0.002365260919950601
S01-09,Day_1,E,0.2730046164907399
S01-09,Day_1,Ktrans,0.006011288650509601
S01-09,Day_2,FA,30.0
S01-09,Day_2,TR,0.036
S01-09,Day_2,n0,4
S01-09,Day_2,center,A
S01-09,Day_2,field_strength,7.0
S01-09,Day_2,BAT,285.0
S01-09,Day_2,duration,30.0
S01-09,Day_2,study,1
S01-09,Day_2,visit,2
S01-09,Day_2,substance,Placebo
S01-09,Day_2,H,0.418
S01-09,Day_2,ve,0.23
S01-09,Day_2,khe,0.008247803454542416
S01-09,Day_2,Th,340.6510610694362
S01-09,Day_2,Kbh,0.0029355552184708042
S01-09,Day_2,Khe,0.035860015019749635
S01-09,Day_2,kbh,0.002260377518222519
S01-09,Day_2,E,0.27250328786552425
S01-09,Day_2,Ktrans,0.006000249895510979
S01-09,Day_3,FA,30.0
S01-09,Day_3,TR,0.036
S01-09,Day_3,n0,4
S01-09,Day_3,center,A
S01-09,Day_3,field_strength,7.0
S01-09,Day_3,BAT,285.0
S01-09,Day_3,duration,30.0
S01-09,Day_3,study,1
S01-09,Day_3,visit,3
S01-09,Day_3,substance,Placebo
S01-09,Day_3,H,0.418
S01-09,Day_3,ve,0.23
S01-09,Day_3,khe,0.011018202237898216
S01-09,Day_3,Th,349.011046272245
S01-09,Day_3,Kbh,0.0028652388246186143
S01-09,Day_3,Khe,0.04790522712129659
S01-09,Day_3,kbh,0.002206233894956333
S01-09,Day_3,E,0.33350893815272353
S01-09,Day_3,Ktrans,0.00734353330918482
S01-09,Day_4,FA,30.0
S01-09,Day_4,TR,0.036
S01-09,Day_4,n0,4
S01-09,Day_4,center,A
S01-09,Day_4,field_strength,7.0
S01-09,Day_4,BAT,285.0
S01-09,Day_4,duration,30.0
S01-09,Day_4,study,1
S01-09,Day_4,visit,4
S01-09,Day_4,substance,Placebo
S01-09,Day_4,H,0.418
S01-09,Day_4,ve,0.23
S01-09,Day_4,khe,0.011872376741346512
S01-09,Day_4,Th,397.2823040746432
S01-09,Day_4,Kbh,0.002517101793217841
S01-09,Day_4,Khe,0.05161902931020223
S01-09,Day_4,kbh,0.0019381683807777376
S01-09,Day_4,E,0.3503067117029374
S01-09,Day_4,Ktrans,0.007713403484986979
S01-10,Day_3,FA,30.0
S01-10,Day_3,TR,0.036
S01-10,Day_3,n0,4
S01-10,Day_3,center,A
S01-10,Day_3,field_strength,7.0
S01-10,Day_3,BAT,285.0
S01-10,Day_3,duration,30.0
S01-10,Day_3,study,1
S01-10,Day_3,visit,3
S01-10,Day_3,substance,Rifampicin (clinical dose)
S01-10,Day_3,H,0.418
S01-10,Day_3,ve,0.23
S01-10,Day_3,khe,0.011360462971180775
S01-10,Day_3,Th,260.88188755555
S01-10,Day_3,Kbh,0.003833152271972382
S01-10,Day_3,Khe,0.049393317266003364
S01-10,Day_3,kbh,0.002951527249418734
S01-10,Day_3,E,0.3403428923044446
S01-10,Day_3,Ktrans,0.007494010145651566
S01-10,Day_4,FA,30.0
S01-10,Day_4,TR,0.036
S01-10,Day_4,n0,4
S01-10,Day_4,center,A
S01-10,Day_4,field_strength,7.0
S01-10,Day_4,BAT,285.0
S01-10,Day_4,duration,30.0
S01-10,Day_4,study,1
S01-10,Day_4,visit,4
S01-10,Day_4,substance,Rifampicin (clinical dose)
S01-10,Day_4,H,0.418
S01-10,Day_4,ve,0.23
S01-10,Day_4,khe,0.010693801571179544
S01-10,Day_4,Th,366.0545085922844
S01-10,Day_4,Kbh,0.0027318335835983683
S01-10,Day_4,Khe,0.04649478943991106
S01-10,Day_4,kbh,0.0021035118593707436
S01-10,Day_4,E,0.3268995945795403
S01-10,Day_4,Ktrans,0.0071980021730469
S01-11,Day_1,FA,30.0
S01-11,Day_1,TR,0.036
S01-11,Day_1,n0,4
S01-11,Day_1,center,A
S01-11,Day_1,field_strength,7.0
S01-11,Day_1,BAT,285.0
S01-11,Day_1,duration,30.0
S01-11,Day_1,study,1
S01-11,Day_1,visit,1
S01-11,Day_1,substance,Rifampicin (high dose)
S01-11,Day_1,H,0.418
S01-11,Day_1,ve,0.23
S01-11,Day_1,khe,0.013929140526388495
S01-11,Day_1,Th,424.37500178521657
S01-11,Day_1,Kbh,0.002356406470205135
S01-11,Day_1,Khe,0.06056148054951519
S01-11,Day_1,kbh,0.001814432982057954
S01-11,Day_1,E,0.3874787491765677
S01-11,Day_1,Ktrans,0.008531894578118844
S01-11,Day_2,FA,30.0
S01-11,Day_2,TR,0.036
S01-11,Day_2,n0,4
S01-11,Day_2,center,A
S01-11,Day_2,field_strength,7.0
S01-11,Day_2,BAT,285.0
S01-11,Day_2,duration,30.0
S01-11,Day_2,study,1
S01-11,Day_2,visit,2
S01-11,Day_2,substance,Rifampicin (high dose)
S01-11,Day_2,H,0.418
S01-11,Day_2,ve,0.23
S01-11,Day_2,khe,0.0016476778410308944
S01-11,Day_2,Th,2487.7272246586404
S01-11,Day_2,Kbh,0.000401973331355578
S01-11,Day_2,Khe,0.007163816700134323
S01-11,Day_2,kbh,0.000309519465143795
S01-11,Day_2,E,0.06962015759450264
S01-11,Day_2,Ktrans,0.0015329662500733535
S01-11,Day_3,FA,30.0
S01-11,Day_3,TR,0.036
S01-11,Day_3,n0,4
S01-11,Day_3,center,A
S01-11,Day_3,field_strength,7.0
S01-11,Day_3,BAT,285.0
S01-11,Day_3,duration,30.0
S01-11,Day_3,study,1
S01-11,Day_3,visit,3
S01-11,Day_3,substance,Rifampicin (high dose)
S01-11,Day_3,H,0.418
S01-11,Day_3,ve,0.23
S01-11,Day_3,khe,0.002162529689795906
S01-11,Day_3,Th,965.4506841135685
S01-11,Day_3,Kbh,0.0010357856868869
S01-11,Day_3,Khe,0.009402302999112634
S01-11,Day_3,kbh,0.000797554978902913
S01-11,Day_3,E,0.08942898640148673
S01-11,Day_3,Ktrans,0.0019691368515743365
S01-11,Day_4,FA,30.0
S01-11,Day_4,TR,0.036
S01-11,Day_4,n0,4
S01-11,Day_4,center,A
S01-11,Day_4,field_strength,7.0
S01-11,Day_4,BAT,285.0
S01-11,Day_4,duration,30.0
S01-11,Day_4,study,1
S01-11,Day_4,visit,4
S01-11,Day_4,substance,Rifampicin (high dose)
S01-11,Day_4,H,0.418
S01-11,Day_4,ve,0.23
S01-11,Day_4,khe,0.004936404357303922
S01-11,Day_4,Th,596.0735571892504
S01-11,Day_4,Kbh,0.0016776452971935894
S01-11,Day_4,Khe,0.021462627640451832
S01-11,Day_4,kbh,0.0012917868788390639
S01-11,Day_4,E,0.18313226883448097
S01-11,Day_4,Ktrans,0.004032389427466437
S01-12,Day_1,FA,30.0
S01-12,Day_1,TR,0.036
S01-12,Day_1,n0,4
S01-12,Day_1,center,A
S01-12,Day_1,field_strength,7.0
S01-12,Day_1,BAT,285.0
S01-12,Day_1,duration,30.0
S01-12,Day_1,study,1
S01-12,Day_1,visit,1
S01-12,Day_1,substance,Placebo
S01-12,Day_1,H,0.418
S01-12,Day_1,ve,0.23
S01-12,Day_1,khe,0.014487748632257692
S01-12,Day_1,Th,417.2695723346009
S01-12,Day_1,Kbh,0.0023965322810504813
S01-12,Day_1,Khe,0.06299021144459865
S01-12,Day_1,kbh,0.0018453298564088706
S01-12,Day_1,E,0.3968512446341547
S01-12,Day_1,Ktrans,0.008738267555599453
S01-12,Day_2,FA,30.0
S01-12,Day_2,TR,0.036
S01-12,Day_2,n0,4
S01-12,Day_2,center,A
S01-12,Day_2,field_strength,7.0
S01-12,Day_2,BAT,285.0
S01-12,Day_2,duration,30.0
S01-12,Day_2,study,1
S01-12,Day_2,visit,2
S01-12,Day_2,substance,Placebo
S01-12,Day_2,H,0.418
S01-12,Day_2,ve,0.23
S01-12,Day_2,khe,0.014445814172877394
S01-12,Day_2,Th,337.21146331843363
S01-12,Day_2,Kbh,0.002965498237097846
S01-12,Day_2,Khe,0.06280788770816258
S01-12,Day_2,kbh,0.0022834336425653417
S01-12,Day_2,E,0.39615762483775996
S01-12,Day_2,Ktrans,0.008722994741302635
S01-12,Day_3,FA,30.0
S01-12,Day_3,TR,0.036
S01-12,Day_3,n0,4
S01-12,Day_3,center,A
S01-12,Day_3,field_strength,7.0
S01-12,Day_3,BAT,285.0
S01-12,Day_3,duration,30.0
S01-12,Day_3,study,1
S01-12,Day_3,visit,3
S01-12,Day_3,substance,Placebo
S01-12,Day_3,H,0.418
S01-12,Day_3,ve,0.23
S01-12,Day_3,khe,0.011003033735453397
S01-12,Day_3,Th,431.92775500224536
S01-12,Day_3,Kbh,0.0023152019948215682
S01-12,Day_3,Khe,0.04783927711066694
S01-12,Day_3,kbh,0.0017827055360126074
S01-12,Day_3,E,0.33320278888941435
S01-12,Day_3,Ktrans,0.0073367922085560144
S01-12,Day_4,FA,30.0
S01-12,Day_4,TR,0.036
S01-12,Day_4,n0,4
S01-12,Day_4,center,A
S01-12,Day_4,field_strength,7.0
S01-12,Day_4,BAT,285.0
S01-12,Day_4,duration,30.0
S01-12,Day_4,study,1
S01-12,Day_4,visit,4
S01-12,Day_4,substance,Placebo
S01-12,Day_4,H,0.418
S01-12,Day_4,ve,0.23
S01-12,Day_4,khe,0.013861733019369552
S01-12,Day_4,Th,466.5471334933381
S01-12,Day_4,Kbh,0.0021434061603001556
S01-12,Day_4,Khe,0.060268404432041525
S01-12,Day_4,kbh,0.00165042274343112
S01-12,Day_4,E,0.3863280332619334
S01-12,Day_4,Ktrans,0.00850655696439451
