subject,study,parameter,value
S14-05,Day_2,FA,30.0
S14-05,Day_2,TR,0.036
S14-05,Day_2,n0,4
S14-05,Day_2,center,A
S14-05,Day_2,field_strength,7.0
S14-05,Day_2,BAT,285.0
S14-05,Day_2,duration,30.0
S14-05,Day_2,study,14
S14-05,Day_2,visit,2
S14-05,Day_2,study arm,Rifampicin (high dose)
S14-05,Day_2,substance,Rifampicin (high dose)
S14-05,Day_2,ve,0.23
S14-05,Day_2,Fp,0.022019
S14-05,Day_2,E,0.07385120749315215
S14-05,Day_2,Th,1339.3455064504597
S14-05,Day_2,vol,1000
S14-05,Day_2,Ktrans,0.001626129737791717
S14-05,Day_2,khe,0.0017557975035417362
S14-05,Day_2,Khe,0.007633902189311897
S14-05,Day_2,kbh,0.0005749076666861398
S14-05,Day_2,Kbh,0.0007466333333586232
S14-05,Day_2,Te,9.674109735981427
S14-05,Day_2,CL,1.7557975035417361
