subject,study,parameter,value
S14-05,Day_2,FA,30.0
S14-05,Day_2,TR,0.036
S14-05,Day_2,n0,4
S14-05,Day_2,center,A
S14-05,Day_2,field_strength,7.0
S14-05,Day_2,BAT,285.0
S14-05,Day_2,duration,30.0
S14-05,Day_2,study,14
S14-05,Day_2,visit,2
S14-05,Day_2,substance,Rifampicin (high dose)
S14-05,Day_2,H,0.418
S14-05,Day_2,ve,0.23
S14-05,Day_2,khe,0.002685717402308555
S14-05,Day_2,Th,1445.5723985642549
S14-05,Day_2,Kbh,0.0006917674970781137
S14-05,Day_2,Khe,0.011677032183950239
S14-05,Day_2,kbh,0.0005326609727501476
S14-05,Day_2,E,0.10871273524697699
S14-05,Day_2,Ktrans,0.0023937457174031864
