subject,study,parameter,value
S15-02,Day_1,FA,20.0
S15-02,Day_1,TR,0.0058
S15-02,Day_1,n0,4
S15-02,Day_1,center,D
S15-02,Day_1,field_strength,4.7
S15-02,Day_1,BAT,292.0
S15-02,Day_1,duration,22.0
S15-02,Day_1,study,15
S15-02,Day_1,visit,1
S15-02,Day_1,substance,Cyclosporine (clinical dose)
S15-02,Day_1,H,0.418
S15-02,Day_1,ve,0.23
S15-02,Day_1,khe,0.025777583377651788
S15-02,Day_1,Th,397.1020377092457
S15-02,Day_1,Kbh,0.002518244443591071
S15-02,Day_1,Khe,0.11207644946805125
S15-02,Day_1,kbh,0.001939048221565125
S15-02,Day_1,E,0.5393185360965486
S15-02,Day_1,Ktrans,0.011875254846309902
