subject,study,parameter,value
S15-02,Day_1,FA,20.0
S15-02,Day_1,TR,0.0058
S15-02,Day_1,n0,4
S15-02,Day_1,center,D
S15-02,Day_1,field_strength,4.7
S15-02,Day_1,BAT,292.0
S15-02,Day_1,duration,22.0
S15-02,Day_1,study,15
S15-02,Day_1,visit,1
S15-02,Day_1,study arm,Cyclosporine (clinical dose)
S15-02,Day_1,substance,Placebo
S15-02,Day_1,ve,0.23
S15-02,Day_1,Fp,0.022019
S15-02,Day_1,E,0.7233106904183773
S15-02,Day_1,Th,378.177552795307
S15-02,Day_1,vol,1000
S15-02,Day_1,Ktrans,0.015926578092322247
S15-02,Day_1,khe,0.05756123399348012
S15-02,Day_1,Khe,0.2502662347542614
S15-02,Day_1,kbh,0.0020360806565818874
S15-02,Day_1,Kbh,0.0026442605929634898
S15-02,Day_1,Te,2.8901649122927124
S15-02,Day_1,CL,57.56123399348012
