subject,study,parameter,value
S14-09,Day_2,FA,30.0
S14-09,Day_2,TR,0.036
S14-09,Day_2,n0,4
S14-09,Day_2,center,A
S14-09,Day_2,field_strength,7.0
S14-09,Day_2,BAT,285.0
S14-09,Day_2,duration,30.0
S14-09,Day_2,study,14
S14-09,Day_2,visit,2
S14-09,Day_2,substance,Placebo
S14-09,Day_2,H,0.418
S14-09,Day_2,ve,0.23
S14-09,Day_2,khe,0.00817901518529503
S14-09,Day_2,Th,342.4478857010564
S14-09,Day_2,Kbh,0.0029201523553074606
S14-09,Day_2,Khe,0.035560935588239265
S14-09,Day_2,kbh,0.002248517313586745
S14-09,Day_2,E,0.2708461180348639
S14-09,Day_2,Ktrans,0.005963760673009668
