subject,study,parameter,value
S14-09,Day_2,FA,30.0
S14-09,Day_2,TR,0.036
S14-09,Day_2,n0,4
S14-09,Day_2,center,A
S14-09,Day_2,field_strength,7.0
S14-09,Day_2,BAT,285.0
S14-09,Day_2,duration,30.0
S14-09,Day_2,study,14
S14-09,Day_2,visit,2
S14-09,Day_2,study arm,Placebo
S14-09,Day_2,substance,Placebo
S14-09,Day_2,ve,0.23
S14-09,Day_2,Fp,0.022019
S14-09,Day_2,E,0.22897441640976432
S14-09,Day_2,Th,327.2817095016229
S14-09,Day_2,vol,1000
S14-09,Day_2,Ktrans,0.0050417876749266006
S14-09,Day_2,khe,0.006539066643482581
S14-09,Day_2,Khe,0.028430724536880787
S14-09,Day_2,kbh,0.002352713205918346
S14-09,Day_2,Kbh,0.003055471695997852
S14-09,Day_2,Te,8.053766484661166
S14-09,Day_2,CL,6.539066643482581
