subject,study,parameter,value
S13-03,Day_1,FA,20.0
S13-03,Day_1,TR,0.0058
S13-03,Day_1,n0,4
S13-03,Day_1,center,G
S13-03,Day_1,field_strength,4.7
S13-03,Day_1,BAT,285.0
S13-03,Day_1,duration,30.0
S13-03,Day_1,study,13
S13-03,Day_1,visit,1
S13-03,Day_1,substance,Placebo
S13-03,Day_1,H,0.418
S13-03,Day_1,ve,0.23
S13-03,Day_1,khe,0.024895412910121092
S13-03,Day_1,Th,212.11346850542807
S13-03,Day_1,Kbh,0.00471445781847846
S13-03,Day_1,Khe,0.10824092569617866
S13-03,Day_1,kbh,0.0036301325202284145
S13-03,Day_1,E,0.5306559619069703
S13-03,Day_1,Ktrans,0.011684513625229577
