subject,study,parameter,value
S13-03,Day_1,FA,20.0
S13-03,Day_1,TR,0.0058
S13-03,Day_1,n0,4
S13-03,Day_1,center,G
S13-03,Day_1,field_strength,4.7
S13-03,Day_1,BAT,285.0
S13-03,Day_1,duration,30.0
S13-03,Day_1,study,13
S13-03,Day_1,visit,1
S13-03,Day_1,substance,Placebo
S13-03,Day_1,ve,0.23
S13-03,Day_1,Fp,0.022019
S13-03,Day_1,E,0.720726912182856
S13-03,Day_1,Th,199.7045213680021
S13-03,Day_1,vol,1000
S13-03,Day_1,Ktrans,0.015869685879354306
S13-03,Day_1,khe,0.056824973732324306
S13-03,Day_1,Khe,0.24706510318401873
S13-03,Day_1,kbh,0.0038556963794580076
S13-03,Day_1,Kbh,0.00500739789540001
S13-03,Day_1,Te,2.917153830689092
S13-03,Day_1,CL,56.82497373232431
