subject,study,parameter,value
S13-05,Day_1,FA,20.0
S13-05,Day_1,TR,0.0058
S13-05,Day_1,n0,4
S13-05,Day_1,center,G
S13-05,Day_1,field_strength,7.0
S13-05,Day_1,BAT,285.0
S13-05,Day_1,duration,30.0
S13-05,Day_1,study,13
S13-05,Day_1,visit,1
S13-05,Day_1,substance,Placebo
S13-05,Day_1,ve,0.23
S13-05,Day_1,Fp,0.022019
S13-05,Day_1,E,0.899988050434616
S13-05,Day_1,Th,225.8613043954166
S13-05,Day_1,vol,1000
S13-05,Day_1,Ktrans,0.01981683688251981
S13-05,Day_1,khe,0.19814469139574495
S13-05,Day_1,Khe,0.8614986582423693
S13-05,Day_1,kbh,0.0034091718457977065
S13-05,Day_1,Kbh,0.004427495903633385
S13-05,Day_1,Te,1.044677251466384
S13-05,Day_1,CL,198.14469139574496
