subject,study,parameter,value
S13-05,Day_1,FA,20.0
S13-05,Day_1,TR,0.0058
S13-05,Day_1,n0,4
S13-05,Day_1,center,G
S13-05,Day_1,field_strength,7.0
S13-05,Day_1,BAT,285.0
S13-05,Day_1,duration,30.0
S13-05,Day_1,study,13
S13-05,Day_1,visit,1
S13-05,Day_1,substance,Placebo
S13-05,Day_1,H,0.418
S13-05,Day_1,ve,0.23
S13-05,Day_1,khe,0.03970140452613895
S13-05,Day_1,Th,189.60471458454302
S13-05,Day_1,Kbh,0.005274130457099521
S13-05,Day_1,Khe,0.17261480228756063
S13-05,Day_1,kbh,0.004061080451966631
S13-05,Day_1,E,0.6432460193828635
S13-05,Day_1,Ktrans,0.014163634100791269
