subject,study,parameter,value
S04-05,Day_1,FA,20.0
S04-05,Day_1,TR,0.0058
S04-05,Day_1,n0,4
S04-05,Day_1,center,G
S04-05,Day_1,field_strength,4.7
S04-05,Day_1,BAT,285.0
S04-05,Day_1,duration,30.0
S04-05,Day_1,study,4
S04-05,Day_1,visit,1
S04-05,Day_1,substance,Placebo
S04-05,Day_1,H,0.418
S04-05,Day_1,ve,0.23
S04-05,Day_1,khe,0.02362849768169579
S04-05,Day_1,Th,315.20029217866767
S04-05,Day_1,Kbh,0.003172585891618278
S04-05,Day_1,Khe,0.10273259861606863
S04-05,Day_1,kbh,0.002442891136546074
S04-05,Day_1,E,0.5176296375862589
S04-05,Day_1,Ktrans,0.011397686990011839
