subject,study,parameter,value
S04-05,Day_1,FA,20.0
S04-05,Day_1,TR,0.0058
S04-05,Day_1,n0,4
S04-05,Day_1,center,G
S04-05,Day_1,field_strength,4.7
S04-05,Day_1,BAT,285.0
S04-05,Day_1,duration,30.0
S04-05,Day_1,study,4
S04-05,Day_1,visit,1
S04-05,Day_1,substance,Placebo
S04-05,Day_1,ve,0.23
S04-05,Day_1,Fp,0.022019
S04-05,Day_1,E,0.6688787831979295
S04-05,Day_1,Th,299.27301246530965
S04-05,Day_1,vol,1000
S04-05,Day_1,Ktrans,0.01472804192723521
S04-05,Day_1,khe,0.04447930600605088
S04-05,Day_1,Khe,0.1933882869828299
S04-05,Day_1,kbh,0.0025729015578685194
S04-05,Day_1,Kbh,0.0033414305946344405
S04-05,Day_1,Te,3.4587347229427414
S04-05,Day_1,CL,44.47930600605088
