subject,study,parameter,value
S07-03,Day_2,FA,20.0
S07-03,Day_2,TR,0.0058
S07-03,Day_2,n0,4
S07-03,Day_2,center,D
S07-03,Day_2,field_strength,4.7
S07-03,Day_2,substance,Ketoconazole
S07-03,Day_2,BAT,292.0
S07-03,Day_2,duration,22.0
S07-03,Day_2,study,7
S07-03,Day_2,visit,2
S07-03,Day_2,ve,0.23
S07-03,Day_2,Fp,0.022019
S07-03,Day_2,E,0.43725380619684845
S07-03,Day_2,Th,241.50800831541116
S07-03,Day_2,vol,1000
S07-03,Day_2,Ktrans,0.009627891558648407
S07-03,Day_2,khe,0.017108763532599283
S07-03,Day_2,Khe,0.07438592840260558
S07-03,Day_2,kbh,0.0031883000707553124
S07-03,Day_2,Kbh,0.004140649442539367
S07-03,Day_2,Te,5.878179053305094
S07-03,Day_2,CL,17.108763532599284
