subject,study,parameter,value
S07-03,Day_2,FA,20.0
S07-03,Day_2,TR,0.0058
S07-03,Day_2,n0,4
S07-03,Day_2,center,D
S07-03,Day_2,field_strength,4.7
S07-03,Day_2,substance,Ketoconazole
S07-03,Day_2,BAT,292.0
S07-03,Day_2,duration,22.0
S07-03,Day_2,study,7
S07-03,Day_2,visit,2
S07-03,Day_2,H,0.418
S07-03,Day_2,ve,0.23
S07-03,Day_2,khe,0.01518354814764526
S07-03,Day_2,Th,258.395648416007
S07-03,Day_2,Kbh,0.0038700342135407737
S07-03,Day_2,Khe,0.06601542672889243
S07-03,Day_2,kbh,0.0029799263444263958
S07-03,Day_2,E,0.4081319399785873
S07-03,Day_2,Ktrans,0.008986657186388514
