subject,study,parameter,value
S11-06,Day_2,FA,20.0
S11-06,Day_2,TR,0.0058
S11-06,Day_2,n0,4
S11-06,Day_2,center,G
S11-06,Day_2,field_strength,7.0
S11-06,Day_2,BAT,285.0
S11-06,Day_2,duration,30.0
S11-06,Day_2,study,11
S11-06,Day_2,visit,2
S11-06,Day_2,study arm,Bosentan (clinical dose)
S11-06,Day_2,substance,Bosentan (clinical dose)
S11-06,Day_2,ve,0.23
S11-06,Day_2,Fp,0.022019
S11-06,Day_2,E,0.6587921867561402
S11-06,Day_2,Th,265.0198538571068
S11-06,Day_2,vol,1000
S11-06,Day_2,Ktrans,0.01450594516018345
S11-06,Day_2,khe,0.04251351990529042
S11-06,Day_2,Khe,0.18484139089256704
S11-06,Day_2,kbh,0.0029054427009652193
S11-06,Day_2,Kbh,0.003773302209045739
S11-06,Day_2,Te,3.564094511380524
S11-06,Day_2,CL,42.513519905290416
