subject,study,parameter,value
S11-06,Day_2,FA,20.0
S11-06,Day_2,TR,0.0058
S11-06,Day_2,n0,4
S11-06,Day_2,center,G
S11-06,Day_2,field_strength,7.0
S11-06,Day_2,BAT,285.0
S11-06,Day_2,duration,30.0
S11-06,Day_2,study,11
S11-06,Day_2,visit,2
S11-06,Day_2,substance,Bosentan (clinical dose)
S11-06,Day_2,H,0.418
S11-06,Day_2,ve,0.23
S11-06,Day_2,khe,0.02269110210387292
S11-06,Day_2,Th,284.1923350921298
S11-06,Day_2,Kbh,0.0035187437397839
S11-06,Day_2,Khe,0.09865696566901268
S11-06,Day_2,kbh,0.002709432679633603
S11-06,Day_2,E,0.5075162219749739
S11-06,Day_2,Ktrans,0.011174999691666953
