subject,study,parameter,value
S06-03,Day_1,FA,20.0
S06-03,Day_1,TR,0.0058
S06-03,Day_1,n0,4
S06-03,Day_1,center,E
S06-03,Day_1,field_strength,7.0
S06-03,Day_1,substance,Placebo
S06-03,Day_1,BAT,285.0
S06-03,Day_1,duration,30.0
S06-03,Day_1,study,6
S06-03,Day_1,visit,1
S06-03,Day_1,ve,0.23
S06-03,Day_1,Fp,0.022019
S06-03,Day_1,E,0.7646628740500403
S06-03,Day_1,Th,150.49320404202766
S06-03,Day_1,vol,1000
S06-03,Day_1,Ktrans,0.016837111823707836
S06-03,Day_1,khe,0.07154464794172745
S06-03,Day_1,Khe,0.3110636867031628
S06-03,Day_1,kbh,0.005116510110217104
S06-03,Day_1,Kbh,0.0066448183249572775
S06-03,Day_1,Te,2.4582196724869765
S06-03,Day_1,CL,71.54464794172745
