subject,study,parameter,value
S06-03,Day_1,FA,20.0
S06-03,Day_1,TR,0.0058
S06-03,Day_1,n0,4
S06-03,Day_1,center,E
S06-03,Day_1,field_strength,7.0
S06-03,Day_1,substance,Placebo
S06-03,Day_1,BAT,285.0
S06-03,Day_1,duration,30.0
S06-03,Day_1,study,6
S06-03,Day_1,visit,1
S06-03,Day_1,H,0.418
S06-03,Day_1,ve,0.23
S06-03,Day_1,khe,0.025255812632553266
S06-03,Day_1,Th,163.3551636099993
S06-03,Day_1,Kbh,0.006121630794527195
S06-03,Day_1,Khe,0.10980788101110114
S06-03,Day_1,kbh,0.004713655711785941
S06-03,Day_1,E,0.5342340080510907
S06-03,Day_1,Ktrans,0.011763298623276967
