subject,study,parameter,value
S01-03,Day_4,FA,30.0
S01-03,Day_4,TR,0.036
S01-03,Day_4,n0,4
S01-03,Day_4,center,A
S01-03,Day_4,field_strength,7.0
S01-03,Day_4,BAT,285.0
S01-03,Day_4,duration,30.0
S01-03,Day_4,study,1
S01-03,Day_4,visit,4
S01-03,Day_4,substance,Placebo
S01-03,Day_4,H,0.418
S01-03,Day_4,ve,0.23
S01-03,Day_4,khe,0.015981039338145098
S01-03,Day_4,Th,348.7564163036913
S01-03,Day_4,Kbh,0.002867330759383697
S01-03,Day_4,Khe,0.06948277973106563
S01-03,Day_4,kbh,0.002207844684725447
S01-03,Day_4,E,0.4205532314305542
S01-03,Day_4,Ktrans,0.009260161602869372
