subject,study,parameter,value
S05-02,Day_1,FA,20.0
S05-02,Day_1,TR,0.0058
S05-02,Day_1,n0,4
S05-02,Day_1,center,E
S05-02,Day_1,field_strength,7.0
S05-02,Day_1,substance,Placebo
S05-02,Day_1,BAT,285.0
S05-02,Day_1,duration,30.0
S05-02,Day_1,study,5
S05-02,Day_1,visit,1
S05-02,Day_2,FA,20.0
S05-02,Day_2,TR,0.0058
S05-02,Day_2,n0,4
S05-02,Day_2,center,E
S05-02,Day_2,field_strength,7.0
S05-02,Day_2,substance,Asunaprevir
S05-02,Day_2,BAT,285.0
S05-02,Day_2,duration,30.0
S05-02,Day_2,study,5
S05-02,Day_2,visit,2
S05-03,Day_1,FA,20.0
S05-03,Day_1,TR,0.0058
S05-03,Day_1,n0,4
S05-03,Day_1,center,E
S05-03,Day_1,field_strength,7.0
S05-03,Day_1,substance,Placebo
S05-03,Day_1,BAT,285.0
S05-03,Day_1,duration,30.0
S05-03,Day_1,study,5
S05-03,Day_1,visit,1
S05-03,Day_2,FA,20.0
S05-03,Day_2,TR,0.0058
S05-03,Day_2,n0,4
S05-03,Day_2,center,E
S05-03,Day_2,field_strength,7.0
S05-03,Day_2,substance,Asunaprevir
S05-03,Day_2,BAT,285.0
S05-03,Day_2,duration,30.0
S05-03,Day_2,study,5
S05-03,Day_2,visit,2
S05-04,Day_1,FA,20.0
S05-04,Day_1,TR,0.0058
S05-04,Day_1,n0,4
S05-04,Day_1,center,E
S05-04,Day_1,field_strength,7.0
S05-04,Day_1,substance,Placebo
S05-04,Day_1,BAT,285.0
S05-04,Day_1,duration,30.0
S05-04,Day_1,study,5
S05-04,Day_1,visit,1
S05-04,Day_2,FA,20.0
S05-04,Day_2,TR,0.0058
S05-04,Day_2,n0,4
S05-04,Day_2,center,E
S05-04,Day_2,field_strength,7.0
S05-04,Day_2,substance,Asunaprevir
S05-04,Day_2,BAT,285.0
S05-04,Day_2,duration,30.0
S05-04,Day_2,study,5
S05-04,Day_2,visit,2
S05-05,Day_1,FA,20.0
S05-05,Day_1,TR,0.0058
S05-05,Day_1,n0,4
S05-05,Day_1,center,E
S05-05,Day_1,field_strength,7.0
S05-05,Day_1,substance,Placebo
S05-05,Day_1,BAT,285.0
S05-05,Day_1,duration,30.0
S05-05,Day_1,study,5
S05-05,Day_1,visit,1
S05-05,Day_2,FA,20.0
S05-05,Day_2,TR,0.0058
S05-05,Day_2,n0,4
S05-05,Day_2,center,E
S05-05,Day_2,field_strength,7.0
S05-05,Day_2,substance,Asunaprevir
S05-05,Day_2,BAT,285.0
S05-05,Day_2,duration,30.0
S05-05,Day_2,study,5
S05-05,Day_2,visit,2
S05-06,Day_1,FA,20.0
S05-06,Day_1,TR,0.0058
S05-06,Day_1,n0,4
S05-06,Day_1,center,E
S05-06,Day_1,field_strength,7.0
S05-06,Day_1,substance,Placebo
S05-06,Day_1,BAT,285.0
S05-06,Day_1,duration,30.0
S05-06,Day_1,study,5
S05-06,Day_1,visit,1
S05-06,Day_2,FA,20.0
S05-06,Day_2,TR,0.0058
S05-06,Day_2,n0,4
S05-06,Day_2,center,E
S05-06,Day_2,field_strength,7.0
S05-06,Day_2,substance,Asunaprevir
S05-06,Day_2,BAT,285.0
S05-06,Day_2,duration,30.0
S05-06,Day_2,study,5
S05-06,Day_2,visit,2
