subject,study,parameter,value
S01-03,Day_2,FA,30.0
S01-03,Day_2,TR,0.036
S01-03,Day_2,n0,4
S01-03,Day_2,center,A
S01-03,Day_2,field_strength,7.0
S01-03,Day_2,BAT,285.0
S01-03,Day_2,duration,30.0
S01-03,Day_2,study,1
S01-03,Day_2,visit,2
S01-03,Day_2,substance,Placebo
S01-03,Day_2,H,0.418
S01-03,Day_2,ve,0.23
S01-03,Day_2,khe,0.015383663015141512
S01-03,Day_2,Th,327.29249171777815
S01-03,Day_2,Kbh,0.0030553710375436673
S01-03,Day_2,Khe,0.06688549137018049
S01-03,Day_2,kbh,0.002352635698908624
S01-03,Day_2,E,0.41129860215872405
S01-03,Day_2,Ktrans,0.009056383920932946
