subject,study,parameter,value
S06-04,Day_1,FA,20.0
S06-04,Day_1,TR,0.0058
S06-04,Day_1,n0,4
S06-04,Day_1,center,E
S06-04,Day_1,field_strength,7.0
S06-04,Day_1,substance,Pioglitazone
S06-04,Day_1,BAT,285.0
S06-04,Day_1,duration,30.0
S06-04,Day_1,study,6
S06-04,Day_1,visit,1
S06-04,Day_1,H,0.418
S06-04,Day_1,ve,0.23
S06-04,Day_1,khe,0.02064462641868765
S06-04,Day_1,Th,173.41360802381502
S06-04,Day_1,Kbh,0.005766560141362547
S06-04,Day_1,Khe,0.08975924529864195
S06-04,Day_1,kbh,0.004440251308849161
S06-04,Day_1,E,0.4838929118703521
S06-04,Day_1,Ktrans,0.010654838026473283
