subject,study,parameter,value
S10-02,Day_1,FA,20.0
S10-02,Day_1,TR,0.0058
S10-02,Day_1,n0,4
S10-02,Day_1,center,G
S10-02,Day_1,field_strength,7.0
S10-02,Day_1,substance,Bosentan
S10-02,Day_1,BAT,285.0
S10-02,Day_1,duration,30.0
S10-02,Day_1,study,10
S10-02,Day_1,visit,1
S10-02,Day_1,H,0.418
S10-02,Day_1,ve,0.23
S10-02,Day_1,khe,0.025970960386045103
S10-02,Day_1,Th,260.9643104949477
S10-02,Day_1,Kbh,0.0038319416095763796
S10-02,Day_1,Khe,0.11291721906976132
S10-02,Day_1,kbh,0.0029505950393738122
S10-02,Day_1,E,0.5411748660996424
S10-02,Day_1,Ktrans,0.011916129376648028
