subject,study,parameter,value
S03-01,Day_1,FA,20.0
S03-01,Day_1,TR,0.0058
S03-01,Day_1,n0,4
S03-01,Day_1,center,G
S03-01,Day_1,field_strength,7.0
S03-01,Day_1,BAT,285.0
S03-01,Day_1,duration,30.0
S03-01,Day_1,study,3
S03-01,Day_1,visit,1
S03-01,Day_1,substance,Bosentan (clinical dose)
S03-01,Day_1,H,0.418
S03-01,Day_1,ve,0.23
S03-01,Day_1,khe,0.013877933054171291
S03-01,Day_1,Th,221.66387162565096
S03-01,Day_1,Kbh,0.0045113350798492505
S03-01,Day_1,Khe,0.060338839365962134
S03-01,Day_1,kbh,0.003473728011483923
S03-01,Day_1,E,0.3866049791281166
S03-01,Day_1,Ktrans,0.008512655035422001
S03-01,Day_2,FA,20.0
S03-01,Day_2,TR,0.0058
S03-01,Day_2,n0,4
S03-01,Day_2,center,G
S03-01,Day_2,field_strength,7.0
S03-01,Day_2,BAT,285.0
S03-01,Day_2,duration,30.0
S03-01,Day_2,study,3
S03-01,Day_2,visit,2
S03-01,Day_2,substance,Bosentan (clinical dose)
S03-01,Day_2,H,0.418
S03-01,Day_2,ve,0.23
S03-01,Day_2,khe,0.020541944656917045
S03-01,Day_2,Th,247.0533822532375
S03-01,Day_2,Kbh,0.00404770819520685
S03-01,Day_2,Khe,0.08931280285616106
S03-01,Day_2,kbh,0.0031167353103092746
S03-01,Day_2,E,0.48264776128690906
S03-01,Day_2,Ktrans,0.01062742105577645
S03-02,Day_1,FA,20.0
S03-02,Day_1,TR,0.0058
S03-02,Day_1,n0,4
S03-02,Day_1,center,G
S03-02,Day_1,field_strength,7.0
S03-02,Day_1,BAT,285.0
S03-02,Day_1,duration,30.0
S03-02,Day_1,study,3
S03-02,Day_1,visit,1
S03-02,Day_1,substance,Bosentan (clinical dose)
S03-02,Day_1,H,0.418
S03-02,Day_1,ve,0.23
S03-02,Day_1,khe,0.02447080976396211
S03-02,Day_1,Th,302.32466590999394
S03-02,Day_1,Kbh,0.003307702323890811
S03-02,Day_1,Khe,0.10639482506070481
S03-02,Day_1,kbh,0.0025469307893959247
S03-02,Day_1,E,0.5263693245510191
S03-02,Day_1,Ktrans,0.01159012615728889
S03-02,Day_2,FA,20.0
S03-02,Day_2,TR,0.0058
S03-02,Day_2,n0,4
S03-02,Day_2,center,G
S03-02,Day_2,field_strength,7.0
S03-02,Day_2,BAT,285.0
S03-02,Day_2,duration,30.0
S03-02,Day_2,study,3
S03-02,Day_2,visit,2
S03-02,Day_2,substance,Bosentan (clinical dose)
S03-02,Day_2,H,0.418
S03-02,Day_2,ve,0.23
S03-02,Day_2,khe,0.02238258046579165
S03-02,Day_2,Th,288.2719882996638
S03-02,Day_2,Kbh,0.0034689461362457544
S03-02,Day_2,Khe,0.09731556724257238
S03-02,Day_2,kbh,0.002671088524909231
S03-02,Day_2,E,0.504094228876287
S03-02,Day_2,Ktrans,0.011099650825626965
S03-03,Day_1,FA,20.0
S03-03,Day_1,TR,0.0058
S03-03,Day_1,n0,4
S03-03,Day_1,center,G
S03-03,Day_1,field_strength,7.0
S03-03,Day_1,BAT,285.0
S03-03,Day_1,duration,30.0
S03-03,Day_1,study,3
S03-03,Day_1,visit,1
S03-03,Day_1,substance,Bosentan (clinical dose)
S03-03,Day_1,H,0.418
S03-03,Day_1,ve,0.23
S03-03,Day_1,khe,0.030477812184355215
S03-03,Day_1,Th,224.32703841613005
S03-03,Day_1,Kbh,0.00445777739081539
S03-03,Day_1,Khe,0.13251222688850092
S03-03,Day_1,kbh,0.0034324885909278505
S03-03,Day_1,E,0.5805650079727703
S03-03,Day_1,Ktrans,0.012783460910552434
S03-03,Day_2,FA,20.0
S03-03,Day_2,TR,0.0058
S03-03,Day_2,n0,4
S03-03,Day_2,center,G
S03-03,Day_2,field_strength,7.0
S03-03,Day_2,BAT,285.0
S03-03,Day_2,duration,30.0
S03-03,Day_2,study,3
S03-03,Day_2,visit,2
S03-03,Day_2,substance,Bosentan (clinical dose)
S03-03,Day_2,H,0.418
S03-03,Day_2,ve,0.23
S03-03,Day_2,khe,0.03860854480293832
S03-03,Day_2,Th,224.9234786006396
S03-03,Day_2,Kbh,0.004445956492499118
S03-03,Day_2,Khe,0.16786323827364488
S03-03,Day_2,kbh,0.0034233864992243204
S03-03,Day_2,E,0.636815245090828
S03-03,Day_2,Ktrans,0.014022034881654941
S03-04,Day_1,FA,20.0
S03-04,Day_1,TR,0.0058
S03-04,Day_1,n0,4
S03-04,Day_1,center,G
S03-04,Day_1,field_strength,7.0
S03-04,Day_1,BAT,285.0
S03-04,Day_1,duration,30.0
S03-04,Day_1,study,3
S03-04,Day_1,visit,1
S03-04,Day_1,substance,Bosentan (clinical dose)
S03-04,Day_1,H,0.418
S03-04,Day_1,ve,0.23
S03-04,Day_1,khe,0.025618627153378558
S03-04,Day_1,Th,248.55951240526545
S03-04,Day_1,Kbh,0.004023181371427634
S03-04,Day_1,Khe,0.11138533544947199
S03-04,Day_1,kbh,0.0030978496559992785
S03-04,Day_1,E,0.5377813439551561
S03-04,Day_1,Ktrans,0.011841407412548582
S03-04,Day_2,FA,20.0
S03-04,Day_2,TR,0.0058
S03-04,Day_2,n0,4
S03-04,Day_2,center,G
S03-04,Day_2,field_strength,7.0
S03-04,Day_2,BAT,285.0
S03-04,Day_2,duration,30.0
S03-04,Day_2,study,3
S03-04,Day_2,visit,2
S03-04,Day_2,substance,Bosentan (clinical dose)
S03-04,Day_2,H,0.418
S03-04,Day_2,ve,0.23
S03-04,Day_2,khe,0.016948839304641968
S03-04,Day_2,Th,205.93896801426425
S03-04,Day_2,Kbh,0.004855807570768906
S03-04,Day_2,Khe,0.07369060567235639
S03-04,Day_2,kbh,0.003738971829492058
S03-04,Day_2,E,0.43494429270608725
S03-04,Day_2,Ktrans,0.009577038381095335
S03-05,Day_1,FA,20.0
S03-05,Day_1,TR,0.0058
S03-05,Day_1,n0,4
S03-05,Day_1,center,G
S03-05,Day_1,field_strength,7.0
S03-05,Day_1,BAT,285.0
S03-05,Day_1,duration,30.0
S03-05,Day_1,study,3
S03-05,Day_1,visit,1
S03-05,Day_1,substance,Bosentan (clinical dose)
S03-05,Day_1,H,0.418
S03-05,Day_1,ve,0.23
S03-05,Day_1,khe,0.02761889507061325
S03-05,Day_1,Th,286.61856855155014
S03-05,Day_1,Kbh,0.0034889574846932634
S03-05,Day_1,Khe,0.12008215248092716
S03-05,Day_1,kbh,0.0026864972632138127
S03-05,Day_1,E,0.5564074590859163
S03-05,Day_1,Ktrans,0.012251535841612793
S03-05,Day_2,FA,20.0
S03-05,Day_2,TR,0.0058
S03-05,Day_2,n0,4
S03-05,Day_2,center,G
S03-05,Day_2,field_strength,7.0
S03-05,Day_2,BAT,285.0
S03-05,Day_2,duration,30.0
S03-05,Day_2,study,3
S03-05,Day_2,visit,2
S03-05,Day_2,substance,Bosentan (clinical dose)
S03-05,Day_2,H,0.418
S03-05,Day_2,ve,0.23
S03-05,Day_2,khe,0.022091750258003667
S03-05,Day_2,Th,280.7717300612747
S03-05,Day_2,Kbh,0.003561612131612265
S03-05,Day_2,Khe,0.09605108807827681
S03-05,Day_2,kbh,0.0027424413413414442
S03-05,Day_2,E,0.5008246318366629
S03-05,Day_2,Ktrans,0.011027657568411477
S03-06,Day_1,FA,20.0
S03-06,Day_1,TR,0.0058
S03-06,Day_1,n0,4
S03-06,Day_1,center,G
S03-06,Day_1,field_strength,7.0
S03-06,Day_1,BAT,285.0
S03-06,Day_1,duration,30.0
S03-06,Day_1,study,3
S03-06,Day_1,visit,1
S03-06,Day_1,substance,Bosentan (clinical dose)
S03-06,Day_1,H,0.418
S03-06,Day_1,ve,0.23
S03-06,Day_1,khe,0.031736206266863895
S03-06,Day_1,Th,258.54651722839185
S03-06,Day_1,Kbh,0.003867775945001926
S03-06,Day_1,Khe,0.1379835055081039
S03-06,Day_1,kbh,0.002978187477651483
S03-06,Day_1,E,0.5903838617846942
S03-06,Day_1,Ktrans,0.012999662252637177
S03-06,Day_2,FA,20.0
S03-06,Day_2,TR,0.0058
S03-06,Day_2,n0,4
S03-06,Day_2,center,G
S03-06,Day_2,field_strength,7.0
S03-06,Day_2,BAT,285.0
S03-06,Day_2,duration,30.0
S03-06,Day_2,study,3
S03-06,Day_2,visit,2
S03-06,Day_2,substance,Bosentan (clinical dose)
S03-06,Day_2,H,0.418
S03-06,Day_2,ve,0.23
S03-06,Day_2,khe,0.022781251145829264
S03-06,Day_2,Th,283.46277720280517
S03-06,Day_2,Kbh,0.0035278000514492383
S03-06,Day_2,Khe,0.09904891802534463
S03-06,Day_2,kbh,0.0027164060396159136
S03-06,Day_2,E,0.50850721956165
S03-06,Day_2,Ktrans,0.011196820467527971
