subject,study,parameter,value
S13-03,Day_2,FA,20.0
S13-03,Day_2,TR,0.0058
S13-03,Day_2,n0,4
S13-03,Day_2,center,G
S13-03,Day_2,field_strength,7.0
S13-03,Day_2,BAT,285.0
S13-03,Day_2,duration,30.0
S13-03,Day_2,study,13
S13-03,Day_2,visit,2
S13-03,Day_2,substance,Placebo
S13-03,Day_2,H,0.418
S13-03,Day_2,ve,0.23
S13-03,Day_2,khe,0.022180048433369095
S13-03,Day_2,Th,226.7090135040615
S13-03,Day_2,Kbh,0.004410940635062509
S13-03,Day_2,Khe,0.09643499318856127
S13-03,Day_2,kbh,0.003396424288998132
S13-03,Day_2,E,0.5018218540791877
S13-03,Day_2,Ktrans,0.011049615404969635
