subject,study,parameter,value
S05-02,Day_1,FA,20.0
S05-02,Day_1,TR,0.0058
S05-02,Day_1,n0,4
S05-02,Day_1,center,E
S05-02,Day_1,field_strength,7.0
S05-02,Day_1,substance,Asunaprevir
S05-02,Day_1,BAT,285.0
S05-02,Day_1,duration,30.0
S05-02,Day_1,study,5
S05-02,Day_1,visit,1
S05-02,Day_1,H,0.418
S05-02,Day_1,ve,0.23
S05-02,Day_1,khe,0.029189643545057986
S05-02,Day_1,Th,192.2464331974955
S05-02,Day_1,Kbh,0.005201656974164489
S05-02,Day_1,Khe,0.12691149367416515
S05-02,Day_1,kbh,0.004005275870106657
S05-02,Day_1,E,0.5700139961601268
S05-02,Day_1,Ktrans,0.012551138181449832
