subject,study,parameter,value
S15-09,Day_1,FA,20.0
S15-09,Day_1,TR,0.0058
S15-09,Day_1,n0,4
S15-09,Day_1,center,D
S15-09,Day_1,field_strength,4.7
S15-09,Day_1,BAT,292.0
S15-09,Day_1,duration,22.0
S15-09,Day_1,study,15
S15-09,Day_1,visit,1
S15-09,Day_1,study arm,Placebo
S15-09,Day_1,substance,Placebo
S15-09,Day_1,ve,0.23
S15-09,Day_1,Fp,0.022019
S15-09,Day_1,E,0.692051061884228
S15-09,Day_1,Th,275.7837958556404
S15-09,Day_1,vol,1000
S15-09,Day_1,Ktrans,0.015238272331628817
S15-09,Day_1,khe,0.04948311374238303
S15-09,Day_1,Khe,0.2151439727929697
S15-09,Day_1,kbh,0.0027920422141228998
S15-09,Day_1,Kbh,0.0036260288495102593
S15-09,Day_1,Te,3.2166881223773807
S15-09,Day_1,CL,49.48311374238303
