subject,study,parameter,value
S15-09,Day_1,FA,20.0
S15-09,Day_1,TR,0.0058
S15-09,Day_1,n0,4
S15-09,Day_1,center,D
S15-09,Day_1,field_strength,4.7
S15-09,Day_1,BAT,292.0
S15-09,Day_1,duration,22.0
S15-09,Day_1,study,15
S15-09,Day_1,visit,1
S15-09,Day_1,substance,Placebo
S15-09,Day_1,H,0.418
S15-09,Day_1,ve,0.23
S15-09,Day_1,khe,0.02423981432097325
S15-09,Day_1,Th,292.3567187596506
S15-09,Day_1,Kbh,0.0034204789417619304
S15-09,Day_1,Khe,0.10539049704770978
S15-09,Day_1,kbh,0.0026337687851566865
S15-09,Day_1,E,0.5240042287461566
S15-09,Day_1,Ktrans,0.011538049112761621
