subject,study,parameter,value
S02-03,Day_2,FA,20.0
S02-03,Day_2,TR,0.0058
S02-03,Day_2,n0,4
S02-03,Day_2,center,D
S02-03,Day_2,field_strength,4.7
S02-03,Day_2,BAT,292.0
S02-03,Day_2,duration,22.0
S02-03,Day_2,study,2
S02-03,Day_2,visit,2
S02-03,Day_2,substance,Placebo
S02-03,Day_2,H,0.418
S02-03,Day_2,ve,0.23
S02-03,Day_2,khe,0.038069186614924096
S02-03,Day_2,Th,241.03807439224676
S02-03,Day_2,Kbh,0.004148722157366214
S02-03,Day_2,Khe,0.16551820267358303
S02-03,Day_2,kbh,0.003194516061171985
S02-03,Day_2,E,0.633555258688217
S02-03,Day_2,Ktrans,0.01395025324105585
