subject,study,parameter,value
S01-09,Day_2,FA,30.0
S01-09,Day_2,TR,0.036
S01-09,Day_2,n0,4
S01-09,Day_2,center,A
S01-09,Day_2,field_strength,7.0
S01-09,Day_2,BAT,285.0
S01-09,Day_2,duration,30.0
S01-09,Day_2,study,1
S01-09,Day_2,visit,2
S01-09,Day_2,substance,Placebo
S01-09,Day_2,H,0.418
S01-09,Day_2,ve,0.23
S01-09,Day_2,khe,0.008247803454542416
S01-09,Day_2,Th,340.6510610694362
S01-09,Day_2,Kbh,0.0029355552184708042
S01-09,Day_2,Khe,0.035860015019749635
S01-09,Day_2,kbh,0.002260377518222519
S01-09,Day_2,E,0.27250328786552425
S01-09,Day_2,Ktrans,0.006000249895510979
