subject,study,parameter,value
S10-02,Day_2,FA,20.0
S10-02,Day_2,TR,0.0058
S10-02,Day_2,n0,4
S10-02,Day_2,center,G
S10-02,Day_2,field_strength,7.0
S10-02,Day_2,substance,Bosentan
S10-02,Day_2,BAT,285.0
S10-02,Day_2,duration,30.0
S10-02,Day_2,study,10
S10-02,Day_2,visit,2
S10-02,Day_2,H,0.418
S10-02,Day_2,ve,0.23
S10-02,Day_2,khe,0.026978381057595556
S10-02,Day_2,Th,346.41889434804534
S10-02,Day_2,Kbh,0.002886678574163755
S10-02,Day_2,Khe,0.11729730894606763
S10-02,Day_2,kbh,0.0022227425021060913
S10-02,Day_2,E,0.550608634079502
S10-02,Day_2,Ktrans,0.012123851513796557
