subject,study,parameter,value
S10-02,Day_2,FA,20.0
S10-02,Day_2,TR,0.0058
S10-02,Day_2,n0,4
S10-02,Day_2,center,G
S10-02,Day_2,field_strength,7.0
S10-02,Day_2,substance,Bosentan
S10-02,Day_2,BAT,285.0
S10-02,Day_2,duration,30.0
S10-02,Day_2,study,10
S10-02,Day_2,visit,2
S10-02,Day_2,ve,0.23
S10-02,Day_2,Fp,0.022019
S10-02,Day_2,E,0.767796777316102
S10-02,Day_2,Th,327.90835149528823
S10-02,Day_2,vol,1000
S10-02,Day_2,Ktrans,0.01690611723972325
S10-02,Day_2,khe,0.07280741862371919
S10-02,Day_2,Khe,0.31655399401617035
S10-02,Day_2,kbh,0.0023482171054465023
S10-02,Day_2,Kbh,0.003049632604475977
S10-02,Day_2,Te,2.425484409705098
S10-02,Day_2,CL,72.80741862371919
