subject,study,parameter,value
S02-10,Day_3,FA,20.0
S02-10,Day_3,TR,0.0058
S02-10,Day_3,n0,4
S02-10,Day_3,center,D
S02-10,Day_3,field_strength,4.7
S02-10,Day_3,BAT,292.0
S02-10,Day_3,duration,22.0
S02-10,Day_3,study,2
S02-10,Day_3,visit,3
S02-10,Day_3,substance,Placebo
S02-10,Day_3,H,0.418
S02-10,Day_3,ve,0.23
S02-10,Day_3,khe,0.03943687704351827
S02-10,Day_3,Th,201.53274696617123
S02-10,Day_3,Kbh,0.0049619727565558235
S02-10,Day_3,Khe,0.1714646827979055
S02-10,Day_3,kbh,0.0038207190225479845
S02-10,Day_3,E,0.6417104260930512
S02-10,Day_3,Ktrans,0.014129821872142892
