subject,study,parameter,value
S08-02,Day_2,FA,20.0
S08-02,Day_2,TR,0.0058
S08-02,Day_2,n0,4
S08-02,Day_2,center,G
S08-02,Day_2,field_strength,4.7
S08-02,Day_2,substance,Cyclosporine
S08-02,Day_2,BAT,285.0
S08-02,Day_2,duration,30.0
S08-02,Day_2,study,8
S08-02,Day_2,visit,2
S08-02,Day_2,ve,0.23
S08-02,Day_2,Fp,0.022019
S08-02,Day_2,E,0.0902068881791779
S08-02,Day_2,Th,665.971719464059
S08-02,Day_2,vol,1000
S08-02,Day_2,Ktrans,0.001986265470817318
S08-02,Day_2,khe,0.0021832056596274825
S08-02,Day_2,Khe,0.00949219852011949
S08-02,Day_2,kbh,0.0011562052524087027
S08-02,Day_2,Kbh,0.001501565262868445
S08-02,Day_2,Te,9.503266075606934
S08-02,Day_2,CL,2.1832056596274825
