subject,study,parameter,value
S08-02,Day_2,FA,20.0
S08-02,Day_2,TR,0.0058
S08-02,Day_2,n0,4
S08-02,Day_2,center,G
S08-02,Day_2,field_strength,4.7
S08-02,Day_2,substance,Cyclosporine
S08-02,Day_2,BAT,285.0
S08-02,Day_2,duration,30.0
S08-02,Day_2,study,8
S08-02,Day_2,visit,2
S08-02,Day_2,H,0.418
S08-02,Day_2,ve,0.23
S08-02,Day_2,khe,0.003312972361067249
S08-02,Day_2,Th,691.6727044462916
S08-02,Day_2,Kbh,0.0014457705119367624
S08-02,Day_2,Khe,0.014404227656814126
S08-02,Day_2,kbh,0.001113243294191307
S08-02,Day_2,E,0.1307822507401343
S08-02,Day_2,Ktrans,0.002879694379047017
