subject,study,parameter,value
S04-04,Day_1,FA,20.0
S04-04,Day_1,TR,0.0058
S04-04,Day_1,n0,4
S04-04,Day_1,center,G
S04-04,Day_1,field_strength,4.7
S04-04,Day_1,BAT,285.0
S04-04,Day_1,duration,30.0
S04-04,Day_1,study,4
S04-04,Day_1,visit,1
S04-04,Day_1,substance,Placebo
S04-04,Day_1,ve,0.23
S04-04,Day_1,Fp,0.022019
S04-04,Day_1,E,0.7345935995275862
S04-04,Day_1,Th,199.78305466605548
S04-04,Day_1,vol,1000
S04-04,Day_1,Ktrans,0.016175016467997922
S04-04,Day_1,khe,0.060944334572214445
S04-04,Day_1,Khe,0.2649753677052802
S04-04,Day_1,kbh,0.0038541807326306155
S04-04,Day_1,Kbh,0.005005429522896903
S04-04,Day_1,Te,2.7723090107931867
S04-04,Day_1,CL,60.944334572214444
