subject,study,parameter,value
S04-04,Day_1,FA,20.0
S04-04,Day_1,TR,0.0058
S04-04,Day_1,n0,4
S04-04,Day_1,center,G
S04-04,Day_1,field_strength,4.7
S04-04,Day_1,BAT,285.0
S04-04,Day_1,duration,30.0
S04-04,Day_1,study,4
S04-04,Day_1,visit,1
S04-04,Day_1,substance,Placebo
S04-04,Day_1,H,0.418
S04-04,Day_1,ve,0.23
S04-04,Day_1,khe,0.025307888071463037
S04-04,Day_1,Th,212.83181830144736
S04-04,Day_1,Kbh,0.004698545583929729
S04-04,Day_1,Khe,0.11003429596288276
S04-04,Day_1,kbh,0.0036178800996258917
S04-04,Day_1,E,0.5347465067478856
S04-04,Day_1,Ktrans,0.011774583332081695
