subject,study,parameter,value
S13-01,Day_1,FA,20.0
S13-01,Day_1,TR,0.0058
S13-01,Day_1,n0,4
S13-01,Day_1,center,G
S13-01,Day_1,field_strength,4.7
S13-01,Day_1,BAT,285.0
S13-01,Day_1,duration,30.0
S13-01,Day_1,study,13
S13-01,Day_1,visit,1
S13-01,Day_1,substance,Placebo
S13-01,Day_1,H,0.418
S13-01,Day_1,ve,0.23
S13-01,Day_1,khe,0.01908478168372753
S13-01,Day_1,Th,156.03156192848317
S13-01,Day_1,Kbh,0.006408959749171443
S13-01,Day_1,Khe,0.08297731166838057
S13-01,Day_1,kbh,0.004934899006862011
S13-01,Day_1,E,0.46430719758525174
S13-01,Day_1,Ktrans,0.01022358018362966
