subject,study,parameter,value
S08-01,Day_1,FA,20.0
S08-01,Day_1,TR,0.0058
S08-01,Day_1,n0,4
S08-01,Day_1,center,G
S08-01,Day_1,field_strength,4.7
S08-01,Day_1,substance,Placebo
S08-01,Day_1,BAT,285.0
S08-01,Day_1,duration,30.0
S08-01,Day_1,study,8
S08-01,Day_1,visit,1
S08-01,Day_1,ve,0.23
S08-01,Day_1,Fp,0.022019
S08-01,Day_1,E,0.8282681464011543
S08-01,Day_1,Th,388.0691486584914
S08-01,Day_1,vol,1000
S08-01,Day_1,Ktrans,0.018237636315607018
S08-01,Day_1,khe,0.10619833148839665
S08-01,Day_1,Khe,0.46173187603650717
S08-01,Day_1,kbh,0.001984182465062729
S08-01,Day_1,Kbh,0.0025768603442373104
S08-01,Day_1,Te,1.7938292532691997
S08-01,Day_1,CL,106.19833148839665
