subject,study,parameter,value
S08-01,Day_1,FA,20.0
S08-01,Day_1,TR,0.0058
S08-01,Day_1,n0,4
S08-01,Day_1,center,G
S08-01,Day_1,field_strength,4.7
S08-01,Day_1,substance,Placebo
S08-01,Day_1,BAT,285.0
S08-01,Day_1,duration,30.0
S08-01,Day_1,study,8
S08-01,Day_1,visit,1
S08-01,Day_1,H,0.418
S08-01,Day_1,ve,0.23
S08-01,Day_1,khe,0.02967158322706412
S08-01,Day_1,Th,405.00425053868366
S08-01,Day_1,Kbh,0.0024691098887726012
S08-01,Day_1,Khe,0.12900688359593093
S08-01,Day_1,kbh,0.0019012146143549031
S08-01,Day_1,E,0.5740229917067118
S08-01,Day_1,Ktrans,0.012639412254390085
