subject,study,parameter,value
S01-12,Day_2,FA,30.0
S01-12,Day_2,TR,0.036
S01-12,Day_2,n0,4
S01-12,Day_2,center,A
S01-12,Day_2,field_strength,7.0
S01-12,Day_2,BAT,285.0
S01-12,Day_2,duration,30.0
S01-12,Day_2,study,1
S01-12,Day_2,visit,2
S01-12,Day_2,substance,Placebo
S01-12,Day_2,H,0.418
S01-12,Day_2,ve,0.23
S01-12,Day_2,khe,0.014445814172877394
S01-12,Day_2,Th,337.21146331843363
S01-12,Day_2,Kbh,0.002965498237097846
S01-12,Day_2,Khe,0.06280788770816258
S01-12,Day_2,kbh,0.0022834336425653417
S01-12,Day_2,E,0.39615762483775996
S01-12,Day_2,Ktrans,0.008722994741302635
