subject,study,parameter,value
S06-06,Day_1,FA,20.0
S06-06,Day_1,TR,0.0058
S06-06,Day_1,n0,4
S06-06,Day_1,center,E
S06-06,Day_1,field_strength,7.0
S06-06,Day_1,substance,Pioglitazone
S06-06,Day_1,BAT,285.0
S06-06,Day_1,duration,30.0
S06-06,Day_1,study,6
S06-06,Day_1,visit,1
S06-06,Day_1,H,0.418
S06-06,Day_1,ve,0.23
S06-06,Day_1,khe,0.020814871273919
S06-06,Day_1,Th,231.68446433834504
S06-06,Day_1,Kbh,0.004316215171594889
S06-06,Day_1,Khe,0.09049944032138696
S06-06,Day_1,kbh,0.003323485682128065
S06-06,Day_1,E,0.48594419917848775
S06-06,Day_1,Ktrans,0.010700005321711123
