subject,study,parameter,value
S10-01,Day_2,FA,20.0
S10-01,Day_2,TR,0.0058
S10-01,Day_2,n0,4
S10-01,Day_2,center,G
S10-01,Day_2,field_strength,7.0
S10-01,Day_2,substance,Bosentan
S10-01,Day_2,BAT,285.0
S10-01,Day_2,duration,30.0
S10-01,Day_2,study,10
S10-01,Day_2,visit,2
S10-01,Day_2,H,0.418
S10-01,Day_2,ve,0.23
S10-01,Day_2,khe,0.010368017707742434
S10-01,Day_2,Th,409.1838564175214
S10-01,Day_2,Kbh,0.00244388918163874
S10-01,Day_2,Khe,0.04507833785974971
S10-01,Day_2,kbh,0.0018817946698618299
S10-01,Day_2,E,0.32012881832166523
S10-01,Day_2,Ktrans,0.007048916450624748
