subject,study,parameter,value
S10-06,Day_2,FA,20.0
S10-06,Day_2,TR,0.0058
S10-06,Day_2,n0,4
S10-06,Day_2,center,G
S10-06,Day_2,field_strength,7.0
S10-06,Day_2,substance,Bosentan
S10-06,Day_2,BAT,285.0
S10-06,Day_2,duration,30.0
S10-06,Day_2,study,10
S10-06,Day_2,visit,2
S10-06,Day_2,H,0.418
S10-06,Day_2,ve,0.23
S10-06,Day_2,khe,0.036884187892080665
S10-06,Day_2,Th,268.18529983239483
S10-06,Day_2,Kbh,0.0037287651509048418
S10-06,Day_2,Khe,0.1603660343133942
S10-06,Day_2,kbh,0.002871149166196728
S10-06,Day_2,E,0.6261832205017144
S10-06,Day_2,Ktrans,0.013787928332227254
