subject,study,parameter,value
S02-03,Day_3,FA,20.0
S02-03,Day_3,TR,0.0058
S02-03,Day_3,n0,4
S02-03,Day_3,center,D
S02-03,Day_3,field_strength,4.7
S02-03,Day_3,BAT,292.0
S02-03,Day_3,duration,22.0
S02-03,Day_3,study,2
S02-03,Day_3,visit,3
S02-03,Day_3,substance,Placebo
S02-03,Day_3,H,0.418
S02-03,Day_3,ve,0.23
S02-03,Day_3,khe,0.03935368569931768
S02-03,Day_3,Th,291.08210249900435
S02-03,Day_3,Kbh,0.003435456839890802
S02-03,Day_3,Khe,0.1711029813013812
S02-03,Day_3,kbh,0.0026453017667159174
S02-03,Day_3,E,0.6412247606715897
S02-03,Day_3,Ktrans,0.014119128005227737
