subject,study,parameter,value
S11-02,Day_1,FA,20.0
S11-02,Day_1,TR,0.0058
S11-02,Day_1,n0,4
S11-02,Day_1,center,G
S11-02,Day_1,field_strength,7.0
S11-02,Day_1,BAT,285.0
S11-02,Day_1,duration,30.0
S11-02,Day_1,study,11
S11-02,Day_1,visit,1
S11-02,Day_1,substance,Placebo
S11-02,Day_1,H,0.418
S11-02,Day_1,ve,0.23
S11-02,Day_1,khe,0.028364140451755553
S11-02,Day_1,Th,269.3693155315794
S11-02,Day_1,Kbh,0.003712375323917566
S11-02,Day_1,Khe,0.12332234979024152
S11-02,Day_1,kbh,0.0028585289994165256
S11-02,Day_1,E,0.5629688859692197
S11-02,Day_1,Ktrans,0.01239601190015625
