subject,study,parameter,value
S01-01,Day_2,FA,30.0
S01-01,Day_2,TR,0.036
S01-01,Day_2,n0,4
S01-01,Day_2,center,A
S01-01,Day_2,field_strength,7.0
S01-01,Day_2,BAT,285.0
S01-01,Day_2,duration,30.0
S01-01,Day_2,study,1
S01-01,Day_2,visit,2
S01-01,Day_2,substance,Rifampicin (clinical dose)
S01-01,Day_2,H,0.418
S01-01,Day_2,ve,0.23
S01-01,Day_2,khe,0.004239015099599719
S01-01,Day_2,Th,701.0691872093475
S01-01,Day_2,Kbh,0.0014263927416073817
S01-01,Day_2,Khe,0.018430500433042254
S01-01,Day_2,kbh,0.001098322411037684
S01-01,Day_2,E,0.1614369967996682
S01-01,Day_2,Ktrans,0.003554681232531894
