subject,study,parameter,value
S15-01,Day_1,FA,20.0
S15-01,Day_1,TR,0.0058
S15-01,Day_1,n0,4
S15-01,Day_1,center,D
S15-01,Day_1,field_strength,4.7
S15-01,Day_1,BAT,292.0
S15-01,Day_1,duration,22.0
S15-01,Day_1,study,15
S15-01,Day_1,visit,1
S15-01,Day_1,study arm,Cyclosporine (clinical dose)
S15-01,Day_1,substance,Placebo
S15-01,Day_1,ve,0.23
S15-01,Day_1,Fp,0.022019
S15-01,Day_1,E,0.6033213704344708
S15-01,Day_1,Th,418.7582492088515
S15-01,Day_1,vol,1000.0
S15-01,Day_1,Ktrans,0.013284533255596613
S15-01,Day_1,khe,0.033489409979425365
S15-01,Day_1,Khe,0.14560613034532766
S15-01,Day_1,kbh,0.001838769747114809
S15-01,Day_1,Kbh,0.002388012658590661
S15-01,Day_1,Te,4.143516272313534
S15-01,Day_1,CL,33.48940997942537
S15-01,Day_2,FA,20.0
S15-01,Day_2,TR,0.0058
S15-01,Day_2,n0,4
S15-01,Day_2,center,D
S15-01,Day_2,field_strength,4.7
S15-01,Day_2,BAT,292.0
S15-01,Day_2,duration,22.0
S15-01,Day_2,study,15
S15-01,Day_2,visit,2
S15-01,Day_2,study arm,Cyclosporine (clinical dose)
S15-01,Day_2,substance,Cyclosporine (clinical dose)
S15-01,Day_2,ve,0.23
S15-01,Day_2,Fp,0.022019
S15-01,Day_2,E,0.053575683862978674
S15-01,Day_2,Th,796.7395552970638
S15-01,Day_2,vol,1000.0
S15-01,Day_2,Ktrans,0.0011796829829789275
S15-01,Day_2,khe,0.0012464630957433425
S15-01,Day_2,Khe,0.005419404764101489
S15-01,Day_2,kbh,0.0009664387752317707
S15-01,Day_2,Kbh,0.001255115292508793
S15-01,Day_2,Te,9.88589821115922
S15-01,Day_2,CL,1.2464630957433425
S15-02,Day_1,FA,20.0
S15-02,Day_1,TR,0.0058
S15-02,Day_1,n0,4
S15-02,Day_1,center,D
S15-02,Day_1,field_strength,4.7
S15-02,Day_1,BAT,292.0
S15-02,Day_1,duration,22.0
S15-02,Day_1,study,15
S15-02,Day_1,visit,1
S15-02,Day_1,study arm,Cyclosporine (clinical dose)
S15-02,Day_1,substance,Placebo
S15-02,Day_1,ve,0.23
S15-02,Day_1,Fp,0.022019
S15-02,Day_1,E,0.7233106904183773
S15-02,Day_1,Th,378.177552795307
S15-02,Day_1,vol,1000.0
S15-02,Day_1,Ktrans,0.015926578092322247
S15-02,Day_1,khe,0.05756123399348012
S15-02,Day_1,Khe,0.2502662347542614
S15-02,Day_1,kbh,0.0020360806565818874
S15-02,Day_1,Kbh,0.0026442605929634898
S15-02,Day_1,Te,2.8901649122927124
S15-02,Day_1,CL,57.56123399348012
S15-02,Day_2,FA,20.0
S15-02,Day_2,TR,0.0058
S15-02,Day_2,n0,4
S15-02,Day_2,center,D
S15-02,Day_2,field_strength,4.7
S15-02,Day_2,BAT,292.0
S15-02,Day_2,duration,22.0
S15-02,Day_2,study,15
S15-02,Day_2,visit,2
S15-02,Day_2,study arm,Cyclosporine (clinical dose)
S15-02,Day_2,substance,Cyclosporine (clinical dose)
S15-02,Day_2,ve,0.23
S15-02,Day_2,Fp,0.022019
S15-02,Day_2,E,0.09521460161129319
S15-02,Day_2,Th,721.4839129300807
S15-02,Day_2,vol,1000.0
S15-02,Day_2,Ktrans,0.0020965303128790648
S15-02,Day_2,khe,0.0023171575454386034
S15-02,Day_2,Khe,0.010074598023646101
S15-02,Day_2,kbh,0.0010672448632608959
S15-02,Day_2,Kbh,0.0013860322899492154
S15-02,Day_2,Te,9.450957883164657
S15-02,Day_2,CL,2.3171575454386035
S15-02,Day_3,FA,20.0
S15-02,Day_3,TR,0.0058
S15-02,Day_3,n0,4
S15-02,Day_3,center,D
S15-02,Day_3,field_strength,4.7
S15-02,Day_3,BAT,292.0
S15-02,Day_3,duration,22.0
S15-02,Day_3,study,15
S15-02,Day_3,visit,3
S15-02,Day_3,study arm,Cyclosporine (clinical dose)
S15-02,Day_3,substance,Cyclosporine (clinical dose)
S15-02,Day_3,ve,0.23
S15-02,Day_3,Fp,0.022019
S15-02,Day_3,E,0.07150884055930387
S15-02,Day_3,Th,1042.5215722989585
S15-02,Day_3,vol,1000.0
S15-02,Day_3,Ktrans,0.001574553160275312
S15-02,Day_3,khe,0.0016958192269959686
S15-02,Day_3,Khe,0.007373127073895515
S15-02,Day_3,kbh,0.0007385938290965082
S15-02,Day_3,Kbh,0.0009592127650604003
S15-02,Day_3,Te,9.69857698675508
S15-02,Day_3,CL,1.6958192269959687
S15-03,Day_1,FA,20.0
S15-03,Day_1,TR,0.0058
S15-03,Day_1,n0,4
S15-03,Day_1,center,D
S15-03,Day_1,field_strength,4.7
S15-03,Day_1,BAT,292.0
S15-03,Day_1,duration,22.0
S15-03,Day_1,study,15
S15-03,Day_1,visit,1
S15-03,Day_1,study arm,Placebo
S15-03,Day_1,substance,Placebo
S15-03,Day_1,ve,0.23
S15-03,Day_1,Fp,0.022019
S15-03,Day_1,E,0.8509570386262182
S15-03,Day_1,Th,302.17884091907774
S15-03,Day_1,vol,1000.0
S15-03,Day_1,Ktrans,0.0187372230335107
S15-03,Day_1,khe,0.12571692658816674
S15-03,Day_1,Khe,0.5465953329920293
S15-03,Day_1,kbh,0.0025481598832600024
S15-03,Day_1,Kbh,0.003309298549688315
S15-03,Day_1,Te,1.5568318777405792
S15-03,Day_1,CL,125.71692658816674
S15-03,Day_2,FA,20.0
S15-03,Day_2,TR,0.0058
S15-03,Day_2,n0,4
S15-03,Day_2,center,D
S15-03,Day_2,field_strength,4.7
S15-03,Day_2,BAT,292.0
S15-03,Day_2,duration,22.0
S15-03,Day_2,study,15
S15-03,Day_2,visit,2
S15-03,Day_2,study arm,Placebo
S15-03,Day_2,substance,Placebo
S15-03,Day_2,ve,0.23
S15-03,Day_2,Fp,0.022019
S15-03,Day_2,E,0.8999946826641293
S15-03,Day_2,Th,274.21338177540423
S15-03,Day_2,vol,1000.0
S15-03,Day_2,Ktrans,0.019816982917581463
S15-03,Day_2,khe,0.19815929238067972
S15-03,Day_2,Khe,0.861562140785564
S15-03,Day_2,kbh,0.002808032179227023
S15-03,Day_2,Kbh,0.003646795037957173
S15-03,Day_2,Te,1.0446079743517083
S15-03,Day_2,CL,198.15929238067972
S15-03,Day_3,FA,20.0
S15-03,Day_3,TR,0.0058
S15-03,Day_3,n0,4
S15-03,Day_3,center,D
S15-03,Day_3,field_strength,4.7
S15-03,Day_3,BAT,292.0
S15-03,Day_3,duration,22.0
S15-03,Day_3,study,15
S15-03,Day_3,visit,3
S15-03,Day_3,study arm,Placebo
S15-03,Day_3,substance,Placebo
S15-03,Day_3,ve,0.23
S15-03,Day_3,Fp,0.022019
S15-03,Day_3,E,0.8999963797552542
S15-03,Day_3,Th,340.7149930842908
S15-03,Day_3,vol,1000.0
S15-03,Day_3,Ktrans,0.01981702028583094
S15-03,Day_3,khe,0.19816302887166845
S15-03,Day_3,Khe,0.8615783863985584
S15-03,Day_3,kbh,0.002259953379302879
S15-03,Day_3,Kbh,0.002935004388705037
S15-03,Day_3,Te,1.0445902473450905
S15-03,Day_3,CL,198.16302887166844
S15-04,Day_1,FA,20.0
S15-04,Day_1,TR,0.0058
S15-04,Day_1,n0,4
S15-04,Day_1,center,D
S15-04,Day_1,field_strength,4.7
S15-04,Day_1,BAT,292.0
S15-04,Day_1,duration,22.0
S15-04,Day_1,study,15
S15-04,Day_1,visit,1
S15-04,Day_1,study arm,Placebo
S15-04,Day_1,substance,Placebo
S15-04,Day_1,ve,0.23
S15-04,Day_1,Fp,0.022019
S15-04,Day_1,E,0.8999993937614535
S15-04,Day_1,Th,283.07391119742897
S15-04,Day_1,vol,1000.0
S15-04,Day_1,Ktrans,0.019817086651233447
S15-04,Day_1,khe,0.19816966513143708
S15-04,Day_1,Khe,0.8616072397019003
S15-04,Day_1,kbh,0.0027201376373500066
S15-04,Day_1,Kbh,0.003532646282272736
S15-04,Day_1,Te,1.044558764470034
S15-04,Day_1,CL,198.16966513143709
S15-04,Day_2,FA,20.0
S15-04,Day_2,TR,0.0058
S15-04,Day_2,n0,4
S15-04,Day_2,center,D
S15-04,Day_2,field_strength,4.7
S15-04,Day_2,BAT,292.0
S15-04,Day_2,duration,22.0
S15-04,Day_2,study,15
S15-04,Day_2,visit,2
S15-04,Day_2,study arm,Placebo
S15-04,Day_2,substance,Placebo
S15-04,Day_2,ve,0.23
S15-04,Day_2,Fp,0.022019
S15-04,Day_2,E,0.8999996768810854
S15-04,Day_2,Th,342.98576298087005
S15-04,Day_2,vol,1000.0
S15-04,Day_2,Ktrans,0.01981709288524462
S15-04,Day_2,khe,0.19817028852676083
S15-04,Day_2,Khe,0.8616099501163514
S15-04,Day_2,kbh,0.0022449911428042177
S15-04,Day_2,Kbh,0.0029155729127327504
S15-04,Day_2,Te,1.0445558071370344
S15-04,Day_2,CL,198.17028852676083
S15-04,Day_3,FA,20.0
S15-04,Day_3,TR,0.0058
S15-04,Day_3,n0,4
S15-04,Day_3,center,D
S15-04,Day_3,field_strength,4.7
S15-04,Day_3,BAT,292.0
S15-04,Day_3,duration,22.0
S15-04,Day_3,study,15
S15-04,Day_3,visit,3
S15-04,Day_3,study arm,Placebo
S15-04,Day_3,substance,Placebo
S15-04,Day_3,ve,0.23
S15-04,Day_3,Fp,0.022019
S15-04,Day_3,E,0.8999999995474524
S15-04,Day_3,Th,405.50290772386927
S15-04,Day_3,vol,1000.0
S15-04,Day_3,Ktrans,0.019817099990035354
S15-04,Day_3,khe,0.19817099900353535
S15-04,Day_3,Khe,0.8616130391458059
S15-04,Day_3,kbh,0.0018988766426413352
S15-04,Day_3,Kbh,0.0024660735618718638
S15-04,Day_3,Te,1.044552436717651
S15-04,Day_3,CL,198.17099900353534
S15-05,Day_1,FA,20.0
S15-05,Day_1,TR,0.0058
S15-05,Day_1,n0,4
S15-05,Day_1,center,D
S15-05,Day_1,field_strength,4.7
S15-05,Day_1,BAT,292.0
S15-05,Day_1,duration,22.0
S15-05,Day_1,study,15
S15-05,Day_1,visit,1
S15-05,Day_1,study arm,Placebo
S15-05,Day_1,substance,Placebo
S15-05,Day_1,ve,0.23
S15-05,Day_1,Fp,0.022019
S15-05,Day_1,E,0.847825929834604
S15-05,Day_1,Th,320.96479375387895
S15-05,Day_1,vol,1000.0
S15-05,Day_1,Ktrans,0.018668279149028147
S15-05,Day_1,khe,0.12267713631328808
S15-05,Day_1,Khe,0.5333788535360351
S15-05,Day_1,kbh,0.002399017010539943
S15-05,Day_1,Kbh,0.003115606507194731
S15-05,Day_1,Te,1.589537950771655
S15-05,Day_1,CL,122.67713631328809
S15-05,Day_2,FA,20.0
S15-05,Day_2,TR,0.0058
S15-05,Day_2,n0,4
S15-05,Day_2,center,D
S15-05,Day_2,field_strength,4.7
S15-05,Day_2,BAT,292.0
S15-05,Day_2,duration,22.0
S15-05,Day_2,study,15
S15-05,Day_2,visit,2
S15-05,Day_2,study arm,Placebo
S15-05,Day_2,substance,Placebo
S15-05,Day_2,ve,0.23
S15-05,Day_2,Fp,0.022019
S15-05,Day_2,E,0.7459502625041716
S15-05,Day_2,Th,323.89309472166536
S15-05,Day_2,vol,1000.0
S15-05,Day_2,Ktrans,0.016425078830079355
S15-05,Day_2,khe,0.06465300453360659
S15-05,Day_2,Khe,0.28110001971133297
S15-05,Day_2,kbh,0.0023773276199719313
S15-05,Day_2,Kbh,0.0030874384674960146
S15-05,Day_2,Te,2.6536827114782926
S15-05,Day_2,CL,64.65300453360659
S15-05,Day_3,FA,20.0
S15-05,Day_3,TR,0.0058
S15-05,Day_3,n0,4
S15-05,Day_3,center,D
S15-05,Day_3,field_strength,4.7
S15-05,Day_3,BAT,292.0
S15-05,Day_3,duration,22.0
S15-05,Day_3,study,15
S15-05,Day_3,visit,3
S15-05,Day_3,study arm,Placebo
S15-05,Day_3,substance,Placebo
S15-05,Day_3,ve,0.23
S15-05,Day_3,Fp,0.022019
S15-05,Day_3,E,0.8030467983049161
S15-05,Day_3,Th,369.3954428233998
S15-05,Day_3,vol,1000.0
S15-05,Day_3,Ktrans,0.017682287451875948
S15-05,Day_3,khe,0.08977913179218609
S15-05,Day_3,Khe,0.3903440512703743
S15-05,Day_3,kbh,0.0020844870042647516
S15-05,Day_3,Kbh,0.002707125979564613
S15-05,Day_3,Te,2.0572794581892593
S15-05,Day_3,CL,89.77913179218609
S15-06,Day_1,FA,20.0
S15-06,Day_1,TR,0.0058
S15-06,Day_1,n0,4
S15-06,Day_1,center,D
S15-06,Day_1,field_strength,4.7
S15-06,Day_1,BAT,292.0
S15-06,Day_1,duration,22.0
S15-06,Day_1,study,15
S15-06,Day_1,visit,1
S15-06,Day_1,study arm,Placebo
S15-06,Day_1,substance,Placebo
S15-06,Day_1,ve,0.23
S15-06,Day_1,Fp,0.022019
S15-06,Day_1,E,0.8999999999922509
S15-06,Day_1,Th,300.17880100625626
S15-06,Day_1,vol,1000.0
S15-06,Day_1,Ktrans,0.019817099999829373
S15-06,Day_1,khe,0.19817099998293725
S15-06,Day_1,Khe,0.861613043404075
S15-06,Day_1,kbh,0.0025651378359125097
S15-06,Day_1,Kbh,0.003331347838847415
S15-06,Day_1,Te,1.0445524320714972
S15-06,Day_1,CL,198.17099998293725
S15-06,Day_2,FA,20.0
S15-06,Day_2,TR,0.0058
S15-06,Day_2,n0,4
S15-06,Day_2,center,D
S15-06,Day_2,field_strength,4.7
S15-06,Day_2,BAT,292.0
S15-06,Day_2,duration,22.0
S15-06,Day_2,study,15
S15-06,Day_2,visit,2
S15-06,Day_2,study arm,Placebo
S15-06,Day_2,substance,Placebo
S15-06,Day_2,ve,0.23
S15-06,Day_2,Fp,0.022019
S15-06,Day_2,E,0.8999881480316322
S15-06,Day_2,Th,283.65338485604616
S15-06,Day_2,vol,1000.0
S15-06,Day_2,Ktrans,0.01981683903150851
S15-06,Day_2,khe,0.1981449062434747
S15-06,Day_2,Khe,0.8614995923629334
S15-06,Day_2,kbh,0.0027145806858281433
S15-06,Day_2,Kbh,0.0035254294621144718
S15-06,Day_2,Te,1.0446762320143783
S15-06,Day_2,CL,198.1449062434747
S15-06,Day_3,FA,20.0
S15-06,Day_3,TR,0.0058
S15-06,Day_3,n0,4
S15-06,Day_3,center,D
S15-06,Day_3,field_strength,4.7
S15-06,Day_3,BAT,292.0
S15-06,Day_3,duration,22.0
S15-06,Day_3,study,15
S15-06,Day_3,visit,3
S15-06,Day_3,study arm,Placebo
S15-06,Day_3,substance,Placebo
S15-06,Day_3,ve,0.23
S15-06,Day_3,Fp,0.022019
S15-06,Day_3,E,0.8999994605230001
S15-06,Day_3,Th,356.3948955615607
S15-06,Day_3,vol,1000.0
S15-06,Day_3,Ktrans,0.01981708812125594
S15-06,Day_3,khe,0.19816981213200213
S15-06,Day_3,Khe,0.8616078788347918
S15-06,Day_3,kbh,0.002160524770666915
S15-06,Day_3,Kbh,0.0028058763255414476
S15-06,Day_3,Te,1.0445580671106764
S15-06,Day_3,CL,198.16981213200214
S15-07,Day_1,FA,20.0
S15-07,Day_1,TR,0.0058
S15-07,Day_1,n0,4
S15-07,Day_1,center,D
S15-07,Day_1,field_strength,4.7
S15-07,Day_1,BAT,292.0
S15-07,Day_1,duration,22.0
S15-07,Day_1,study,15
S15-07,Day_1,visit,1
S15-07,Day_1,study arm,Cyclosporine (clinical dose)
S15-07,Day_1,substance,Placebo
S15-07,Day_1,ve,0.23
S15-07,Day_1,Fp,0.022019
S15-07,Day_1,E,0.687930402947554
S15-07,Day_1,Th,361.38145706956726
S15-07,Day_1,vol,1000.0
S15-07,Day_1,Ktrans,0.015147539542502192
S15-07,Day_1,khe,0.04853897875849956
S15-07,Day_1,Khe,0.21103903808043284
S15-07,Day_1,kbh,0.0021307125336311105
S15-07,Day_1,Kbh,0.0027671591345858576
S15-07,Day_1,Te,3.2597305655144453
S15-07,Day_1,CL,48.53897875849956
S15-07,Day_2,FA,20.0
S15-07,Day_2,TR,0.0058
S15-07,Day_2,n0,4
S15-07,Day_2,center,D
S15-07,Day_2,field_strength,4.7
S15-07,Day_2,BAT,292.0
S15-07,Day_2,duration,22.0
S15-07,Day_2,study,15
S15-07,Day_2,visit,2
S15-07,Day_2,study arm,Cyclosporine (clinical dose)
S15-07,Day_2,substance,Cyclosporine (clinical dose)
S15-07,Day_2,ve,0.23
S15-07,Day_2,Fp,0.022019
S15-07,Day_2,E,0.08625935367653993
S15-07,Day_2,Th,717.9661161825488
S15-07,Day_2,vol,1000.0
S15-07,Day_2,Ktrans,0.0018993447086037328
S15-07,Day_2,khe,0.0020786474983311327
S15-07,Day_2,Khe,0.009037597818831011
S15-07,Day_2,kbh,0.0010724740104646124
S15-07,Day_2,Kbh,0.0013928233902137824
S15-07,Day_2,Te,9.544500143257906
S15-07,Day_2,CL,2.078647498331133
S15-07,Day_3,FA,20.0
S15-07,Day_3,TR,0.0058
S15-07,Day_3,n0,4
S15-07,Day_3,center,D
S15-07,Day_3,field_strength,4.7
S15-07,Day_3,BAT,292.0
S15-07,Day_3,duration,22.0
S15-07,Day_3,study,15
S15-07,Day_3,visit,3
S15-07,Day_3,study arm,Cyclosporine (clinical dose)
S15-07,Day_3,substance,Cyclosporine (clinical dose)
S15-07,Day_3,ve,0.23
S15-07,Day_3,Fp,0.022019
S15-07,Day_3,E,0.09225581352999718
S15-07,Day_3,Th,849.0249024162372
S15-07,Day_3,vol,1000.0
S15-07,Day_3,Ktrans,0.0020313807581170077
S15-07,Day_3,khe,0.002237833949690777
S15-07,Day_3,Khe,0.009729712824742507
S15-07,Day_3,kbh,0.0009069227508034918
S15-07,Day_3,Kbh,0.001177821754290249
S15-07,Day_3,Te,9.48186397602528
S15-07,Day_3,CL,2.237833949690777
S15-08,Day_1,FA,20.0
S15-08,Day_1,TR,0.0058
S15-08,Day_1,n0,4
S15-08,Day_1,center,D
S15-08,Day_1,field_strength,4.7
S15-08,Day_1,BAT,292.0
S15-08,Day_1,duration,22.0
S15-08,Day_1,study,15
S15-08,Day_1,visit,1
S15-08,Day_1,study arm,Cyclosporine (clinical dose)
S15-08,Day_1,substance,Placebo
S15-08,Day_1,ve,0.23
S15-08,Day_1,Fp,0.022019
S15-08,Day_1,E,0.7748190148380274
S15-08,Day_1,Th,336.6510968832635
S15-08,Day_1,vol,1000.0
S15-08,Day_1,Ktrans,0.017060739887718526
S15-08,Day_1,khe,0.07576456722332368
S15-08,Day_1,Khe,0.32941116184053776
S15-08,Day_1,kbh,0.0022872344903334856
S15-08,Day_1,Kbh,0.0029704344030305006
S15-08,Day_1,Te,2.3521334568896726
S15-08,Day_1,CL,75.76456722332368
S15-08,Day_2,FA,20.0
S15-08,Day_2,TR,0.0058
S15-08,Day_2,n0,4
S15-08,Day_2,center,D
S15-08,Day_2,field_strength,4.7
S15-08,Day_2,BAT,292.0
S15-08,Day_2,duration,22.0
S15-08,Day_2,study,15
S15-08,Day_2,visit,2
S15-08,Day_2,study arm,Cyclosporine (clinical dose)
S15-08,Day_2,substance,Cyclosporine (clinical dose)
S15-08,Day_2,ve,0.23
S15-08,Day_2,Fp,0.022019
S15-08,Day_2,E,0.08952709307184031
S15-08,Day_2,Th,600.2681455733991
S15-08,Day_2,vol,1000.0
S15-08,Day_2,Ktrans,0.001971297062348852
S15-08,Day_2,khe,0.0021651353349983827
S15-08,Day_2,Khe,0.009413631891297316
S15-08,Day_2,kbh,0.0012827600559487736
S15-08,Day_2,Kbh,0.0016659221505828227
S15-08,Day_2,Te,9.510366891933183
S15-08,Day_2,CL,2.1651353349983826
S15-08,Day_3,FA,20.0
S15-08,Day_3,TR,0.0058
S15-08,Day_3,n0,4
S15-08,Day_3,center,D
S15-08,Day_3,field_strength,4.7
S15-08,Day_3,BAT,292.0
S15-08,Day_3,duration,22.0
S15-08,Day_3,study,15
S15-08,Day_3,visit,3
S15-08,Day_3,study arm,Cyclosporine (clinical dose)
S15-08,Day_3,substance,Cyclosporine (clinical dose)
S15-08,Day_3,ve,0.23
S15-08,Day_3,Fp,0.022019
S15-08,Day_3,E,0.14382171247242354
S15-08,Day_3,Th,755.0020407117256
S15-08,Day_3,vol,1000.0
S15-08,Day_3,Ktrans,0.0031668102869302937
S15-08,Day_3,khe,0.0036987743476597965
S15-08,Day_3,Khe,0.016081627598520852
S15-08,Day_3,kbh,0.0010198647930463023
S15-08,Day_3,Kbh,0.0013244997312289641
S15-08,Day_3,Te,8.943231124544376
S15-08,Day_3,CL,3.6987743476597963
S15-09,Day_1,FA,20.0
S15-09,Day_1,TR,0.0058
S15-09,Day_1,n0,4
S15-09,Day_1,center,D
S15-09,Day_1,field_strength,4.7
S15-09,Day_1,BAT,292.0
S15-09,Day_1,duration,22.0
S15-09,Day_1,study,15
S15-09,Day_1,visit,1
S15-09,Day_1,study arm,Placebo
S15-09,Day_1,substance,Placebo
S15-09,Day_1,ve,0.23
S15-09,Day_1,Fp,0.022019
S15-09,Day_1,E,0.692051061884228
S15-09,Day_1,Th,275.7837958556404
S15-09,Day_1,vol,1000.0
S15-09,Day_1,Ktrans,0.015238272331628817
S15-09,Day_1,khe,0.04948311374238303
S15-09,Day_1,Khe,0.2151439727929697
S15-09,Day_1,kbh,0.0027920422141228998
S15-09,Day_1,Kbh,0.0036260288495102593
S15-09,Day_1,Te,3.2166881223773807
S15-09,Day_1,CL,49.48311374238303
S15-09,Day_2,FA,20.0
S15-09,Day_2,TR,0.0058
S15-09,Day_2,n0,4
S15-09,Day_2,center,D
S15-09,Day_2,field_strength,4.7
S15-09,Day_2,BAT,292.0
S15-09,Day_2,duration,22.0
S15-09,Day_2,study,15
S15-09,Day_2,visit,2
S15-09,Day_2,study arm,Placebo
S15-09,Day_2,substance,Placebo
S15-09,Day_2,ve,0.23
S15-09,Day_2,Fp,0.022019
S15-09,Day_2,E,0.899991556985456
S15-09,Day_2,Th,251.07924940960805
S15-09,Day_2,vol,1000.0
S15-09,Day_2,Ktrans,0.019816914093262757
S15-09,Day_2,khe,0.19815241089575628
S15-09,Day_2,Khe,0.8615322212858968
S15-09,Day_2,kbh,0.003066760800865029
S15-09,Day_2,Kbh,0.003982806234889649
S15-09,Day_2,Te,1.0446406237043067
S15-09,Day_2,CL,198.15241089575628
S15-09,Day_3,FA,20.0
S15-09,Day_3,TR,0.0058
S15-09,Day_3,n0,4
S15-09,Day_3,center,D
S15-09,Day_3,field_strength,4.7
S15-09,Day_3,BAT,292.0
S15-09,Day_3,duration,22.0
S15-09,Day_3,study,15
S15-09,Day_3,visit,3
S15-09,Day_3,study arm,Placebo
S15-09,Day_3,substance,Placebo
S15-09,Day_3,ve,0.23
S15-09,Day_3,Fp,0.022019
S15-09,Day_3,E,0.741247174975522
S15-09,Day_3,Th,316.70963587455884
S15-09,Day_3,vol,1000.0
S15-09,Day_3,Ktrans,0.01632152154578602
S15-09,Day_3,khe,0.06307765545841673
S15-09,Day_3,Khe,0.2742506759061597
S15-09,Day_3,kbh,0.00243124904575047
S15-09,Day_3,Kbh,0.0031574662931824287
S15-09,Day_3,Te,2.7028089266374478
S15-09,Day_3,CL,63.07765545841673
S15-10,Day_1,FA,20.0
S15-10,Day_1,TR,0.0058
S15-10,Day_1,n0,4
S15-10,Day_1,center,D
S15-10,Day_1,field_strength,4.7
S15-10,Day_1,BAT,292.0
S15-10,Day_1,duration,22.0
S15-10,Day_1,study,15
S15-10,Day_1,visit,1
S15-10,Day_1,study arm,Placebo
S15-10,Day_1,substance,Placebo
S15-10,Day_1,ve,0.23
S15-10,Day_1,Fp,0.022019
S15-10,Day_1,E,0.8999999703488369
S15-10,Day_1,Th,236.20621884765245
S15-10,Day_1,vol,1000.0
S15-10,Day_1,Ktrans,0.019817099347111043
S15-10,Day_1,khe,0.19817093471112343
S15-10,Day_1,Khe,0.8616127596135801
S15-10,Day_1,kbh,0.0032598633675120646
S15-10,Day_1,Kbh,0.004233588788976707
S15-10,Day_1,Te,1.0445527417124985
S15-10,Day_1,CL,198.17093471112344
S15-10,Day_2,FA,20.0
S15-10,Day_2,TR,0.0058
S15-10,Day_2,n0,4
S15-10,Day_2,center,D
S15-10,Day_2,field_strength,4.7
S15-10,Day_2,BAT,292.0
S15-10,Day_2,duration,22.0
S15-10,Day_2,study,15
S15-10,Day_2,visit,2
S15-10,Day_2,study arm,Placebo
S15-10,Day_2,substance,Placebo
S15-10,Day_2,ve,0.23
S15-10,Day_2,Fp,0.022019
S15-10,Day_2,E,0.8999999876079356
S15-10,Day_2,Th,261.2209235924014
S15-10,Day_2,vol,1000.0
S15-10,Day_2,Ktrans,0.019817099727139135
S15-10,Day_2,khe,0.19817097271391687
S15-10,Day_2,Khe,0.8616129248431168
S15-10,Day_2,kbh,0.0029476964915776693
S15-10,Day_2,Kbh,0.003828177261789181
S15-10,Day_2,Te,1.0445525614321631
S15-10,Day_2,CL,198.17097271391688
S15-10,Day_3,FA,20.0
S15-10,Day_3,TR,0.0058
S15-10,Day_3,n0,4
S15-10,Day_3,center,D
S15-10,Day_3,field_strength,4.7
S15-10,Day_3,BAT,292.0
S15-10,Day_3,duration,22.0
S15-10,Day_3,study,15
S15-10,Day_3,visit,3
S15-10,Day_3,study arm,Placebo
S15-10,Day_3,substance,Placebo
S15-10,Day_3,ve,0.23
S15-10,Day_3,Fp,0.022019
S15-10,Day_3,E,0.8999904460234723
S15-10,Day_3,Th,238.01373537356355
S15-10,Day_3,vol,1000.0
S15-10,Day_3,Ktrans,0.019816889630990837
S15-10,Day_3,khe,0.1981499651087523
S15-10,Day_3,Khe,0.8615215874293578
S15-10,Day_3,kbh,0.003235107414248517
S15-10,Day_3,Kbh,0.00420143820032275
S15-10,Day_3,Te,1.0446522282847253
S15-10,Day_3,CL,198.1499651087523
S15-11,Day_1,FA,20.0
S15-11,Day_1,TR,0.0058
S15-11,Day_1,n0,4
S15-11,Day_1,center,D
S15-11,Day_1,field_strength,4.7
S15-11,Day_1,BAT,292.0
S15-11,Day_1,duration,22.0
S15-11,Day_1,study,15
S15-11,Day_1,visit,1
S15-11,Day_1,study arm,Cyclosporine (clinical dose)
S15-11,Day_1,substance,Placebo
S15-11,Day_1,ve,0.23
S15-11,Day_1,Fp,0.022019
S15-11,Day_1,E,0.6167724058003932
S15-11,Day_1,Th,275.8551851567604
S15-11,Day_1,vol,1000.0
S15-11,Day_1,Ktrans,0.013580711603318857
S15-11,Day_1,khe,0.03543771849645369
S15-11,Day_1,Khe,0.154077036941103
S15-11,Day_1,kbh,0.002791319654051207
S15-11,Day_1,Kbh,0.0036250904598067618
S15-11,Day_1,Te,4.003013155270883
S15-11,Day_1,CL,35.43771849645369
S15-11,Day_2,FA,20.0
S15-11,Day_2,TR,0.0058
S15-11,Day_2,n0,4
S15-11,Day_2,center,D
S15-11,Day_2,field_strength,4.7
S15-11,Day_2,BAT,292.0
S15-11,Day_2,duration,22.0
S15-11,Day_2,study,15
S15-11,Day_2,visit,2
S15-11,Day_2,study arm,Cyclosporine (clinical dose)
S15-11,Day_2,substance,Cyclosporine (clinical dose)
S15-11,Day_2,ve,0.23
S15-11,Day_2,Fp,0.022019
S15-11,Day_2,E,0.05813891063641962
S15-11,Day_2,Th,846.3695575482571
S15-11,Day_2,vol,1000.0
S15-11,Day_2,Ktrans,0.0012801606733033237
S15-11,Day_2,khe,0.0013591820362473344
S15-11,Day_2,Khe,0.005909487114118845
S15-11,Day_2,kbh,0.0009097680713263333
S15-11,Day_2,Kbh,0.001181516975748485
S15-11,Day_2,Te,9.83823291492
S15-11,Day_2,CL,1.3591820362473344
S15-11,Day_3,FA,20.0
S15-11,Day_3,TR,0.0058
S15-11,Day_3,n0,4
S15-11,Day_3,center,D
S15-11,Day_3,field_strength,4.7
S15-11,Day_3,BAT,292.0
S15-11,Day_3,duration,22.0
S15-11,Day_3,study,15
S15-11,Day_3,visit,3
S15-11,Day_3,study arm,Cyclosporine (clinical dose)
S15-11,Day_3,substance,Cyclosporine (clinical dose)
S15-11,Day_3,ve,0.23
S15-11,Day_3,Fp,0.022019
S15-11,Day_3,E,0.10739316052410434
S15-11,Day_3,Th,663.9172185681861
S15-11,Day_3,vol,1000.0
S15-11,Day_3,Ktrans,0.0023646900015802537
S15-11,Day_3,khe,0.0026491954766655256
S15-11,Day_3,Khe,0.01151824120289359
S15-11,Day_3,kbh,0.0011597831453454299
S15-11,Day_3,Kbh,0.0015062118770719868
S15-11,Day_3,Te,9.323746449859485
S15-11,Day_3,CL,2.6491954766655255
S15-12,Day_1,FA,20.0
S15-12,Day_1,TR,0.0058
S15-12,Day_1,n0,4
S15-12,Day_1,center,D
S15-12,Day_1,field_strength,4.7
S15-12,Day_1,BAT,292.0
S15-12,Day_1,duration,22.0
S15-12,Day_1,study,15
S15-12,Day_1,visit,1
S15-12,Day_1,study arm,Cyclosporine (clinical dose)
S15-12,Day_1,substance,Placebo
S15-12,Day_1,ve,0.23
S15-12,Day_1,Fp,0.022019
S15-12,Day_1,E,0.8999994963994759
S15-12,Day_1,Th,327.49324571228595
S15-12,Day_1,vol,1000.0
S15-12,Day_1,Ktrans,0.019817088911220058
S15-12,Day_1,khe,0.19816989112759015
S15-12,Day_1,Khe,0.8616082222938701
S15-12,Day_1,kbh,0.0023511935286643177
S15-12,Day_1,Kbh,0.003053498089174438
S15-12,Day_1,Te,1.0445576923620763
S15-12,Day_1,CL,198.16989112759015
S15-12,Day_2,FA,20.0
S15-12,Day_2,TR,0.0058
S15-12,Day_2,n0,4
S15-12,Day_2,center,D
S15-12,Day_2,field_strength,4.7
S15-12,Day_2,BAT,292.0
S15-12,Day_2,duration,22.0
S15-12,Day_2,study,15
S15-12,Day_2,visit,2
S15-12,Day_2,study arm,Cyclosporine (clinical dose)
S15-12,Day_2,substance,Cyclosporine (clinical dose)
S15-12,Day_2,ve,0.23
S15-12,Day_2,Fp,0.022019
S15-12,Day_2,E,0.12032346330637139
S15-12,Day_2,Th,698.8624632730073
S15-12,Day_2,vol,1000.0
S15-12,Day_2,Ktrans,0.0026494023385429917
S15-12,Day_2,khe,0.003011791525668166
S15-12,Day_2,Khe,0.013094745763774633
S15-12,Day_2,kbh,0.0011017904673171768
S15-12,Day_2,Kbh,0.0014308967108015284
S15-12,Day_2,Te,9.188682657683573
S15-12,Day_2,CL,3.011791525668166
S15-12,Day_3,FA,20.0
S15-12,Day_3,TR,0.0058
S15-12,Day_3,n0,4
S15-12,Day_3,center,D
S15-12,Day_3,field_strength,4.7
S15-12,Day_3,BAT,292.0
S15-12,Day_3,duration,22.0
S15-12,Day_3,study,15
S15-12,Day_3,visit,3
S15-12,Day_3,study arm,Cyclosporine (clinical dose)
S15-12,Day_3,substance,Cyclosporine (clinical dose)
S15-12,Day_3,ve,0.23
S15-12,Day_3,Fp,0.022019
S15-12,Day_3,E,0.10867696442929665
S15-12,Day_3,Th,787.7083056182029
S15-12,Day_3,vol,1000.0
S15-12,Day_3,Ktrans,0.002392958079768683
S15-12,Day_3,khe,0.002684725945892895
S15-12,Day_3,Khe,0.011672721503882152
S15-12,Day_3,kbh,0.0009775192092150086
S15-12,Day_3,Kbh,0.0012695054665129981
S15-12,Day_3,Te,9.31033644494581
S15-12,Day_3,CL,2.684725945892895
S15-13,Day_1,FA,20.0
S15-13,Day_1,TR,0.0058
S15-13,Day_1,n0,4
S15-13,Day_1,center,D
S15-13,Day_1,field_strength,4.7
S15-13,Day_1,BAT,292.0
S15-13,Day_1,duration,22.0
S15-13,Day_1,study,15
S15-13,Day_1,visit,1
S15-13,Day_1,study arm,Cyclosporine (clinical dose)
S15-13,Day_1,substance,Placebo
S15-13,Day_1,ve,0.23
S15-13,Day_1,Fp,0.022019
S15-13,Day_1,E,0.8999896024171994
S15-13,Day_1,Th,239.65400449914864
S15-13,Day_1,vol,1000.0
S15-13,Day_1,Ktrans,0.019816871055624314
S15-13,Day_1,khe,0.19814810794265195
S15-13,Day_1,Khe,0.8615135127941389
S15-13,Day_1,kbh,0.00321296529807302
S15-13,Day_1,Kbh,0.0041726822052896365
S15-13,Day_1,Te,1.0446610401945657
S15-13,Day_1,CL,198.14810794265193
S15-13,Day_2,FA,20.0
S15-13,Day_2,TR,0.0058
S15-13,Day_2,n0,4
S15-13,Day_2,center,D
S15-13,Day_2,field_strength,4.7
S15-13,Day_2,BAT,292.0
S15-13,Day_2,duration,22.0
S15-13,Day_2,study,15
S15-13,Day_2,visit,2
S15-13,Day_2,study arm,Cyclosporine (clinical dose)
S15-13,Day_2,substance,Cyclosporine (clinical dose)
S15-13,Day_2,ve,0.23
S15-13,Day_2,Fp,0.022019
S15-13,Day_2,E,0.09843978619184678
S15-13,Day_2,Th,611.4980574429509
S15-13,Day_2,vol,1000.0
S15-13,Day_2,Ktrans,0.0021675456521582743
S15-13,Day_2,khe,0.0024042161787537746
S15-13,Day_2,Khe,0.010453113820668585
S15-13,Day_2,kbh,0.0012592026918611045
S15-13,Day_2,Kbh,0.0016353281712481876
S15-13,Day_2,Te,9.4172691391923
S15-13,Day_2,CL,2.404216178753775
