subject,study,parameter,value
S15-01,Day_1,FA,20.0
S15-01,Day_1,TR,0.0058
S15-01,Day_1,n0,4
S15-01,Day_1,center,D
S15-01,Day_1,field_strength,4.7
S15-01,Day_1,BAT,292.0
S15-01,Day_1,duration,22.0
S15-01,Day_1,study,15
S15-01,Day_1,visit,1
S15-01,Day_1,substance,Cyclosporine (clinical dose)
S15-01,Day_1,H,0.418
S15-01,Day_1,ve,0.23
S15-01,Day_1,khe,0.02154780466954955
S15-01,Day_1,Th,440.7060230095016
S15-01,Day_1,Kbh,0.0022690863019551697
S15-01,Day_1,Khe,0.09368610725891109
S15-01,Day_1,kbh,0.0017471964525054807
S15-01,Day_1,E,0.49459226658892674
S15-01,Day_1,Ktrans,0.01089042711802158
S15-01,Day_2,FA,20.0
S15-01,Day_2,TR,0.0058
S15-01,Day_2,n0,4
S15-01,Day_2,center,D
S15-01,Day_2,field_strength,4.7
S15-01,Day_2,BAT,292.0
S15-01,Day_2,duration,22.0
S15-01,Day_2,study,15
S15-01,Day_2,visit,2
S15-01,Day_2,substance,Cyclosporine (clinical dose)
S15-01,Day_2,H,0.418
S15-01,Day_2,ve,0.23
S15-01,Day_2,khe,0.0019461703005470789
S15-01,Day_2,Th,845.7646965257471
S15-01,Day_2,Kbh,0.0011823619549359585
S15-01,Day_2,Khe,0.008461610002378604
S15-01,Day_2,kbh,0.000910418705300688
S15-01,Day_2,E,0.08120828169131147
S15-01,Day_2,Ktrans,0.0017881251545609875
S15-02,Day_1,FA,20.0
S15-02,Day_1,TR,0.0058
S15-02,Day_1,n0,4
S15-02,Day_1,center,D
S15-02,Day_1,field_strength,4.7
S15-02,Day_1,BAT,292.0
S15-02,Day_1,duration,22.0
S15-02,Day_1,study,15
S15-02,Day_1,visit,1
S15-02,Day_1,substance,Cyclosporine (clinical dose)
S15-02,Day_1,H,0.418
S15-02,Day_1,ve,0.23
S15-02,Day_1,khe,0.025777583377651788
S15-02,Day_1,Th,397.1020377092457
S15-02,Day_1,Kbh,0.002518244443591071
S15-02,Day_1,Khe,0.11207644946805125
S15-02,Day_1,kbh,0.001939048221565125
S15-02,Day_1,E,0.5393185360965486
S15-02,Day_1,Ktrans,0.011875254846309902
S15-02,Day_2,FA,20.0
S15-02,Day_2,TR,0.0058
S15-02,Day_2,n0,4
S15-02,Day_2,center,D
S15-02,Day_2,field_strength,4.7
S15-02,Day_2,BAT,292.0
S15-02,Day_2,duration,22.0
S15-02,Day_2,study,15
S15-02,Day_2,visit,2
S15-02,Day_2,substance,Cyclosporine (clinical dose)
S15-02,Day_2,H,0.418
S15-02,Day_2,ve,0.23
S15-02,Day_2,khe,0.003474314581805373
S15-02,Day_2,Th,757.4732242363493
S15-02,Day_2,Kbh,0.0013201786782736187
S15-02,Day_2,Khe,0.01510571557306684
S15-02,Day_2,kbh,0.0010165375822706864
S15-02,Day_2,E,0.1362833605122889
S15-02,Day_2,Ktrans,0.0030008233151200894
S15-02,Day_3,FA,20.0
S15-02,Day_3,TR,0.0058
S15-02,Day_3,n0,4
S15-02,Day_3,center,D
S15-02,Day_3,field_strength,4.7
S15-02,Day_3,BAT,292.0
S15-02,Day_3,duration,22.0
S15-02,Day_3,study,15
S15-02,Day_3,visit,3
S15-02,Day_3,substance,Cyclosporine (clinical dose)
S15-02,Day_3,H,0.418
S15-02,Day_3,ve,0.23
S15-02,Day_3,khe,0.0026028227934732574
S15-02,Day_3,Th,1114.8457628502113
S15-02,Day_3,Kbh,0.0008969850658474973
S15-02,Day_3,Khe,0.011316620841188075
S15-02,Day_3,kbh,0.0006906785007025728
S15-02,Day_3,E,0.10571202690010476
S15-02,Day_3,Ktrans,0.0023276731203134065
S15-03,Day_1,FA,20.0
S15-03,Day_1,TR,0.0058
S15-03,Day_1,n0,4
S15-03,Day_1,center,D
S15-03,Day_1,field_strength,4.7
S15-03,Day_1,BAT,292.0
S15-03,Day_1,duration,22.0
S15-03,Day_1,study,15
S15-03,Day_1,visit,1
S15-03,Day_1,substance,Placebo
S15-03,Day_1,H,0.418
S15-03,Day_1,ve,0.23
S15-03,Day_1,khe,0.03010894413993847
S15-03,Day_1,Th,317.0489670713954
S15-03,Day_1,Kbh,0.0031540869198757324
S15-03,Day_1,Khe,0.13090845278234117
S15-03,Day_1,kbh,0.002428646928304314
S15-03,Day_1,E,0.5775969997802028
S15-03,Day_1,Ktrans,0.01271810833816029
S15-03,Day_2,FA,20.0
S15-03,Day_2,TR,0.0058
S15-03,Day_2,n0,4
S15-03,Day_2,center,D
S15-03,Day_2,field_strength,4.7
S15-03,Day_2,BAT,292.0
S15-03,Day_2,duration,22.0
S15-03,Day_2,study,15
S15-03,Day_2,visit,2
S15-03,Day_2,substance,Placebo
S15-03,Day_2,H,0.418
S15-03,Day_2,ve,0.23
S15-03,Day_2,khe,0.0385792897042939
S15-03,Day_2,Th,239.0816005290943
S15-03,Day_2,Kbh,0.004182672350306222
S15-03,Day_2,Khe,0.16773604219258215
S15-03,Day_2,kbh,0.0032206577097357906
S15-03,Day_2,E,0.6366399100131737
S15-03,Day_2,Ktrans,0.014018174178580074
S15-03,Day_3,FA,20.0
S15-03,Day_3,TR,0.0058
S15-03,Day_3,n0,4
S15-03,Day_3,center,D
S15-03,Day_3,field_strength,4.7
S15-03,Day_3,BAT,292.0
S15-03,Day_3,duration,22.0
S15-03,Day_3,study,15
S15-03,Day_3,visit,3
S15-03,Day_3,substance,Placebo
S15-03,Day_3,H,0.418
S15-03,Day_3,ve,0.23
S15-03,Day_3,khe,0.039799683582218
S15-03,Day_3,Th,288.9629365904998
S15-03,Day_3,Kbh,0.0034606514309381397
S15-03,Day_3,Khe,0.1730421025313826
S15-03,Day_3,kbh,0.0026647016018223673
S15-03,Day_3,E,0.6438131852045178
S15-03,Day_3,Ktrans,0.014176122525018276
S15-04,Day_1,FA,20.0
S15-04,Day_1,TR,0.0058
S15-04,Day_1,n0,4
S15-04,Day_1,center,D
S15-04,Day_1,field_strength,4.7
S15-04,Day_1,BAT,292.0
S15-04,Day_1,duration,22.0
S15-04,Day_1,study,15
S15-04,Day_1,visit,1
S15-04,Day_1,substance,Placebo
S15-04,Day_1,H,0.418
S15-04,Day_1,ve,0.23
S15-04,Day_1,khe,0.035127284105342174
S15-04,Day_1,Th,269.4766221227545
S15-04,Day_1,Kbh,0.0037108970422839523
S15-04,Day_1,Khe,0.1527273221971399
S15-04,Day_1,kbh,0.002857390722558643
S15-04,Day_1,E,0.6146906077145686
S15-04,Day_1,Ktrans,0.013534872491267086
S15-04,Day_2,FA,20.0
S15-04,Day_2,TR,0.0058
S15-04,Day_2,n0,4
S15-04,Day_2,center,D
S15-04,Day_2,field_strength,4.7
S15-04,Day_2,BAT,292.0
S15-04,Day_2,duration,22.0
S15-04,Day_2,study,15
S15-04,Day_2,visit,2
S15-04,Day_2,substance,Placebo
S15-04,Day_2,H,0.418
S15-04,Day_2,ve,0.23
S15-04,Day_2,khe,0.042234089905255116
S15-04,Day_2,Th,275.88777429278576
S15-04,Day_2,Kbh,0.0036246622474062607
S15-04,Day_2,Khe,0.1836264778489353
S15-04,Day_2,kbh,0.002790989930502821
S15-04,Day_2,E,0.6573083094919125
S15-04,Day_2,Ktrans,0.014473271666702427
S15-04,Day_3,FA,20.0
S15-04,Day_3,TR,0.0058
S15-04,Day_3,n0,4
S15-04,Day_3,center,D
S15-04,Day_3,field_strength,4.7
S15-04,Day_3,BAT,292.0
S15-04,Day_3,duration,22.0
S15-04,Day_3,study,15
S15-04,Day_3,visit,3
S15-04,Day_3,substance,Placebo
S15-04,Day_3,H,0.418
S15-04,Day_3,ve,0.23
S15-04,Day_3,khe,0.04580362479161126
S15-04,Day_3,Th,301.4089640719318
S15-04,Day_3,Kbh,0.003317751358454449
S15-04,Day_3,Khe,0.1991461947461359
S15-04,Day_3,kbh,0.002554668546009926
S15-04,Day_3,E,0.6753443254717052
S15-04,Day_3,Ktrans,0.014870406702561479
S15-05,Day_1,FA,20.0
S15-05,Day_1,TR,0.0058
S15-05,Day_1,n0,4
S15-05,Day_1,center,D
S15-05,Day_1,field_strength,4.7
S15-05,Day_1,BAT,292.0
S15-05,Day_1,duration,22.0
S15-05,Day_1,study,15
S15-05,Day_1,visit,1
S15-05,Day_1,substance,Placebo
S15-05,Day_1,H,0.418
S15-05,Day_1,ve,0.23
S15-05,Day_1,khe,0.030059785772389987
S15-05,Day_1,Th,336.68280631780203
S15-05,Day_1,Kbh,0.002970154641802762
S15-05,Day_1,Khe,0.13069472074952168
S15-05,Day_1,kbh,0.002287019074188127
S15-05,Day_1,E,0.5771982838418334
S15-05,Day_1,Ktrans,0.012709329011913328
S15-05,Day_2,FA,20.0
S15-05,Day_2,TR,0.0058
S15-05,Day_2,n0,4
S15-05,Day_2,center,D
S15-05,Day_2,field_strength,4.7
S15-05,Day_2,BAT,292.0
S15-05,Day_2,duration,22.0
S15-05,Day_2,study,15
S15-05,Day_2,visit,2
S15-05,Day_2,substance,Placebo
S15-05,Day_2,H,0.418
S15-05,Day_2,ve,0.23
S15-05,Day_2,khe,0.026441745004485907
S15-05,Day_2,Th,340.30409330076674
S15-05,Day_2,Kbh,0.0029385482563566534
S15-05,Day_2,Khe,0.11496410871515611
S15-05,Day_2,kbh,0.002262682157394623
S15-05,Day_2,E,0.5456322432112476
S15-05,Day_2,Ktrans,0.012014276363268461
S15-05,Day_3,FA,20.0
S15-05,Day_3,TR,0.0058
S15-05,Day_3,n0,4
S15-05,Day_3,center,D
S15-05,Day_3,field_strength,4.7
S15-05,Day_3,BAT,292.0
S15-05,Day_3,duration,22.0
S15-05,Day_3,study,15
S15-05,Day_3,visit,3
S15-05,Day_3,substance,Placebo
S15-05,Day_3,H,0.418
S15-05,Day_3,ve,0.23
S15-05,Day_3,khe,0.028607122506161896
S15-05,Day_3,Th,386.8996024557608
S15-05,Day_3,Kbh,0.0025846498514155046
S15-05,Day_3,Khe,0.12437879350505171
S15-05,Day_3,kbh,0.0019901803855899387
S15-05,Day_3,E,0.5650664338885526
S15-05,Day_3,Ktrans,0.01244219780779204
S15-06,Day_1,FA,20.0
S15-06,Day_1,TR,0.0058
S15-06,Day_1,n0,4
S15-06,Day_1,center,D
S15-06,Day_1,field_strength,4.7
S15-06,Day_1,BAT,292.0
S15-06,Day_1,duration,22.0
S15-06,Day_1,study,15
S15-06,Day_1,visit,1
S15-06,Day_1,substance,Placebo
S15-06,Day_1,H,0.418
S15-06,Day_1,ve,0.23
S15-06,Day_1,khe,0.03289013179300347
S15-06,Day_1,Th,304.9206032134567
S15-06,Day_1,Kbh,0.0032795422462809434
S15-06,Day_1,Khe,0.14300057301305857
S15-06,Day_1,kbh,0.0025252475296363265
S15-06,Day_1,E,0.5989920204346473
S15-06,Day_1,Ktrans,0.013189205297950495
S15-06,Day_2,FA,20.0
S15-06,Day_2,TR,0.0058
S15-06,Day_2,n0,4
S15-06,Day_2,center,D
S15-06,Day_2,field_strength,4.7
S15-06,Day_2,BAT,292.0
S15-06,Day_2,duration,22.0
S15-06,Day_2,study,15
S15-06,Day_2,visit,2
S15-06,Day_2,substance,Placebo
S15-06,Day_2,H,0.418
S15-06,Day_2,ve,0.23
S15-06,Day_2,khe,0.03763172714407849
S15-06,Day_2,Th,253.00124248616004
S15-06,Day_2,Kbh,0.00395254975893924
S15-06,Day_2,Khe,0.1636162049742543
S15-06,Day_2,kbh,0.0030434633143832145
S15-06,Day_2,E,0.630867869442463
S15-06,Day_2,Ktrans,0.013891079617253591
S15-06,Day_3,FA,20.0
S15-06,Day_3,TR,0.0058
S15-06,Day_3,n0,4
S15-06,Day_3,center,D
S15-06,Day_3,field_strength,4.7
S15-06,Day_3,BAT,292.0
S15-06,Day_3,duration,22.0
S15-06,Day_3,study,15
S15-06,Day_3,visit,3
S15-06,Day_3,substance,Placebo
S15-06,Day_3,H,0.418
S15-06,Day_3,ve,0.23
S15-06,Day_3,khe,0.041598118163912685
S15-06,Day_3,Th,290.12374773318936
S15-06,Day_3,Kbh,0.0034468050540958964
S15-06,Day_3,Khe,0.18086138332135948
S15-06,Day_3,kbh,0.0026540398916538406
S15-06,Day_3,E,0.6538824669286819
S15-06,Day_3,Ktrans,0.014397838039302648
S15-07,Day_1,FA,20.0
S15-07,Day_1,TR,0.0058
S15-07,Day_1,n0,4
S15-07,Day_1,center,D
S15-07,Day_1,field_strength,4.7
S15-07,Day_1,BAT,292.0
S15-07,Day_1,duration,22.0
S15-07,Day_1,study,15
S15-07,Day_1,visit,1
S15-07,Day_1,substance,Cyclosporine (clinical dose)
S15-07,Day_1,H,0.418
S15-07,Day_1,ve,0.23
S15-07,Day_1,khe,0.02445892537807007
S15-07,Day_1,Th,380.1843295059971
S15-07,Day_1,Kbh,0.0026303030461549463
S15-07,Day_1,Khe,0.10634315381769596
S15-07,Day_1,kbh,0.002025333345539309
S15-07,Day_1,E,0.526248217387316
S15-07,Day_1,Ktrans,0.011587459498651313
S15-07,Day_2,FA,20.0
S15-07,Day_2,TR,0.0058
S15-07,Day_2,n0,4
S15-07,Day_2,center,D
S15-07,Day_2,field_strength,4.7
S15-07,Day_2,BAT,292.0
S15-07,Day_2,duration,22.0
S15-07,Day_2,study,15
S15-07,Day_2,visit,2
S15-07,Day_2,substance,Cyclosporine (clinical dose)
S15-07,Day_2,H,0.418
S15-07,Day_2,ve,0.23
S15-07,Day_2,khe,0.0031541815988880622
S15-07,Day_2,Th,751.7787217637635
S15-07,Day_2,Kbh,0.0013301786430638517
S15-07,Day_2,Khe,0.013713833038643748
S15-07,Day_2,kbh,0.001024237555159166
S15-07,Day_2,E,0.1252992827504723
S15-07,Day_2,Ktrans,0.00275896490688265
S15-07,Day_3,FA,20.0
S15-07,Day_3,TR,0.0058
S15-07,Day_3,n0,4
S15-07,Day_3,center,D
S15-07,Day_3,field_strength,4.7
S15-07,Day_3,BAT,292.0
S15-07,Day_3,duration,22.0
S15-07,Day_3,study,15
S15-07,Day_3,visit,3
S15-07,Day_3,substance,Cyclosporine (clinical dose)
S15-07,Day_3,H,0.418
S15-07,Day_3,ve,0.23
S15-07,Day_3,khe,0.0034122903065891387
S15-07,Day_3,Th,877.2420273217523
S15-07,Day_3,Kbh,0.0011399362648561557
S15-07,Day_3,Khe,0.014836044811257124
S15-07,Day_3,kbh,0.00087775092393924
S15-07,Day_3,E,0.1341768453527908
S15-07,Day_3,Ktrans,0.0029544399578231005
S15-08,Day_1,FA,20.0
S15-08,Day_1,TR,0.0058
S15-08,Day_1,n0,4
S15-08,Day_1,center,D
S15-08,Day_1,field_strength,4.7
S15-08,Day_1,BAT,292.0
S15-08,Day_1,duration,22.0
S15-08,Day_1,study,15
S15-08,Day_1,visit,1
S15-08,Day_1,substance,Cyclosporine (clinical dose)
S15-08,Day_1,H,0.418
S15-08,Day_1,ve,0.23
S15-08,Day_1,khe,0.027488990787055433
S15-08,Day_1,Th,353.7866013379644
S15-08,Day_1,Kbh,0.002826562668620462
S15-08,Day_1,Khe,0.11951735124806709
S15-08,Day_1,kbh,0.0021764532548377556
S15-08,Day_1,E,0.5552435142296831
S15-08,Day_1,Ktrans,0.012225906939823393
S15-08,Day_2,FA,20.0
S15-08,Day_2,TR,0.0058
S15-08,Day_2,n0,4
S15-08,Day_2,center,D
S15-08,Day_2,field_strength,4.7
S15-08,Day_2,BAT,292.0
S15-08,Day_2,duration,22.0
S15-08,Day_2,study,15
S15-08,Day_2,visit,2
S15-08,Day_2,substance,Cyclosporine (clinical dose)
S15-08,Day_2,H,0.418
S15-08,Day_2,ve,0.23
S15-08,Day_2,khe,0.0032819065272444614
S15-08,Day_2,Th,623.8385347335606
S15-08,Day_2,Kbh,0.001602978886879915
S15-08,Day_2,Khe,0.014269158814106354
S15-08,Day_2,kbh,0.0012342937428975345
S15-08,Day_2,E,0.1297149777503208
S15-08,Day_2,Ktrans,0.0028561940950843135
S15-08,Day_3,FA,20.0
S15-08,Day_3,TR,0.0058
S15-08,Day_3,n0,4
S15-08,Day_3,center,D
S15-08,Day_3,field_strength,4.7
S15-08,Day_3,BAT,292.0
S15-08,Day_3,duration,22.0
S15-08,Day_3,study,15
S15-08,Day_3,visit,3
S15-08,Day_3,substance,Cyclosporine (clinical dose)
S15-08,Day_3,H,0.418
S15-08,Day_3,ve,0.23
S15-08,Day_3,khe,0.005240744642611869
S15-08,Day_3,Th,794.3625357067725
S15-08,Day_3,Kbh,0.0012588710507479618
S15-08,Day_3,Khe,0.02278584627222552
S15-08,Day_3,kbh,0.0009693307090759306
S15-08,Day_3,E,0.19225215464489884
S15-08,Day_3,Ktrans,0.004233200193126027
S15-09,Day_1,FA,20.0
S15-09,Day_1,TR,0.0058
S15-09,Day_1,n0,4
S15-09,Day_1,center,D
S15-09,Day_1,field_strength,4.7
S15-09,Day_1,BAT,292.0
S15-09,Day_1,duration,22.0
S15-09,Day_1,study,15
S15-09,Day_1,visit,1
S15-09,Day_1,substance,Placebo
S15-09,Day_1,H,0.418
S15-09,Day_1,ve,0.23
S15-09,Day_1,khe,0.02423981432097325
S15-09,Day_1,Th,292.3567187596506
S15-09,Day_1,Kbh,0.0034204789417619304
S15-09,Day_1,Khe,0.10539049704770978
S15-09,Day_1,kbh,0.0026337687851566865
S15-09,Day_1,E,0.5240042287461566
S15-09,Day_1,Ktrans,0.011538049112761621
S15-09,Day_2,FA,20.0
S15-09,Day_2,TR,0.0058
S15-09,Day_2,n0,4
S15-09,Day_2,center,D
S15-09,Day_2,field_strength,4.7
S15-09,Day_2,BAT,292.0
S15-09,Day_2,duration,22.0
S15-09,Day_2,study,15
S15-09,Day_2,visit,2
S15-09,Day_2,substance,Placebo
S15-09,Day_2,H,0.418
S15-09,Day_2,ve,0.23
S15-09,Day_2,khe,0.03932121106214301
S15-09,Day_2,Th,214.5039401319169
S15-09,Day_2,Kbh,0.004661919027617927
S15-09,Day_2,Khe,0.1709617872267087
S15-09,Day_2,kbh,0.0035896776512658038
S15-09,Day_2,E,0.6410348184538716
S15-09,Day_2,Ktrans,0.0141149456675358
S15-09,Day_3,FA,20.0
S15-09,Day_3,TR,0.0058
S15-09,Day_3,n0,4
S15-09,Day_3,center,D
S15-09,Day_3,field_strength,4.7
S15-09,Day_3,BAT,292.0
S15-09,Day_3,duration,22.0
S15-09,Day_3,study,15
S15-09,Day_3,visit,3
S15-09,Day_3,substance,Placebo
S15-09,Day_3,H,0.418
S15-09,Day_3,ve,0.23
S15-09,Day_3,khe,0.026179924758113874
S15-09,Day_3,Th,334.0398181189729
S15-09,Day_3,Kbh,0.002993655084687647
S15-09,Day_3,Khe,0.11382575981788641
S15-09,Day_3,kbh,0.0023051144152094884
S15-09,Day_3,E,0.54316408279848
S15-09,Day_3,Ktrans,0.011959929939139732
S15-10,Day_1,FA,20.0
S15-10,Day_1,TR,0.0058
S15-10,Day_1,n0,4
S15-10,Day_1,center,D
S15-10,Day_1,field_strength,4.7
S15-10,Day_1,BAT,292.0
S15-10,Day_1,duration,22.0
S15-10,Day_1,study,15
S15-10,Day_1,visit,1
S15-10,Day_1,substance,Placebo
S15-10,Day_1,H,0.418
S15-10,Day_1,ve,0.23
S15-10,Day_1,khe,0.03364440696177902
S15-10,Day_1,Th,233.28474615056558
S15-10,Day_1,Kbh,0.004286606889224487
S15-10,Day_1,Khe,0.14628003026860442
S15-10,Day_1,kbh,0.003300687304702855
S15-10,Day_1,E,0.6044259379394576
S15-10,Day_1,Ktrans,0.013308854727488917
S15-10,Day_2,FA,20.0
S15-10,Day_2,TR,0.0058
S15-10,Day_2,n0,4
S15-10,Day_2,center,D
S15-10,Day_2,field_strength,4.7
S15-10,Day_2,BAT,292.0
S15-10,Day_2,duration,22.0
S15-10,Day_2,study,15
S15-10,Day_2,visit,2
S15-10,Day_2,substance,Placebo
S15-10,Day_2,H,0.418
S15-10,Day_2,ve,0.23
S15-10,Day_2,khe,0.04763894767758456
S15-10,Day_2,Th,187.75396940777853
S15-10,Day_2,Kbh,0.005326119086346041
S15-10,Day_2,Khe,0.20712585946775894
S15-10,Day_2,kbh,0.004101111696486452
S15-10,Day_2,E,0.6838982379739913
S15-10,Day_2,Ktrans,0.015058755301949315
S15-10,Day_3,FA,20.0
S15-10,Day_3,TR,0.0058
S15-10,Day_3,n0,4
S15-10,Day_3,center,D
S15-10,Day_3,field_strength,4.7
S15-10,Day_3,BAT,292.0
S15-10,Day_3,duration,22.0
S15-10,Day_3,study,15
S15-10,Day_3,visit,3
S15-10,Day_3,substance,Placebo
S15-10,Day_3,H,0.418
S15-10,Day_3,ve,0.23
S15-10,Day_3,khe,0.04005351377214824
S15-10,Day_3,Th,199.64514749797107
S15-10,Day_3,Kbh,0.005008887080564594
S15-10,Day_3,Khe,0.17414571205281842
S15-10,Day_3,kbh,0.003856843052034737
S15-10,Day_3,E,0.645269723072181
S15-10,Day_3,Ktrans,0.014208194032326357
S15-11,Day_1,FA,20.0
S15-11,Day_1,TR,0.0058
S15-11,Day_1,n0,4
S15-11,Day_1,center,D
S15-11,Day_1,field_strength,4.7
S15-11,Day_1,BAT,292.0
S15-11,Day_1,duration,22.0
S15-11,Day_1,study,15
S15-11,Day_1,visit,1
S15-11,Day_1,substance,Cyclosporine (clinical dose)
S15-11,Day_1,H,0.418
S15-11,Day_1,ve,0.23
S15-11,Day_1,khe,0.021606094915447863
S15-11,Day_1,Th,292.6256618354337
S15-11,Day_1,Kbh,0.0034173352867540997
S15-11,Day_1,Khe,0.09393954311064287
S15-11,Day_1,kbh,0.002631348170800657
S15-11,Day_1,E,0.4952675737972329
S15-11,Day_1,Ktrans,0.010905296707441269
S15-11,Day_2,FA,20.0
S15-11,Day_2,TR,0.0058
S15-11,Day_2,n0,4
S15-11,Day_2,center,D
S15-11,Day_2,field_strength,4.7
S15-11,Day_2,BAT,292.0
S15-11,Day_2,duration,22.0
S15-11,Day_2,study,15
S15-11,Day_2,visit,2
S15-11,Day_2,substance,Cyclosporine (clinical dose)
S15-11,Day_2,H,0.418
S15-11,Day_2,ve,0.23
S15-11,Day_2,khe,0.0021409198525705374
S15-11,Day_2,Th,882.1016964762682
S15-11,Day_2,Kbh,0.001133656135108571
S15-11,Day_2,Khe,0.009308347185089293
S15-11,Day_2,kbh,0.0008729152240335997
S15-11,Day_2,E,0.08861452627471157
S15-11,Day_2,Ktrans,0.0019512032540428739
S15-11,Day_3,FA,20.0
S15-11,Day_3,TR,0.0058
S15-11,Day_3,n0,4
S15-11,Day_3,center,D
S15-11,Day_3,field_strength,4.7
S15-11,Day_3,BAT,292.0
S15-11,Day_3,duration,22.0
S15-11,Day_3,study,15
S15-11,Day_3,visit,3
S15-11,Day_3,substance,Cyclosporine (clinical dose)
S15-11,Day_3,H,0.418
S15-11,Day_3,ve,0.23
S15-11,Day_3,khe,0.003923042511524076
S15-11,Day_3,Th,694.2179341177149
S15-11,Day_3,Kbh,0.0014404698450651598
S15-11,Day_3,Khe,0.01705670657184381
S15-11,Day_3,kbh,0.001109161780700173
S15-11,Day_3,E,0.15122334757494005
S15-11,Day_3,Ktrans,0.003329786890252605
S15-12,Day_1,FA,20.0
S15-12,Day_1,TR,0.0058
S15-12,Day_1,n0,4
S15-12,Day_1,center,D
S15-12,Day_1,field_strength,4.7
S15-12,Day_1,BAT,292.0
S15-12,Day_1,duration,22.0
S15-12,Day_1,study,15
S15-12,Day_1,visit,1
S15-12,Day_1,substance,Cyclosporine (clinical dose)
S15-12,Day_1,H,0.418
S15-12,Day_1,ve,0.23
S15-12,Day_1,khe,0.033713527986232374
S15-12,Day_1,Th,325.07820868281
S15-12,Day_1,Kbh,0.003076182817826877
S15-12,Day_1,Khe,0.14658055646187987
S15-12,Day_1,kbh,0.0023686607697266954
S15-12,Day_1,E,0.6049165398447498
S15-12,Day_1,Ktrans,0.013319657290841551
S15-12,Day_2,FA,20.0
S15-12,Day_2,TR,0.0058
S15-12,Day_2,n0,4
S15-12,Day_2,center,D
S15-12,Day_2,field_strength,4.7
S15-12,Day_2,BAT,292.0
S15-12,Day_2,duration,22.0
S15-12,Day_2,study,15
S15-12,Day_2,visit,2
S15-12,Day_2,substance,Cyclosporine (clinical dose)
S15-12,Day_2,H,0.418
S15-12,Day_2,ve,0.23
S15-12,Day_2,khe,0.0044210887134208164
S15-12,Day_2,Th,725.5118129731287
S15-12,Day_2,Kbh,0.001378337309081193
S15-12,Day_2,Khe,0.01922212484096007
S15-12,Day_2,kbh,0.0010613197279925187
S15-12,Day_2,E,0.1672115688165865
S15-12,Day_2,Ktrans,0.0036818315337724178
S15-12,Day_3,FA,20.0
S15-12,Day_3,TR,0.0058
S15-12,Day_3,n0,4
S15-12,Day_3,center,D
S15-12,Day_3,field_strength,4.7
S15-12,Day_3,BAT,292.0
S15-12,Day_3,duration,22.0
S15-12,Day_3,study,15
S15-12,Day_3,visit,3
S15-12,Day_3,substance,Cyclosporine (clinical dose)
S15-12,Day_3,H,0.418
S15-12,Day_3,ve,0.23
S15-12,Day_3,khe,0.003990557119204638
S15-12,Day_3,Th,821.1090522044376
S15-12,Day_3,Kbh,0.00121786502939566
S15-12,Day_3,Khe,0.01735024834436799
S15-12,Day_3,kbh,0.0009377560726346583
S15-12,Day_3,E,0.1534265693535449
S15-12,Day_3,Ktrans,0.003378299630595705
S15-13,Day_1,FA,20.0
S15-13,Day_1,TR,0.0058
S15-13,Day_1,n0,4
S15-13,Day_1,center,D
S15-13,Day_1,field_strength,4.7
S15-13,Day_1,BAT,292.0
S15-13,Day_1,duration,22.0
S15-13,Day_1,study,15
S15-13,Day_1,visit,1
S15-13,Day_1,substance,Cyclosporine (clinical dose)
S15-13,Day_1,H,0.418
S15-13,Day_1,ve,0.23
S15-13,Day_1,khe,0.03975272094394354
S15-13,Day_1,Th,202.59861324064104
S15-13,Day_1,Kbh,0.0049358679410713814
S15-13,Day_1,Khe,0.1728379171475806
S15-13,Day_1,kbh,0.0038006183146249636
S15-13,Day_1,E,0.6435423902147432
S15-13,Day_1,Ktrans,0.01417015989013843
S15-13,Day_2,FA,20.0
S15-13,Day_2,TR,0.0058
S15-13,Day_2,n0,4
S15-13,Day_2,center,D
S15-13,Day_2,field_strength,4.7
S15-13,Day_2,BAT,292.0
S15-13,Day_2,duration,22.0
S15-13,Day_2,study,15
S15-13,Day_2,visit,2
S15-13,Day_2,substance,Cyclosporine (clinical dose)
S15-13,Day_2,H,0.418
S15-13,Day_2,ve,0.23
S15-13,Day_2,khe,0.0035957409677970986
S15-13,Day_2,Th,638.4218538563792
S15-13,Day_2,Kbh,0.0015663624200197917
S15-13,Day_2,Khe,0.015633656381726514
S15-13,Day_2,kbh,0.0012060990634152396
S15-13,Day_2,E,0.14037779934287334
S15-13,Day_2,Ktrans,0.0030909787637307283
