subject,study,parameter,value
S02-08,Day_2,FA,20.0
S02-08,Day_2,TR,0.0058
S02-08,Day_2,n0,4
S02-08,Day_2,center,D
S02-08,Day_2,field_strength,4.7
S02-08,Day_2,BAT,292.0
S02-08,Day_2,duration,22.0
S02-08,Day_2,study,2
S02-08,Day_2,visit,2
S02-08,Day_2,substance,Cyclosporine (clinical dose)
S02-08,Day_2,H,0.418
S02-08,Day_2,ve,0.23
S02-08,Day_2,khe,0.003042730889903934
S02-08,Day_2,Th,671.6149828676504
S02-08,Day_2,Kbh,0.0014889483193633007
S02-08,Day_2,Khe,0.013229264738712755
S02-08,Day_2,kbh,0.0011464902059097415
S02-08,Day_2,E,0.1214094470677479
S02-08,Day_2,Ktrans,0.0026733146149847406
