subject,study,parameter,value
S08-05,Day_1,FA,20.0
S08-05,Day_1,TR,0.0058
S08-05,Day_1,n0,4
S08-05,Day_1,center,G
S08-05,Day_1,field_strength,4.7
S08-05,Day_1,substance,Placebo
S08-05,Day_1,BAT,285.0
S08-05,Day_1,duration,30.0
S08-05,Day_1,study,8
S08-05,Day_1,visit,1
S08-05,Day_1,H,0.418
S08-05,Day_1,ve,0.23
S08-05,Day_1,khe,0.02641041929058225
S08-05,Day_1,Th,259.3531526503709
S08-05,Day_1,Kbh,0.0038557464591459246
S08-05,Day_1,Khe,0.11482790995905326
S08-05,Day_1,kbh,0.002968924773542362
S08-05,Day_1,E,0.5453383434584793
S08-05,Day_1,Ktrans,0.01200780498461226
