subject,study,parameter,value
S08-05,Day_1,FA,20.0
S08-05,Day_1,TR,0.0058
S08-05,Day_1,n0,4
S08-05,Day_1,center,G
S08-05,Day_1,field_strength,4.7
S08-05,Day_1,substance,Placebo
S08-05,Day_1,BAT,285.0
S08-05,Day_1,duration,30.0
S08-05,Day_1,study,8
S08-05,Day_1,visit,1
S08-05,Day_1,ve,0.23
S08-05,Day_1,Fp,0.022019
S08-05,Day_1,E,0.7549819960212143
S08-05,Day_1,Th,245.56326334970504
S08-05,Day_1,vol,1000
S08-05,Day_1,Ktrans,0.01662394857039112
S08-05,Day_1,khe,0.0678478654647373
S08-05,Day_1,Khe,0.2949907194119013
S08-05,Day_1,kbh,0.0031356481808251916
S08-05,Day_1,Kbh,0.004072270364708041
S08-05,Day_1,Te,2.5593415193751174
S08-05,Day_1,CL,67.8478654647373
