subject,study,parameter,value
S12-04,Day_2,FA,20.0
S12-04,Day_2,TR,0.0058
S12-04,Day_2,n0,4
S12-04,Day_2,center,G
S12-04,Day_2,field_strength,4.7
S12-04,Day_2,substance,Rifampicin
S12-04,Day_2,BAT,285.0
S12-04,Day_2,duration,30.0
S12-04,Day_2,study,12
S12-04,Day_2,visit,2
S12-04,Day_2,ve,0.23
S12-04,Day_2,Fp,0.022019
S12-04,Day_2,E,0.29636755190480923
S12-04,Day_2,Th,545.5882679613277
S12-04,Day_2,vol,1000
S12-04,Day_2,Ktrans,0.006525717125391995
S12-04,Day_2,khe,0.009274326593461996
S12-04,Day_2,Khe,0.04032315910200868
S12-04,Day_2,kbh,0.0014113206702138599
S12-04,Day_2,Kbh,0.0018328839872907272
S12-04,Day_2,Te,7.349809848852985
S12-04,Day_2,CL,9.274326593461996
