subject,study,parameter,value
S12-04,Day_2,FA,20.0
S12-04,Day_2,TR,0.0058
S12-04,Day_2,n0,4
S12-04,Day_2,center,G
S12-04,Day_2,field_strength,4.7
S12-04,Day_2,substance,Rifampicin
S12-04,Day_2,BAT,285.0
S12-04,Day_2,duration,30.0
S12-04,Day_2,study,12
S12-04,Day_2,visit,2
S12-04,Day_2,H,0.418
S12-04,Day_2,ve,0.23
S12-04,Day_2,khe,0.010660070572071197
S12-04,Day_2,Th,576.095612938768
S12-04,Day_2,Kbh,0.0017358229737227454
S12-04,Day_2,Khe,0.04634813292204868
S12-04,Day_2,kbh,0.001336583689766514
S12-04,Day_2,E,0.32620482729339634
S12-04,Day_2,Ktrans,0.007182704092173295
