subject,study,parameter,value
S04-01,Day_1,FA,20.0
S04-01,Day_1,TR,0.0058
S04-01,Day_1,n0,4
S04-01,Day_1,center,G
S04-01,Day_1,field_strength,4.7
S04-01,Day_1,BAT,285.0
S04-01,Day_1,duration,30.0
S04-01,Day_1,study,4
S04-01,Day_1,visit,1
S04-01,Day_1,substance,Placebo
S04-01,Day_1,H,0.418
S04-01,Day_1,ve,0.23
S04-01,Day_1,khe,0.0210869837109955
S04-01,Day_1,Th,297.37071546951444
S04-01,Day_1,Kbh,0.0033628059118770794
S04-01,Day_1,Khe,0.09168253787389347
S04-01,Day_1,kbh,0.0025893605521453513
S04-01,Day_1,E,0.4891892469586912
S04-01,Day_1,Ktrans,0.010771458028783425
