subject,study,parameter,value
S04-01,Day_1,FA,20.0
S04-01,Day_1,TR,0.0058
S04-01,Day_1,n0,4
S04-01,Day_1,center,G
S04-01,Day_1,field_strength,4.7
S04-01,Day_1,BAT,285.0
S04-01,Day_1,duration,30.0
S04-01,Day_1,study,4
S04-01,Day_1,visit,1
S04-01,Day_1,substance,Placebo
S04-01,Day_1,ve,0.23
S04-01,Day_1,Fp,0.022019
S04-01,Day_1,E,0.5997198986915175
S04-01,Day_1,Th,281.1272408274035
S04-01,Day_1,vol,1000
S04-01,Day_1,Ktrans,0.013205232449288526
S04-01,Day_1,khe,0.03298997978196197
S04-01,Day_1,Khe,0.14343469470418246
S04-01,Day_1,kbh,0.0027389732767758965
S04-01,Day_1,Kbh,0.0035571081516570084
S04-01,Day_1,Te,4.1811355329920055
S04-01,Day_1,CL,32.98997978196197
