subject,study,parameter,value
S11-02,Day_1,FA,20.0
S11-02,Day_1,TR,0.0058
S11-02,Day_1,n0,4
S11-02,Day_1,center,G
S11-02,Day_1,field_strength,7.0
S11-02,Day_1,BAT,285.0
S11-02,Day_1,duration,30.0
S11-02,Day_1,study,11
S11-02,Day_1,visit,1
S11-02,Day_1,substance,Bosentan (clinical dose)
S11-02,Day_1,H,0.418
S11-02,Day_1,ve,0.23
S11-02,Day_1,khe,0.024386771013772734
S11-02,Day_1,Th,302.9962562389929
S11-02,Day_1,Kbh,0.003300370811219644
S11-02,Day_1,Khe,0.10602943919031624
S11-02,Day_1,kbh,0.002541285524639126
S11-02,Day_1,E,0.5255116008423824
S11-02,Day_1,Ktrans,0.011571239938948418
