subject,study,parameter,value
S11-02,Day_1,FA,20.0
S11-02,Day_1,TR,0.0058
S11-02,Day_1,n0,4
S11-02,Day_1,center,G
S11-02,Day_1,field_strength,7.0
S11-02,Day_1,BAT,285.0
S11-02,Day_1,duration,30.0
S11-02,Day_1,study,11
S11-02,Day_1,visit,1
S11-02,Day_1,study arm,Bosentan (clinical dose)
S11-02,Day_1,substance,Placebo
S11-02,Day_1,ve,0.23
S11-02,Day_1,Fp,0.022019
S11-02,Day_1,E,0.7006093494360432
S11-02,Day_1,Th,285.23023640923805
S11-02,Day_1,vol,1000
S11-02,Day_1,Ktrans,0.015426717265232237
S11-02,Day_1,khe,0.051527050815291686
S11-02,Day_1,Khe,0.2240306557186595
S11-02,Day_1,kbh,0.002699573543441698
S11-02,Day_1,Kbh,0.0035059396668074
S11-02,Day_1,Te,3.1272923216181505
S11-02,Day_1,CL,51.52705081529169
