subject,study,parameter,value
S06-06,Day_2,FA,20.0
S06-06,Day_2,TR,0.0058
S06-06,Day_2,n0,4
S06-06,Day_2,center,E
S06-06,Day_2,field_strength,7.0
S06-06,Day_2,substance,Pioglitazone
S06-06,Day_2,BAT,285.0
S06-06,Day_2,duration,30.0
S06-06,Day_2,study,6
S06-06,Day_2,visit,2
S06-06,Day_2,ve,0.23
S06-06,Day_2,Fp,0.022019
S06-06,Day_2,E,0.6714760441779507
S06-06,Day_2,Th,219.21197386274702
S06-06,Day_2,vol,1000
S06-06,Day_2,Ktrans,0.014785231016754297
S06-06,Day_2,khe,0.04500503161103714
S06-06,Day_2,Khe,0.19567405048277015
S06-06,Day_2,kbh,0.003512581846838861
S06-06,Day_2,Kbh,0.004561794606284235
S06-06,Day_2,Te,3.4316049702107883
S06-06,Day_2,CL,45.00503161103714
