subject,study,parameter,value
S06-06,Day_2,FA,20.0
S06-06,Day_2,TR,0.0058
S06-06,Day_2,n0,4
S06-06,Day_2,center,E
S06-06,Day_2,field_strength,7.0
S06-06,Day_2,substance,Pioglitazone
S06-06,Day_2,BAT,285.0
S06-06,Day_2,duration,30.0
S06-06,Day_2,study,6
S06-06,Day_2,visit,2
S06-06,Day_2,H,0.418
S06-06,Day_2,ve,0.23
S06-06,Day_2,khe,0.022916647681370625
S06-06,Day_2,Th,235.15957769145007
S06-06,Day_2,Kbh,0.004252431518277718
S06-06,Day_2,Khe,0.09963759861465489
S06-06,Day_2,kbh,0.003274372269073843
S06-06,Day_2,E,0.5099881466907483
S06-06,Day_2,Ktrans,0.011229429001983586
