subject,study,parameter,value
S11-04,Day_1,FA,20.0
S11-04,Day_1,TR,0.0058
S11-04,Day_1,n0,4
S11-04,Day_1,center,G
S11-04,Day_1,field_strength,7.0
S11-04,Day_1,BAT,285.0
S11-04,Day_1,duration,30.0
S11-04,Day_1,study,11
S11-04,Day_1,visit,1
S11-04,Day_1,substance,Placebo
S11-04,Day_1,H,0.418
S11-04,Day_1,ve,0.23
S11-04,Day_1,khe,0.02908383349037647
S11-04,Day_1,Th,234.76670071763047
S11-04,Day_1,Kbh,0.004259547870048089
S11-04,Day_1,Khe,0.12645144995815855
S11-04,Day_1,kbh,0.0032798518599370286
S11-04,Day_1,E,0.5691236963573351
S11-04,Day_1,Ktrans,0.01253153467009216
