subject,study,parameter,value
S10-05,Day_1,FA,20.0
S10-05,Day_1,TR,0.0058
S10-05,Day_1,n0,4
S10-05,Day_1,center,G
S10-05,Day_1,field_strength,7.0
S10-05,Day_1,substance,Placebo
S10-05,Day_1,BAT,285.0
S10-05,Day_1,duration,30.0
S10-05,Day_1,study,10
S10-05,Day_1,visit,1
S10-05,Day_1,H,0.418
S10-05,Day_1,ve,0.23
S10-05,Day_1,khe,0.0326096741267885
S10-05,Day_1,Th,203.7267124423137
S10-05,Day_1,Kbh,0.004908536480129749
S10-05,Day_1,Khe,0.14178119185560217
S10-05,Day_1,kbh,0.003779573089699907
S10-05,Day_1,E,0.5969332891203661
S10-05,Day_1,Ktrans,0.013143874093141338
