subject,study,parameter,value
S10-05,Day_1,FA,20.0
S10-05,Day_1,TR,0.0058
S10-05,Day_1,n0,4
S10-05,Day_1,center,G
S10-05,Day_1,field_strength,7.0
S10-05,Day_1,substance,Placebo
S10-05,Day_1,BAT,285.0
S10-05,Day_1,duration,30.0
S10-05,Day_1,study,10
S10-05,Day_1,visit,1
S10-05,Day_1,ve,0.23
S10-05,Day_1,Fp,0.022019
S10-05,Day_1,E,0.8999901716215414
S10-05,Day_1,Th,202.60802365029244
S10-05,Day_1,vol,1000
S10-05,Day_1,Ktrans,0.01981688358893472
S10-05,Day_1,khe,0.1981493610202328
S10-05,Day_1,Khe,0.8615189609575339
S10-05,Day_1,kbh,0.003800441789655099
S10-05,Day_1,Kbh,0.004935638687863765
S10-05,Day_1,Te,1.0446550945567683
S10-05,Day_1,CL,198.14936102023282
