subject,study,parameter,value
S01-12,Day_3,FA,30.0
S01-12,Day_3,TR,0.036
S01-12,Day_3,n0,4
S01-12,Day_3,center,A
S01-12,Day_3,field_strength,7.0
S01-12,Day_3,BAT,285.0
S01-12,Day_3,duration,30.0
S01-12,Day_3,study,1
S01-12,Day_3,visit,3
S01-12,Day_3,substance,Placebo
S01-12,Day_3,H,0.418
S01-12,Day_3,ve,0.23
S01-12,Day_3,khe,0.011003033735453397
S01-12,Day_3,Th,431.92775500224536
S01-12,Day_3,Kbh,0.0023152019948215682
S01-12,Day_3,Khe,0.04783927711066694
S01-12,Day_3,kbh,0.0017827055360126074
S01-12,Day_3,E,0.33320278888941435
S01-12,Day_3,Ktrans,0.0073367922085560144
