subject,study,parameter,value
S08-03,Day_1,FA,20.0
S08-03,Day_1,TR,0.0058
S08-03,Day_1,n0,4
S08-03,Day_1,center,G
S08-03,Day_1,field_strength,4.7
S08-03,Day_1,substance,Cyclosporine
S08-03,Day_1,BAT,285.0
S08-03,Day_1,duration,30.0
S08-03,Day_1,study,8
S08-03,Day_1,visit,1
S08-03,Day_1,H,0.418
S08-03,Day_1,ve,0.23
S08-03,Day_1,khe,0.01972806580715292
S08-03,Day_1,Th,383.8724038629131
S08-03,Day_1,Kbh,0.0026050322709759463
S08-03,Day_1,Khe,0.08577419916153443
S08-03,Day_1,kbh,0.0020058748486514785
S08-03,Day_1,E,0.4725617339979071
S08-03,Day_1,Ktrans,0.010405336820899915
