subject,study,parameter,value
S14-03,Day_2,FA,30.0
S14-03,Day_2,TR,0.036
S14-03,Day_2,n0,4
S14-03,Day_2,center,A
S14-03,Day_2,field_strength,7.0
S14-03,Day_2,BAT,285.0
S14-03,Day_2,duration,30.0
S14-03,Day_2,study,14
S14-03,Day_2,visit,2
S14-03,Day_2,substance,Placebo
S14-03,Day_2,H,0.418
S14-03,Day_2,ve,0.23
S14-03,Day_2,khe,0.01530720357041782
S14-03,Day_2,Th,328.3360210761681
S14-03,Day_2,Kbh,0.003045660347354998
S14-03,Day_2,Khe,0.06655305900181661
S14-03,Day_2,kbh,0.0023451584674633484
S14-03,Day_2,E,0.4100926991286426
S14-03,Day_2,Ktrans,0.00902983114211358
