subject,study,parameter,value
S14-03,Day_2,FA,30.0
S14-03,Day_2,TR,0.036
S14-03,Day_2,n0,4
S14-03,Day_2,center,A
S14-03,Day_2,field_strength,7.0
S14-03,Day_2,BAT,285.0
S14-03,Day_2,duration,30.0
S14-03,Day_2,study,14
S14-03,Day_2,visit,2
S14-03,Day_2,study arm,Placebo
S14-03,Day_2,substance,Placebo
S14-03,Day_2,ve,0.23
S14-03,Day_2,Fp,0.022019
S14-03,Day_2,E,0.4296088598189874
S14-03,Day_2,Th,314.4910068061485
S14-03,Day_2,vol,1000
S14-03,Day_2,Ktrans,0.009459557484354283
S14-03,Day_2,khe,0.01658433453463584
S14-03,Day_2,Khe,0.07210580232450366
S14-03,Day_2,kbh,0.002448400696159258
S14-03,Day_2,Kbh,0.0031797411638431923
S14-03,Day_2,Te,5.958034526619416
S14-03,Day_2,CL,16.584334534635843
