subject,study,parameter,value
S02-08,Day_3,FA,20.0
S02-08,Day_3,TR,0.0058
S02-08,Day_3,n0,4
S02-08,Day_3,center,D
S02-08,Day_3,field_strength,4.7
S02-08,Day_3,BAT,292.0
S02-08,Day_3,duration,22.0
S02-08,Day_3,study,2
S02-08,Day_3,visit,3
S02-08,Day_3,substance,Cyclosporine (clinical dose)
S02-08,Day_3,H,0.418
S02-08,Day_3,ve,0.23
S02-08,Day_3,khe,0.005026460808212775
S02-08,Day_3,Th,833.1690270589246
S02-08,Day_3,Kbh,0.0012002366476943898
S02-08,Day_3,Khe,0.021854177427012067
S02-08,Day_3,kbh,0.0009241822187246801
S02-08,Day_3,E,0.18585228936777487
S02-08,Day_3,Ktrans,0.004092281559589035
