subject,study,parameter,value
S15-08,Day_1,FA,20.0
S15-08,Day_1,TR,0.0058
S15-08,Day_1,n0,4
S15-08,Day_1,center,D
S15-08,Day_1,field_strength,4.7
S15-08,Day_1,BAT,292.0
S15-08,Day_1,duration,22.0
S15-08,Day_1,study,15
S15-08,Day_1,visit,1
S15-08,Day_1,substance,Cyclosporine (clinical dose)
S15-08,Day_1,H,0.418
S15-08,Day_1,ve,0.23
S15-08,Day_1,khe,0.027488990787055433
S15-08,Day_1,Th,353.7866013379644
S15-08,Day_1,Kbh,0.002826562668620462
S15-08,Day_1,Khe,0.11951735124806709
S15-08,Day_1,kbh,0.0021764532548377556
S15-08,Day_1,E,0.5552435142296831
S15-08,Day_1,Ktrans,0.012225906939823393
