subject,study,parameter,value
S15-08,Day_1,FA,20.0
S15-08,Day_1,TR,0.0058
S15-08,Day_1,n0,4
S15-08,Day_1,center,D
S15-08,Day_1,field_strength,4.7
S15-08,Day_1,BAT,292.0
S15-08,Day_1,duration,22.0
S15-08,Day_1,study,15
S15-08,Day_1,visit,1
S15-08,Day_1,study arm,Cyclosporine (clinical dose)
S15-08,Day_1,substance,Placebo
S15-08,Day_1,ve,0.23
S15-08,Day_1,Fp,0.022019
S15-08,Day_1,E,0.7748190148380274
S15-08,Day_1,Th,336.6510968832635
S15-08,Day_1,vol,1000
S15-08,Day_1,Ktrans,0.017060739887718526
S15-08,Day_1,khe,0.07576456722332368
S15-08,Day_1,Khe,0.32941116184053776
S15-08,Day_1,kbh,0.0022872344903334856
S15-08,Day_1,Kbh,0.0029704344030305006
S15-08,Day_1,Te,2.3521334568896726
S15-08,Day_1,CL,75.76456722332368
