subject,study,parameter,value
S01-10,Day_4,FA,30.0
S01-10,Day_4,TR,0.036
S01-10,Day_4,n0,4
S01-10,Day_4,center,A
S01-10,Day_4,field_strength,7.0
S01-10,Day_4,BAT,285.0
S01-10,Day_4,duration,30.0
S01-10,Day_4,study,1
S01-10,Day_4,visit,4
S01-10,Day_4,substance,Rifampicin (clinical dose)
S01-10,Day_4,H,0.418
S01-10,Day_4,ve,0.23
S01-10,Day_4,khe,0.010693801571179544
S01-10,Day_4,Th,366.0545085922844
S01-10,Day_4,Kbh,0.0027318335835983683
S01-10,Day_4,Khe,0.04649478943991106
S01-10,Day_4,kbh,0.0021035118593707436
S01-10,Day_4,E,0.3268995945795403
S01-10,Day_4,Ktrans,0.0071980021730469
