parameter,description,unit,type
time,Acquisition time,sec,float
spleen,Signal intensity in the spleen,a.u.,float
liver,Signal intensity in the liver,a.u.,float
FA,Flip angle,deg,float
TR,Repetition time,sec,float
n0,Number of precontrast acquisitions,,int
center,"Center where the study was performed (E, G or D)",,str
field_strength,B0-field of scanner on which the study was performed,T,float
BAT,Bolus arrival time,sec,float
duration,Duration of the injection,sec,float
study,Study number,,int
visit,Visit number,,int
substance,"What was injected, eg. saline, vehicle or drug name",,str
study arm,Which study arm the subject was in (e.g. control or treatment),,str
