subject,study,parameter,value
S03-01,Day_2,FA,20.0
S03-01,Day_2,TR,0.0058
S03-01,Day_2,n0,4
S03-01,Day_2,center,G
S03-01,Day_2,field_strength,7.0
S03-01,Day_2,BAT,285.0
S03-01,Day_2,duration,30.0
S03-01,Day_2,study,3
S03-01,Day_2,visit,2
S03-01,Day_2,substance,Placebo
S03-01,Day_2,H,0.418
S03-01,Day_2,ve,0.23
S03-01,Day_2,khe,0.03396324689524177
S03-01,Day_2,Th,230.3418627226245
S03-01,Day_2,Kbh,0.004341373244880765
S03-01,Day_2,Khe,0.14766629084887725
S03-01,Day_2,kbh,0.003342857398558189
S03-01,Day_2,E,0.6066788808744382
S03-01,Day_2,Ktrans,0.013358462277974254
