subject,study,parameter,value
S03-01,Day_2,FA,20.0
S03-01,Day_2,TR,0.0058
S03-01,Day_2,n0,4
S03-01,Day_2,center,G
S03-01,Day_2,field_strength,7.0
S03-01,Day_2,BAT,285.0
S03-01,Day_2,duration,30.0
S03-01,Day_2,study,3
S03-01,Day_2,visit,2
S03-01,Day_2,substance,Placebo
S03-01,Day_2,ve,0.23
S03-01,Day_2,Fp,0.022019
S03-01,Day_2,E,0.8999999999982509
S03-01,Day_2,Th,236.78007656002939
S03-01,Day_2,vol,1000
S03-01,Day_2,Ktrans,0.019817099999961486
S03-01,Day_2,khe,0.1981709999961486
S03-01,Day_2,Khe,0.8616130434615156
S03-01,Day_2,kbh,0.0032519627968140585
S03-01,Day_2,Kbh,0.004223328307550725
S03-01,Day_2,Te,1.0445524320088242
S03-01,Day_2,CL,198.1709999961486
