subject,study,parameter,value
S11-05,Day_1,FA,20.0
S11-05,Day_1,TR,0.0058
S11-05,Day_1,n0,4
S11-05,Day_1,center,G
S11-05,Day_1,field_strength,7.0
S11-05,Day_1,BAT,285.0
S11-05,Day_1,duration,30.0
S11-05,Day_1,study,11
S11-05,Day_1,visit,1
S11-05,Day_1,substance,Placebo
S11-05,Day_1,H,0.418
S11-05,Day_1,ve,0.23
S11-05,Day_1,khe,0.023825590409992617
S11-05,Day_1,Th,313.3858095570878
S11-05,Day_1,Kbh,0.0031909549491513766
S11-05,Day_1,Khe,0.10358952352170703
S11-05,Day_1,kbh,0.00245703531084656
S11-05,Day_1,E,0.5197034196819745
S11-05,Day_1,Ktrans,0.011443349597977397
