subject,study,parameter,value
S01-04,Day_2,FA,30.0
S01-04,Day_2,TR,0.036
S01-04,Day_2,n0,4
S01-04,Day_2,center,A
S01-04,Day_2,field_strength,7.0
S01-04,Day_2,BAT,285.0
S01-04,Day_2,duration,30.0
S01-04,Day_2,study,1
S01-04,Day_2,visit,2
S01-04,Day_2,substance,Rifampicin (clinical dose)
S01-04,Day_2,H,0.418
S01-04,Day_2,ve,0.23
S01-04,Day_2,khe,0.004742253745326043
S01-04,Day_2,Th,510.0733936911524
S01-04,Day_2,Kbh,0.0019605021794285088
S01-04,Day_2,Khe,0.020618494544895838
S01-04,Day_2,kbh,0.0015095866781599518
S01-04,Day_2,E,0.17720596316061224
S01-04,Day_2,Ktrans,0.003901898102833521
