subject,study,parameter,value
S04-08,Day_1,FA,20.0
S04-08,Day_1,TR,0.0058
S04-08,Day_1,n0,4
S04-08,Day_1,center,G
S04-08,Day_1,field_strength,4.7
S04-08,Day_1,BAT,285.0
S04-08,Day_1,duration,30.0
S04-08,Day_1,study,4
S04-08,Day_1,visit,1
S04-08,Day_1,substance,Placebo
S04-08,Day_1,ve,0.23
S04-08,Day_1,Fp,0.022019
S04-08,Day_1,E,0.6438009006050747
S04-08,Day_1,Th,196.70966258626106
S04-08,Day_1,vol,1000
S04-08,Day_1,Ktrans,0.014175852030423139
S04-08,Day_1,khe,0.03979755157860766
S04-08,Day_1,Khe,0.1730328329504681
S04-08,Day_1,kbh,0.003914398458501446
S04-08,Day_1,Kbh,0.005083634361690191
S04-08,Day_1,Te,3.720686355458142
S04-08,Day_1,CL,39.79755157860766
