subject,study,parameter,value
S04-08,Day_1,FA,20.0
S04-08,Day_1,TR,0.0058
S04-08,Day_1,n0,4
S04-08,Day_1,center,G
S04-08,Day_1,field_strength,4.7
S04-08,Day_1,BAT,285.0
S04-08,Day_1,duration,30.0
S04-08,Day_1,study,4
S04-08,Day_1,visit,1
S04-08,Day_1,substance,Placebo
S04-08,Day_1,H,0.418
S04-08,Day_1,ve,0.23
S04-08,Day_1,khe,0.02210385115031425
S04-08,Day_1,Th,210.51573313279084
S04-08,Day_1,Kbh,0.00475023878319447
S04-08,Day_1,Khe,0.09610370065354022
S04-08,Day_1,kbh,0.0036576838630597414
S04-08,Day_1,E,0.5009615329483716
S04-08,Day_1,Ktrans,0.011030671993990196
