subject,study,parameter,value
S14-10,Day_4,FA,30.0
S14-10,Day_4,TR,0.036
S14-10,Day_4,n0,4
S14-10,Day_4,center,A
S14-10,Day_4,field_strength,7.0
S14-10,Day_4,BAT,285.0
S14-10,Day_4,duration,30.0
S14-10,Day_4,study,14
S14-10,Day_4,visit,4
S14-10,Day_4,study arm,Rifampicin (clinical dose)
S14-10,Day_4,substance,Rifampicin (clinical dose)
S14-10,Day_4,ve,0.23
S14-10,Day_4,Fp,0.022019
S14-10,Day_4,E,0.2978053926765292
S14-10,Day_4,Th,350.77079558690275
S14-10,Day_4,vol,1000
S14-10,Day_4,Ktrans,0.006557376941344497
S14-10,Day_4,khe,0.009338404016429304
S14-10,Day_4,Khe,0.04060175659317088
S14-10,Day_4,kbh,0.002195165645736417
S14-10,Day_4,Kbh,0.0028508644749823593
S14-10,Day_4,Te,7.3347908481038315
S14-10,Day_4,CL,9.338404016429305
