subject,study,parameter,value
S14-10,Day_4,FA,30.0
S14-10,Day_4,TR,0.036
S14-10,Day_4,n0,4
S14-10,Day_4,center,A
S14-10,Day_4,field_strength,7.0
S14-10,Day_4,BAT,285.0
S14-10,Day_4,duration,30.0
S14-10,Day_4,study,14
S14-10,Day_4,visit,4
S14-10,Day_4,substance,Rifampicin (clinical dose)
S14-10,Day_4,H,0.418
S14-10,Day_4,ve,0.23
S14-10,Day_4,khe,0.01062640107248283
S14-10,Day_4,Th,367.5813157637655
S14-10,Day_4,Kbh,0.002720486480446337
S14-10,Day_4,Khe,0.0462017437934036
S14-10,Day_4,kbh,0.0020947745899436796
S14-10,Day_4,E,0.3255098949125775
S14-10,Day_4,Ktrans,0.007167402376080044
