subject,study,parameter,value
S13-04,Day_1,FA,20.0
S13-04,Day_1,TR,0.0058
S13-04,Day_1,n0,4
S13-04,Day_1,center,G
S13-04,Day_1,field_strength,7.0
S13-04,Day_1,BAT,285.0
S13-04,Day_1,duration,30.0
S13-04,Day_1,study,13
S13-04,Day_1,visit,1
S13-04,Day_1,substance,Placebo
S13-04,Day_1,H,0.418
S13-04,Day_1,ve,0.23
S13-04,Day_1,khe,0.03758360577313121
S13-04,Day_1,Th,254.31552917311186
S13-04,Day_1,Kbh,0.003932123229955426
S13-04,Day_1,Khe,0.1634069816223096
S13-04,Day_1,kbh,0.003027734887065678
S13-04,Day_1,E,0.630569843140547
S13-04,Day_1,Ktrans,0.013884517376111707
