subject,study,parameter,value
S03-04,Day_2,FA,20.0
S03-04,Day_2,TR,0.0058
S03-04,Day_2,n0,4
S03-04,Day_2,center,G
S03-04,Day_2,field_strength,7.0
S03-04,Day_2,BAT,285.0
S03-04,Day_2,duration,30.0
S03-04,Day_2,study,3
S03-04,Day_2,visit,2
S03-04,Day_2,substance,Rifampicin
S03-04,Day_2,H,0.418
S03-04,Day_2,ve,0.23
S03-04,Day_2,khe,0.0008759052842187236
S03-04,Day_2,Th,55013.10676249919
S03-04,Day_2,Kbh,1.817748640005313e-05
S03-04,Day_2,Khe,0.0038082838444292327
S03-04,Day_2,kbh,1.3996664528040911e-05
S03-04,Day_2,E,0.03825765048359812
S03-04,Day_2,Ktrans,0.0008423952059983471
