subject,study,parameter,value
S03-04,Day_2,FA,20.0
S03-04,Day_2,TR,0.0058
S03-04,Day_2,n0,4
S03-04,Day_2,center,G
S03-04,Day_2,field_strength,7.0
S03-04,Day_2,BAT,285.0
S03-04,Day_2,duration,30.0
S03-04,Day_2,study,3
S03-04,Day_2,visit,2
S03-04,Day_2,substance,Rifampicin
S03-04,Day_2,ve,0.23
S03-04,Day_2,Fp,0.022019
S03-04,Day_2,E,0.023444862205629018
S03-04,Day_2,Th,43796.72725655539
S03-04,Day_2,vol,1000
S03-04,Day_2,Ktrans,0.0005162324209057453
S03-04,Day_2,khe,0.0005286259842651569
S03-04,Day_2,Khe,0.002298373844631117
S03-04,Day_2,kbh,1.758122234772116e-05
S03-04,Day_2,Kbh,2.2832756295741766e-05
S03-04,Day_2,Te,10.200630441559804
S03-04,Day_2,CL,0.528625984265157
