subject,study,parameter,value
S08-06,Day_2,FA,20.0
S08-06,Day_2,TR,0.0058
S08-06,Day_2,n0,4
S08-06,Day_2,center,G
S08-06,Day_2,field_strength,4.7
S08-06,Day_2,substance,Cyclosporine
S08-06,Day_2,BAT,285.0
S08-06,Day_2,duration,30.0
S08-06,Day_2,study,8
S08-06,Day_2,visit,2
S08-06,Day_2,ve,0.23
S08-06,Day_2,Fp,0.022019
S08-06,Day_2,E,0.058897648728455626
S08-06,Day_2,Th,896.9412297838263
S08-06,Day_2,vol,1000
S08-06,Day_2,Ktrans,0.0012968673273518645
S08-06,Day_2,khe,0.0013780300576229972
S08-06,Day_2,Khe,0.005991435033143466
S08-06,Day_2,kbh,0.0008584731913657033
S08-06,Day_2,Kbh,0.0011149002485268875
S08-06,Day_2,Te,9.830307497727201
S08-06,Day_2,CL,1.3780300576229971
