subject,study,parameter,value
S08-06,Day_2,FA,20.0
S08-06,Day_2,TR,0.0058
S08-06,Day_2,n0,4
S08-06,Day_2,center,G
S08-06,Day_2,field_strength,4.7
S08-06,Day_2,substance,Cyclosporine
S08-06,Day_2,BAT,285.0
S08-06,Day_2,duration,30.0
S08-06,Day_2,study,8
S08-06,Day_2,visit,2
S08-06,Day_2,H,0.418
S08-06,Day_2,ve,0.23
S08-06,Day_2,khe,0.0021770298154953063
S08-06,Day_2,Th,930.2685155591038
S08-06,Day_2,Kbh,0.001074958448313159
S08-06,Day_2,Khe,0.009465347023892635
S08-06,Day_2,kbh,0.0008277180052011325
S08-06,Day_2,E,0.08997467072474515
S08-06,Day_2,Ktrans,0.001981152274688163
