subject,study,parameter,value
S01-01,Day_3,FA,30.0
S01-01,Day_3,TR,0.036
S01-01,Day_3,n0,4
S01-01,Day_3,center,A
S01-01,Day_3,field_strength,7.0
S01-01,Day_3,BAT,285.0
S01-01,Day_3,duration,30.0
S01-01,Day_3,study,1
S01-01,Day_3,visit,3
S01-01,Day_3,substance,Rifampicin (clinical dose)
S01-01,Day_3,H,0.418
S01-01,Day_3,ve,0.23
S01-01,Day_3,khe,0.00843125507518934
S01-01,Day_3,Th,313.4190302593516
S01-01,Day_3,Kbh,0.003190616725386804
S01-01,Day_3,Khe,0.03665763076169278
S01-01,Day_3,kbh,0.002456774878547839
S01-01,Day_3,E,0.2768861887813567
S01-01,Day_3,Ktrans,0.006096756990776692
