subject,study,parameter,value
S02-09,Day_2,FA,20.0
S02-09,Day_2,TR,0.0058
S02-09,Day_2,n0,4
S02-09,Day_2,center,D
S02-09,Day_2,field_strength,4.7
S02-09,Day_2,BAT,292.0
S02-09,Day_2,duration,22.0
S02-09,Day_2,study,2
S02-09,Day_2,visit,2
S02-09,Day_2,substance,Placebo
S02-09,Day_2,H,0.418
S02-09,Day_2,ve,0.23
S02-09,Day_2,khe,0.03873721343658872
S02-09,Day_2,Th,216.49416201057363
S02-09,Day_2,Kbh,0.0046190621987818765
S02-09,Day_2,Khe,0.16842266711560314
S02-09,Day_2,kbh,0.0035566778930620447
S02-09,Day_2,E,0.6375843925332635
S02-09,Day_2,Ktrans,0.01403897073918993
