subject,study,parameter,value
S10-03,Day_2,FA,20.0
S10-03,Day_2,TR,0.0058
S10-03,Day_2,n0,4
S10-03,Day_2,center,G
S10-03,Day_2,field_strength,7.0
S10-03,Day_2,substance,Bosentan
S10-03,Day_2,BAT,285.0
S10-03,Day_2,duration,30.0
S10-03,Day_2,study,10
S10-03,Day_2,visit,2
S10-03,Day_2,H,0.418
S10-03,Day_2,ve,0.23
S10-03,Day_2,khe,0.033281391510522826
S10-03,Day_2,Th,254.13039698459193
S10-03,Day_2,Kbh,0.003934987753789369
S10-03,Day_2,Khe,0.14470170221966444
S10-03,Day_2,kbh,0.003029940570417814
S10-03,Day_2,E,0.601829220398736
S10-03,Day_2,Ktrans,0.013251677603959764
