subject,study,parameter,value
S10-03,Day_2,FA,20.0
S10-03,Day_2,TR,0.0058
S10-03,Day_2,n0,4
S10-03,Day_2,center,G
S10-03,Day_2,field_strength,7.0
S10-03,Day_2,substance,Bosentan
S10-03,Day_2,BAT,285.0
S10-03,Day_2,duration,30.0
S10-03,Day_2,study,10
S10-03,Day_2,visit,2
S10-03,Day_2,ve,0.23
S10-03,Day_2,Fp,0.022019
S10-03,Day_2,E,0.8999999473043543
S10-03,Day_2,Th,255.47960087899503
S10-03,Day_2,vol,1000
S10-03,Day_2,Ktrans,0.019817098839694576
S10-03,Day_2,khe,0.19817088396951885
S10-03,Day_2,Khe,0.861612538997908
S10-03,Day_2,kbh,0.003013939263059604
S10-03,Day_2,Kbh,0.003914206835142342
S10-03,Day_2,Te,1.0445529824242024
S10-03,Day_2,CL,198.17088396951885
