subject,study,parameter,value
S05-04,Day_1,FA,20.0
S05-04,Day_1,TR,0.0058
S05-04,Day_1,n0,4
S05-04,Day_1,center,E
S05-04,Day_1,field_strength,7.0
S05-04,Day_1,substance,Asunaprevir
S05-04,Day_1,BAT,285.0
S05-04,Day_1,duration,30.0
S05-04,Day_1,study,5
S05-04,Day_1,visit,1
S05-04,Day_1,H,0.418
S05-04,Day_1,ve,0.23
S05-04,Day_1,khe,0.01787437828504734
S05-04,Day_1,Th,185.34417507358373
S05-04,Day_1,Kbh,0.0053953678317810025
S05-04,Day_1,Khe,0.077714688195858
S05-04,Day_1,kbh,0.004154433230471372
S05-04,Day_1,E,0.44805376364294863
S05-04,Day_1,Ktrans,0.009865695821654084
