subject,study,parameter,value
S02-06,Day_1,FA,20.0
S02-06,Day_1,TR,0.0058
S02-06,Day_1,n0,4
S02-06,Day_1,center,D
S02-06,Day_1,field_strength,4.7
S02-06,Day_1,BAT,292.0
S02-06,Day_1,duration,22.0
S02-06,Day_1,study,2
S02-06,Day_1,visit,1
S02-06,Day_1,substance,Placebo
S02-06,Day_1,H,0.418
S02-06,Day_1,ve,0.23
S02-06,Day_1,khe,0.03243321694170654
S02-06,Day_1,Th,307.55729555293993
S02-06,Day_1,Kbh,0.0032514266917393598
S02-06,Day_1,Khe,0.14101398670307191
S02-06,Day_1,kbh,0.0025035985526393073
S02-06,Day_1,E,0.5956271160901989
S02-06,Day_1,Ktrans,0.013115113469190092
