subject,study,parameter,value
S05-05,Day_2,FA,20.0
S05-05,Day_2,TR,0.0058
S05-05,Day_2,n0,4
S05-05,Day_2,center,E
S05-05,Day_2,field_strength,7.0
S05-05,Day_2,substance,Asunaprevir
S05-05,Day_2,BAT,285.0
S05-05,Day_2,duration,30.0
S05-05,Day_2,study,5
S05-05,Day_2,visit,2
S05-05,Day_2,H,0.418
S05-05,Day_2,ve,0.23
S05-05,Day_2,khe,0.014847942582818663
S05-05,Day_2,Th,257.64571459053315
S05-05,Day_2,Kbh,0.0038812987888786087
S05-05,Day_2,Khe,0.06455627209921157
S05-05,Day_2,kbh,0.0029886000674365287
S05-05,Day_2,E,0.40274407213085106
S05-05,Day_2,Ktrans,0.008868021724249208
