subject,study,parameter,value
S15-02,Day_2,FA,20.0
S15-02,Day_2,TR,0.0058
S15-02,Day_2,n0,4
S15-02,Day_2,center,D
S15-02,Day_2,field_strength,4.7
S15-02,Day_2,BAT,292.0
S15-02,Day_2,duration,22.0
S15-02,Day_2,study,15
S15-02,Day_2,visit,2
S15-02,Day_2,substance,Cyclosporine (clinical dose)
S15-02,Day_2,H,0.418
S15-02,Day_2,ve,0.23
S15-02,Day_2,khe,0.003474314581805373
S15-02,Day_2,Th,757.4732242363493
S15-02,Day_2,Kbh,0.0013201786782736187
S15-02,Day_2,Khe,0.01510571557306684
S15-02,Day_2,kbh,0.0010165375822706864
S15-02,Day_2,E,0.1362833605122889
S15-02,Day_2,Ktrans,0.0030008233151200894
