subject,study,parameter,value
S15-02,Day_2,FA,20.0
S15-02,Day_2,TR,0.0058
S15-02,Day_2,n0,4
S15-02,Day_2,center,D
S15-02,Day_2,field_strength,4.7
S15-02,Day_2,BAT,292.0
S15-02,Day_2,duration,22.0
S15-02,Day_2,study,15
S15-02,Day_2,visit,2
S15-02,Day_2,study arm,Cyclosporine (clinical dose)
S15-02,Day_2,substance,Cyclosporine (clinical dose)
S15-02,Day_2,ve,0.23
S15-02,Day_2,Fp,0.022019
S15-02,Day_2,E,0.09521460161129319
S15-02,Day_2,Th,721.4839129300807
S15-02,Day_2,vol,1000
S15-02,Day_2,Ktrans,0.0020965303128790648
S15-02,Day_2,khe,0.0023171575454386034
S15-02,Day_2,Khe,0.010074598023646101
S15-02,Day_2,kbh,0.0010672448632608959
S15-02,Day_2,Kbh,0.0013860322899492154
S15-02,Day_2,Te,9.450957883164657
S15-02,Day_2,CL,2.3171575454386035
