subject,study,parameter,value
S05-06,Day_1,FA,20.0
S05-06,Day_1,TR,0.0058
S05-06,Day_1,n0,4
S05-06,Day_1,center,E
S05-06,Day_1,field_strength,7.0
S05-06,Day_1,substance,Asunaprevir
S05-06,Day_1,BAT,285.0
S05-06,Day_1,duration,30.0
S05-06,Day_1,study,5
S05-06,Day_1,visit,1
S05-06,Day_1,H,0.418
S05-06,Day_1,ve,0.23
S05-06,Day_1,khe,0.017684275415649445
S05-06,Day_1,Th,171.87813000684545
S05-06,Day_1,Kbh,0.0058180758654994245
S05-06,Day_1,Khe,0.07688815398108453
S05-06,Day_1,kbh,0.004479918416434557
S05-06,Day_1,E,0.44541099520164557
S05-06,Day_1,Ktrans,0.00980750470334503
