subject,study,parameter,value
S14-10,Day_3,FA,30.0
S14-10,Day_3,TR,0.036
S14-10,Day_3,n0,4
S14-10,Day_3,center,A
S14-10,Day_3,field_strength,7.0
S14-10,Day_3,BAT,285.0
S14-10,Day_3,duration,30.0
S14-10,Day_3,study,14
S14-10,Day_3,visit,3
S14-10,Day_3,study arm,Rifampicin (clinical dose)
S14-10,Day_3,substance,Rifampicin (clinical dose)
S14-10,Day_3,ve,0.23
S14-10,Day_3,Fp,0.022019
S14-10,Day_3,E,0.32218504137348447
S14-10,Day_3,Th,247.84072612703184
S14-10,Day_3,vol,1000
S14-10,Day_3,Ktrans,0.007094192426002755
S14-10,Day_3,khe,0.010466267136355342
S14-10,Day_3,Khe,0.045505509288501486
S14-10,Day_3,kbh,0.003106834022126505
S14-10,Day_3,Kbh,0.004034849379385072
S14-10,Day_3,Te,7.080132634729033
S14-10,Day_3,CL,10.466267136355341
