subject,study,parameter,value
S14-10,Day_3,FA,30.0
S14-10,Day_3,TR,0.036
S14-10,Day_3,n0,4
S14-10,Day_3,center,A
S14-10,Day_3,field_strength,7.0
S14-10,Day_3,BAT,285.0
S14-10,Day_3,duration,30.0
S14-10,Day_3,study,14
S14-10,Day_3,visit,3
S14-10,Day_3,substance,Rifampicin (clinical dose)
S14-10,Day_3,H,0.418
S14-10,Day_3,ve,0.23
S14-10,Day_3,khe,0.011274370087148333
S14-10,Day_3,Th,262.0243830316184
S14-10,Day_3,Kbh,0.0038164387162370698
S14-10,Day_3,Khe,0.04901900037890579
S14-10,Day_3,kbh,0.002938657811502544
S14-10,Day_3,E,0.33863709374078604
S14-10,Day_3,Ktrans,0.0074564501670783675
