subject,study,parameter,value
S14-02,Day_4,FA,30.0
S14-02,Day_4,TR,0.036
S14-02,Day_4,n0,4
S14-02,Day_4,center,A
S14-02,Day_4,field_strength,7.0
S14-02,Day_4,BAT,285.0
S14-02,Day_4,duration,30.0
S14-02,Day_4,study,14
S14-02,Day_4,visit,4
S14-02,Day_4,study arm,Rifampicin (high dose)
S14-02,Day_4,substance,Rifampicin (high dose)
S14-02,Day_4,ve,0.23
S14-02,Day_4,Fp,0.022019
S14-02,Day_4,E,0.43196882243465157
S14-02,Day_4,Th,302.2873620144197
S14-02,Day_4,vol,1000
S14-02,Day_4,Ktrans,0.009511521501188593
S14-02,Day_4,khe,0.016744717326883617
S14-02,Day_4,Khe,0.07280311881253745
S14-02,Day_4,kbh,0.0025472450944319315
S14-02,Day_4,Kbh,0.0033081105122492616
S14-02,Day_4,Te,5.933383479723426
S14-02,Day_4,CL,16.744717326883617
