subject,study,parameter,value
S14-02,Day_4,FA,30.0
S14-02,Day_4,TR,0.036
S14-02,Day_4,n0,4
S14-02,Day_4,center,A
S14-02,Day_4,field_strength,7.0
S14-02,Day_4,BAT,285.0
S14-02,Day_4,duration,30.0
S14-02,Day_4,study,14
S14-02,Day_4,visit,4
S14-02,Day_4,substance,Rifampicin (high dose)
S14-02,Day_4,H,0.418
S14-02,Day_4,ve,0.23
S14-02,Day_4,khe,0.015322178961958517
S14-02,Day_4,Th,316.4586153471061
S14-02,Day_4,Kbh,0.0031599708508588233
S14-02,Day_4,Khe,0.06661816939981964
S14-02,Day_4,kbh,0.002433177555161294
S14-02,Day_4,E,0.4103292768974448
S14-02,Day_4,Ktrans,0.009035040348004838
