subject,study,parameter,value
S01-04,Day_4,FA,30.0
S01-04,Day_4,TR,0.036
S01-04,Day_4,n0,4
S01-04,Day_4,center,A
S01-04,Day_4,field_strength,7.0
S01-04,Day_4,BAT,285.0
S01-04,Day_4,duration,30.0
S01-04,Day_4,study,1
S01-04,Day_4,visit,4
S01-04,Day_4,substance,Rifampicin (clinical dose)
S01-04,Day_4,H,0.418
S01-04,Day_4,ve,0.23
S01-04,Day_4,khe,0.004105359174041608
S01-04,Day_4,Th,389.8945519912255
S01-04,Day_4,Kbh,0.002564796032396228
S01-04,Day_4,Khe,0.01784938771322438
S01-04,Day_4,kbh,0.0019748929449450955
S01-04,Day_4,E,0.15714678958023537
S01-04,Day_4,Ktrans,0.003460215159767202
