subject,study,parameter,value
S01-08,Day_3,FA,30.0
S01-08,Day_3,TR,0.036
S01-08,Day_3,n0,4
S01-08,Day_3,center,A
S01-08,Day_3,field_strength,7.0
S01-08,Day_3,BAT,285.0
S01-08,Day_3,duration,30.0
S01-08,Day_3,study,1
S01-08,Day_3,visit,3
S01-08,Day_3,substance,Rifampicin (high dose)
S01-08,Day_3,H,0.418
S01-08,Day_3,ve,0.23
S01-08,Day_3,khe,0.010515140085845484
S01-08,Day_3,Th,425.8020863452566
S01-08,Day_3,Kbh,0.0023485089248462764
S01-08,Day_3,Khe,0.04571800037324123
S01-08,Day_3,kbh,0.001808351872131633
S01-08,Day_3,E,0.3232032584263774
S01-08,Day_3,Ktrans,0.007116612547290406
