subject,study,parameter,value
S05-06,Day_2,FA,20.0
S05-06,Day_2,TR,0.0058
S05-06,Day_2,n0,4
S05-06,Day_2,center,E
S05-06,Day_2,field_strength,7.0
S05-06,Day_2,substance,Asunaprevir
S05-06,Day_2,BAT,285.0
S05-06,Day_2,duration,30.0
S05-06,Day_2,study,5
S05-06,Day_2,visit,2
S05-06,Day_2,ve,0.23
S05-06,Day_2,Fp,0.022019
S05-06,Day_2,E,0.5695886229735005
S05-06,Day_2,Th,192.92231800962554
S05-06,Day_2,vol,1000
S05-06,Day_2,Ktrans,0.01254177188925351
S05-06,Day_2,khe,0.029139034325482854
S05-06,Day_2,Khe,0.12669145358905587
S05-06,Day_2,kbh,0.003991243770778154
S05-06,Day_2,Kbh,0.005183433468543057
S05-06,Day_2,Te,4.495872506294331
S05-06,Day_2,CL,29.139034325482854
