subject,study,parameter,value
S05-06,Day_2,FA,20.0
S05-06,Day_2,TR,0.0058
S05-06,Day_2,n0,4
S05-06,Day_2,center,E
S05-06,Day_2,field_strength,7.0
S05-06,Day_2,substance,Asunaprevir
S05-06,Day_2,BAT,285.0
S05-06,Day_2,duration,30.0
S05-06,Day_2,study,5
S05-06,Day_2,visit,2
S05-06,Day_2,H,0.418
S05-06,Day_2,ve,0.23
S05-06,Day_2,khe,0.019193432643415574
S05-06,Day_2,Th,208.7824168362846
S05-06,Day_2,Kbh,0.0047896753718688085
S05-06,Day_2,Khe,0.0834497071452851
S05-06,Day_2,kbh,0.0036880500363389826
S05-06,Day_2,E,0.4657194786215093
S05-06,Day_2,Ktrans,0.010254677199767016
