subject,study,parameter,value
S14-01,Day_1,FA,30.0
S14-01,Day_1,TR,0.036
S14-01,Day_1,n0,4
S14-01,Day_1,center,A
S14-01,Day_1,field_strength,7.0
S14-01,Day_1,BAT,285.0
S14-01,Day_1,duration,30.0
S14-01,Day_1,study,14
S14-01,Day_1,visit,1
S14-01,Day_1,substance,Rifampicin (clinical dose)
S14-01,Day_1,H,0.418
S14-01,Day_1,ve,0.23
S14-01,Day_1,khe,0.009364857223989921
S14-01,Day_1,Th,457.9417987066039
S14-01,Day_1,Kbh,0.0021836836096298
S14-01,Day_1,Khe,0.040716770539086615
S14-01,Day_1,kbh,0.001681436379414946
S14-01,Day_1,E,0.29839726701380076
S14-01,Day_1,Ktrans,0.006570409422376879
