subject,study,parameter,value
S14-01,Day_1,FA,30.0
S14-01,Day_1,TR,0.036
S14-01,Day_1,n0,4
S14-01,Day_1,center,A
S14-01,Day_1,field_strength,7.0
S14-01,Day_1,BAT,285.0
S14-01,Day_1,duration,30.0
S14-01,Day_1,study,14
S14-01,Day_1,visit,1
S14-01,Day_1,study arm,Rifampicin (clinical dose)
S14-01,Day_1,substance,Placebo
S14-01,Day_1,ve,0.23
S14-01,Day_1,Fp,0.022019
S14-01,Day_1,E,0.26195027688352585
S14-01,Day_1,Th,435.1876012755769
S14-01,Day_1,vol,1000
S14-01,Day_1,Ktrans,0.005767883146698355
S14-01,Day_1,khe,0.007815033277626615
S14-01,Day_1,Khe,0.033978405554898325
S14-01,Day_1,kbh,0.0017693518789208508
S14-01,Day_1,Kbh,0.0022978595830140916
S14-01,Day_1,Te,7.709316332112678
S14-01,Day_1,CL,7.815033277626615
