subject,study,parameter,value
S01-01,Day_4,FA,30.0
S01-01,Day_4,TR,0.036
S01-01,Day_4,n0,4
S01-01,Day_4,center,A
S01-01,Day_4,field_strength,7.0
S01-01,Day_4,BAT,285.0
S01-01,Day_4,duration,30.0
S01-01,Day_4,study,1
S01-01,Day_4,visit,4
S01-01,Day_4,substance,Rifampicin (clinical dose)
S01-01,Day_4,H,0.418
S01-01,Day_4,ve,0.23
S01-01,Day_4,khe,0.01404089194240253
S01-01,Day_4,Th,384.89768666368144
S01-01,Day_4,Kbh,0.0025980930378357585
S01-01,Day_4,Khe,0.06104735627131535
S01-01,Day_4,kbh,0.002000531639133534
S01-01,Day_4,E,0.38937698329295223
S01-01,Day_4,Ktrans,0.008573691795127514
