subject,study,parameter,value
S03-04,Day_1,FA,20.0
S03-04,Day_1,TR,0.0058
S03-04,Day_1,n0,4
S03-04,Day_1,center,G
S03-04,Day_1,field_strength,7.0
S03-04,Day_1,BAT,285.0
S03-04,Day_1,duration,30.0
S03-04,Day_1,study,3
S03-04,Day_1,visit,1
S03-04,Day_1,substance,Placebo
S03-04,Day_1,H,0.418
S03-04,Day_1,ve,0.23
S03-04,Day_1,khe,0.03409864660047681
S03-04,Day_1,Th,281.7684114329091
S03-04,Day_1,Kbh,0.0035490138689237226
S03-04,Day_1,Khe,0.1482549852194644
S03-04,Day_1,kbh,0.0027327406790712667
S03-04,Day_1,E,0.6076278793948405
S03-04,Day_1,Ktrans,0.013379358276394998
