subject,study,parameter,value
S03-04,Day_1,FA,20.0
S03-04,Day_1,TR,0.0058
S03-04,Day_1,n0,4
S03-04,Day_1,center,G
S03-04,Day_1,field_strength,7.0
S03-04,Day_1,BAT,285.0
S03-04,Day_1,duration,30.0
S03-04,Day_1,study,3
S03-04,Day_1,visit,1
S03-04,Day_1,substance,Placebo
S03-04,Day_1,ve,0.23
S03-04,Day_1,Fp,0.022019
S03-04,Day_1,E,0.8999971394306557
S03-04,Day_1,Th,288.97443448229404
S03-04,Day_1,vol,1000
S03-04,Day_1,Ktrans,0.01981703701312361
S03-04,Day_1,khe,0.19816470149253404
S03-04,Day_1,Khe,0.8615856586631915
S03-04,Day_1,kbh,0.002664595577042921
S03-04,Day_1,Kbh,0.0034605137364193774
S03-04,Day_1,Te,1.044582312137208
S03-04,Day_1,CL,198.16470149253405
