subject,study,parameter,value
S02-01,Day_1,FA,20.0
S02-01,Day_1,TR,0.0058
S02-01,Day_1,n0,4
S02-01,Day_1,center,D
S02-01,Day_1,field_strength,4.7
S02-01,Day_1,BAT,292.0
S02-01,Day_1,duration,22.0
S02-01,Day_1,study,2
S02-01,Day_1,visit,1
S02-01,Day_1,substance,Cyclosporine (clinical dose)
S02-01,Day_1,H,0.418
S02-01,Day_1,ve,0.23
S02-01,Day_1,khe,0.021233876934904753
S02-01,Day_1,Th,445.7091254779381
S02-01,Day_1,Kbh,0.0022436157189460516
S02-01,Day_1,Khe,0.09232120406480326
S02-01,Day_1,kbh,0.0017275841035884597
S02-01,Day_1,E,0.49092403649499605
S02-01,Day_1,Ktrans,0.010809656359583317
