subject,study,parameter,value
S15-03,Day_2,FA,20.0
S15-03,Day_2,TR,0.0058
S15-03,Day_2,n0,4
S15-03,Day_2,center,D
S15-03,Day_2,field_strength,4.7
S15-03,Day_2,BAT,292.0
S15-03,Day_2,duration,22.0
S15-03,Day_2,study,15
S15-03,Day_2,visit,2
S15-03,Day_2,substance,Placebo
S15-03,Day_2,H,0.418
S15-03,Day_2,ve,0.23
S15-03,Day_2,khe,0.0385792897042939
S15-03,Day_2,Th,239.0816005290943
S15-03,Day_2,Kbh,0.004182672350306222
S15-03,Day_2,Khe,0.16773604219258215
S15-03,Day_2,kbh,0.0032206577097357906
S15-03,Day_2,E,0.6366399100131737
S15-03,Day_2,Ktrans,0.014018174178580074
