subject,study,parameter,value
S15-03,Day_2,FA,20.0
S15-03,Day_2,TR,0.0058
S15-03,Day_2,n0,4
S15-03,Day_2,center,D
S15-03,Day_2,field_strength,4.7
S15-03,Day_2,BAT,292.0
S15-03,Day_2,duration,22.0
S15-03,Day_2,study,15
S15-03,Day_2,visit,2
S15-03,Day_2,study arm,Placebo
S15-03,Day_2,substance,Placebo
S15-03,Day_2,ve,0.23
S15-03,Day_2,Fp,0.022019
S15-03,Day_2,E,0.8999946826641293
S15-03,Day_2,Th,274.21338177540423
S15-03,Day_2,vol,1000
S15-03,Day_2,Ktrans,0.019816982917581463
S15-03,Day_2,khe,0.19815929238067972
S15-03,Day_2,Khe,0.861562140785564
S15-03,Day_2,kbh,0.002808032179227023
S15-03,Day_2,Kbh,0.003646795037957173
S15-03,Day_2,Te,1.0446079743517083
S15-03,Day_2,CL,198.15929238067972
