subject,study,parameter,value
S10-05,Day_2,FA,20.0
S10-05,Day_2,TR,0.0058
S10-05,Day_2,n0,4
S10-05,Day_2,center,G
S10-05,Day_2,field_strength,7.0
S10-05,Day_2,substance,Bosentan
S10-05,Day_2,BAT,285.0
S10-05,Day_2,duration,30.0
S10-05,Day_2,study,10
S10-05,Day_2,visit,2
S10-05,Day_2,H,0.418
S10-05,Day_2,ve,0.23
S10-05,Day_2,khe,0.03405264016884715
S10-05,Day_2,Th,257.3551683136235
S10-05,Day_2,Kbh,0.00388568065896139
S10-05,Day_2,Khe,0.14805495725585716
S10-05,Day_2,kbh,0.0029919741074002706
S10-05,Day_2,E,0.6073059405129807
S10-05,Day_2,Ktrans,0.013372269504155324
