subject,study,parameter,value
S10-05,Day_2,FA,20.0
S10-05,Day_2,TR,0.0058
S10-05,Day_2,n0,4
S10-05,Day_2,center,G
S10-05,Day_2,field_strength,7.0
S10-05,Day_2,substance,Bosentan
S10-05,Day_2,BAT,285.0
S10-05,Day_2,duration,30.0
S10-05,Day_2,study,10
S10-05,Day_2,visit,2
S10-05,Day_2,ve,0.23
S10-05,Day_2,Fp,0.022019
S10-05,Day_2,E,0.8999944555612674
S10-05,Day_2,Th,264.2235002955063
S10-05,Day_2,vol,1000
S10-05,Day_2,Ktrans,0.01981697791700355
S10-05,Day_2,khe,0.19815879237719897
S10-05,Day_2,Khe,0.8615599668573868
S10-05,Day_2,kbh,0.002914199528576511
S10-05,Day_2,Kbh,0.003784674712437027
S10-05,Day_2,Te,1.0446103465601746
S10-05,Day_2,CL,198.15879237719898
