subject,study,parameter,value
S01-05,Day_2,FA,20.0
S01-05,Day_2,TR,0.0058
S01-05,Day_2,n0,4
S01-05,Day_2,center,D
S01-05,Day_2,field_strength,4.7
S01-05,Day_2,BAT,292.0
S01-05,Day_2,duration,22.0
S01-05,Day_2,study,1
S01-05,Day_2,visit,2
S01-05,Day_2,substance,Rifampicin
S01-05,Day_2,H,0.418
S01-05,Day_2,ve,0.23
S01-05,Day_2,khe,0.0030059741056344172
S01-05,Day_2,Th,686.8437975362815
S01-05,Day_2,Kbh,0.0014559351101182164
S01-05,Day_2,Khe,0.013069452633193118
S01-05,Day_2,kbh,0.0011210700347910267
S01-05,Day_2,E,0.12011896967188537
S01-05,Day_2,Ktrans,0.0026448995932052436
