subject,study,parameter,value
S01-05,Day_2,FA,20.0
S01-05,Day_2,TR,0.0058
S01-05,Day_2,n0,4
S01-05,Day_2,center,D
S01-05,Day_2,field_strength,4.7
S01-05,Day_2,BAT,292.0
S01-05,Day_2,duration,22.0
S01-05,Day_2,study,1
S01-05,Day_2,visit,2
S01-05,Day_2,substance,Rifampicin
S01-05,Day_2,ve,0.23
S01-05,Day_2,Fp,0.022019
S01-05,Day_2,E,0.08340060588075537
S01-05,Day_2,Th,645.7113301048961
S01-05,Day_2,vol,1000
S01-05,Day_2,Ktrans,0.0018363979408883527
S01-05,Day_2,khe,0.002003490240851553
S01-05,Day_2,Khe,0.008710827134137187
S01-05,Day_2,kbh,0.0011924833344257924
S01-05,Day_2,Kbh,0.0015486796550984315
S01-05,Day_2,Te,9.574361262883249
S01-05,Day_2,CL,2.0034902408515527
