subject,study,parameter,value
S13-03,Day_2,FA,20.0
S13-03,Day_2,TR,0.0058
S13-03,Day_2,n0,4
S13-03,Day_2,center,G
S13-03,Day_2,field_strength,7.0
S13-03,Day_2,BAT,285.0
S13-03,Day_2,duration,30.0
S13-03,Day_2,study,13
S13-03,Day_2,visit,2
S13-03,Day_2,substance,Placebo
S13-03,Day_2,ve,0.23
S13-03,Day_2,Fp,0.022019
S13-03,Day_2,E,0.6483704712899148
S13-03,Day_2,Th,211.64262736107034
S13-03,Day_2,vol,1000
S13-03,Day_2,Ktrans,0.014276469407332633
S13-03,Day_2,khe,0.04060088315024143
S13-03,Day_2,Khe,0.17652557891409315
S13-03,Day_2,kbh,0.00363820847246595
S13-03,Day_2,Kbh,0.004724946068137598
S13-03,Day_2,Te,3.6729547937381173
S13-03,Day_2,CL,40.60088315024143
