subject,study,parameter,value
S13-03,Day_2,FA,20.0
S13-03,Day_2,TR,0.0058
S13-03,Day_2,n0,4
S13-03,Day_2,center,G
S13-03,Day_2,field_strength,7.0
S13-03,Day_2,BAT,285.0
S13-03,Day_2,duration,30.0
S13-03,Day_2,study,13
S13-03,Day_2,visit,2
S13-03,Day_2,substance,Placebo
S13-03,Day_2,H,0.418
S13-03,Day_2,ve,0.23
S13-03,Day_2,khe,0.02207568636421079
S13-03,Day_2,Th,227.337666760158
S13-03,Day_2,Kbh,0.004398743130653327
S13-03,Day_2,Khe,0.09598124506178604
S13-03,Day_2,kbh,0.0033870322106030614
S13-03,Day_2,E,0.500642779991024
S13-03,Day_2,Ktrans,0.011023653372622358
