subject,study,parameter,value
S14-06,Day_4,FA,30.0
S14-06,Day_4,TR,0.036
S14-06,Day_4,n0,4
S14-06,Day_4,center,A
S14-06,Day_4,field_strength,7.0
S14-06,Day_4,BAT,285.0
S14-06,Day_4,duration,30.0
S14-06,Day_4,study,14
S14-06,Day_4,visit,4
S14-06,Day_4,study arm,Placebo
S14-06,Day_4,substance,Placebo
S14-06,Day_4,ve,0.23
S14-06,Day_4,Fp,0.022019
S14-06,Day_4,E,0.4813893939973184
S14-06,Day_4,Th,181.96652639614268
S14-06,Day_4,vol,1000
S14-06,Day_4,Ktrans,0.010599713066426954
S14-06,Day_4,khe,0.02043867391784916
S14-06,Day_4,Khe,0.08886379964282243
S14-06,Day_4,kbh,0.004231547500795302
S14-06,Day_4,Kbh,0.005495516234799094
S14-06,Day_4,Te,5.417159697561958
S14-06,Day_4,CL,20.438673917849158
