subject,study,parameter,value
S14-06,Day_4,FA,30.0
S14-06,Day_4,TR,0.036
S14-06,Day_4,n0,4
S14-06,Day_4,center,A
S14-06,Day_4,field_strength,7.0
S14-06,Day_4,BAT,285.0
S14-06,Day_4,duration,30.0
S14-06,Day_4,study,14
S14-06,Day_4,visit,4
S14-06,Day_4,substance,Placebo
S14-06,Day_4,H,0.418
S14-06,Day_4,ve,0.23
S14-06,Day_4,khe,0.016573936535559837
S14-06,Day_4,Th,192.48081199381429
S14-06,Day_4,Kbh,0.0051953230539786835
S14-06,Day_4,Khe,0.07206059363286885
S14-06,Day_4,kbh,0.004000398751563586
S14-06,Day_4,E,0.42945518075019967
S14-06,Day_4,Ktrans,0.00945617362493865
