subject,study,parameter,value
S04-05,Day_2,FA,20.0
S04-05,Day_2,TR,0.0058
S04-05,Day_2,n0,4
S04-05,Day_2,center,G
S04-05,Day_2,field_strength,4.7
S04-05,Day_2,BAT,285.0
S04-05,Day_2,duration,30.0
S04-05,Day_2,study,4
S04-05,Day_2,visit,2
S04-05,Day_2,substance,Rifampicin
S04-05,Day_2,H,0.418
S04-05,Day_2,ve,0.23
S04-05,Day_2,khe,0.006418887632148426
S04-05,Day_2,Th,834.7235569751649
S04-05,Day_2,Kbh,0.00119800141213668
S04-05,Day_2,Khe,0.027908207096297506
S04-05,Day_2,kbh,0.0009224610873452436
S04-05,Day_2,E,0.22571604878598686
S04-05,Day_2,Ktrans,0.004970041678218645
