subject,study,parameter,value
S08-01,Day_2,FA,20.0
S08-01,Day_2,TR,0.0058
S08-01,Day_2,n0,4
S08-01,Day_2,center,G
S08-01,Day_2,field_strength,4.7
S08-01,Day_2,substance,Cyclosporine
S08-01,Day_2,BAT,285.0
S08-01,Day_2,duration,30.0
S08-01,Day_2,study,8
S08-01,Day_2,visit,2
S08-01,Day_2,ve,0.23
S08-01,Day_2,Fp,0.022019
S08-01,Day_2,E,0.0883293703685357
S08-01,Day_2,Th,756.4433608685371
S08-01,Day_2,vol,1000
S08-01,Day_2,Ktrans,0.0019449244061447877
S08-01,Day_2,khe,0.0021333630183205617
S08-01,Day_2,Khe,0.009275491384002441
S08-01,Day_2,kbh,0.0010179215521382823
S08-01,Day_2,Kbh,0.001321976041738029
S08-01,Day_2,Te,9.522877733559053
S08-01,Day_2,CL,2.1333630183205616
