subject,study,parameter,value
S01-10,Day_3,FA,30.0
S01-10,Day_3,TR,0.036
S01-10,Day_3,n0,4
S01-10,Day_3,center,A
S01-10,Day_3,field_strength,7.0
S01-10,Day_3,BAT,285.0
S01-10,Day_3,duration,30.0
S01-10,Day_3,study,1
S01-10,Day_3,visit,3
S01-10,Day_3,substance,Rifampicin (clinical dose)
S01-10,Day_3,H,0.418
S01-10,Day_3,ve,0.23
S01-10,Day_3,khe,0.011360462971180775
S01-10,Day_3,Th,260.88188755555
S01-10,Day_3,Kbh,0.003833152271972382
S01-10,Day_3,Khe,0.049393317266003364
S01-10,Day_3,kbh,0.002951527249418734
S01-10,Day_3,E,0.3403428923044446
S01-10,Day_3,Ktrans,0.007494010145651566
