subject,study,parameter,value
S13-06,Day_1,FA,20.0
S13-06,Day_1,TR,0.0058
S13-06,Day_1,n0,4
S13-06,Day_1,center,G
S13-06,Day_1,field_strength,7.0
S13-06,Day_1,BAT,285.0
S13-06,Day_1,duration,30.0
S13-06,Day_1,study,13
S13-06,Day_1,visit,1
S13-06,Day_1,substance,Placebo
S13-06,Day_1,ve,0.23
S13-06,Day_1,Fp,0.022019
S13-06,Day_1,E,0.89999988436872
S13-06,Day_1,Th,228.1553314615852
S13-06,Day_1,vol,1000
S13-06,Day_1,Ktrans,0.019817097453914845
S13-06,Day_1,khe,0.19817074539177904
S13-06,Day_1,Khe,0.8616119364859958
S13-06,Day_1,kbh,0.003374893740450005
S13-06,Day_1,Kbh,0.004382978883701305
S13-06,Day_1,Te,1.0445536398199007
S13-06,Day_1,CL,198.17074539177904
