subject,study,parameter,value
S13-06,Day_1,FA,20.0
S13-06,Day_1,TR,0.0058
S13-06,Day_1,n0,4
S13-06,Day_1,center,G
S13-06,Day_1,field_strength,7.0
S13-06,Day_1,BAT,285.0
S13-06,Day_1,duration,30.0
S13-06,Day_1,study,13
S13-06,Day_1,visit,1
S13-06,Day_1,substance,Placebo
S13-06,Day_1,H,0.418
S13-06,Day_1,ve,0.23
S13-06,Day_1,khe,0.03700548335514661
S13-06,Day_1,Th,204.41202052474253
S13-06,Day_1,Kbh,0.0048920802085558246
S13-06,Day_1,Khe,0.1608934058919418
S13-06,Day_1,kbh,0.0037669017605879854
S13-06,Day_1,E,0.6269514149321214
S13-06,Day_1,Ktrans,0.013804843205390377
