subject,study,parameter,value
S01-07,Day_2,FA,30.0
S01-07,Day_2,TR,0.036
S01-07,Day_2,n0,4
S01-07,Day_2,center,A
S01-07,Day_2,field_strength,7.0
S01-07,Day_2,BAT,285.0
S01-07,Day_2,duration,30.0
S01-07,Day_2,study,1
S01-07,Day_2,visit,2
S01-07,Day_2,substance,Rifampicin (clinical dose)
S01-07,Day_2,H,0.418
S01-07,Day_2,ve,0.23
S01-07,Day_2,khe,0.006140381127732231
S01-07,Day_2,Th,534.9348171877125
S01-07,Day_2,Kbh,0.0018693866390250174
S01-07,Day_2,Khe,0.0266973092510097
S01-07,Day_2,kbh,0.0014394277120492634
S01-07,Day_2,E,0.21805809935520898
S01-07,Day_2,Ktrans,0.004801421289702346
