subject,study,parameter,value
S12-04,Day_2,FA,20.0
S12-04,Day_2,TR,0.0058
S12-04,Day_2,n0,4
S12-04,Day_2,center,G
S12-04,Day_2,field_strength,4.7
S12-04,Day_2,substance,Rifampicin
S12-04,Day_2,BAT,285.0
S12-04,Day_2,duration,30.0
S12-04,Day_2,study,12
S12-04,Day_2,visit,2
S12-04,Day_2,H,0.418
S12-04,Day_2,ve,0.23
S12-04,Day_2,khe,0.010416394017050518
S12-04,Day_2,Th,587.8270298930105
S12-04,Day_2,Kbh,0.0017011807030752031
S12-04,Day_2,Khe,0.045288669639350077
S12-04,Day_2,kbh,0.0013099091413679065
S12-04,Day_2,E,0.3211428235332941
S12-04,Day_2,Ktrans,0.007071243831379604
