subject,study,parameter,value
S10-01,Day_1,FA,20.0
S10-01,Day_1,TR,0.0058
S10-01,Day_1,n0,4
S10-01,Day_1,center,G
S10-01,Day_1,field_strength,7.0
S10-01,Day_1,substance,Placebo
S10-01,Day_1,BAT,285.0
S10-01,Day_1,duration,30.0
S10-01,Day_1,study,10
S10-01,Day_1,visit,1
S10-01,Day_1,H,0.418
S10-01,Day_1,ve,0.23
S10-01,Day_1,khe,0.0325349098189128
S10-01,Day_1,Th,204.52781596748838
S10-01,Day_1,Kbh,0.0048893105090358924
S10-01,Day_1,Khe,0.14145612964744694
S10-01,Day_1,kbh,0.0037647690919576375
S10-01,Day_1,E,0.5963808996808798
S10-01,Day_1,Ktrans,0.013131711030073294
