subject,study,parameter,value
S10-01,Day_1,FA,20.0
S10-01,Day_1,TR,0.0058
S10-01,Day_1,n0,4
S10-01,Day_1,center,G
S10-01,Day_1,field_strength,7.0
S10-01,Day_1,substance,Placebo
S10-01,Day_1,BAT,285.0
S10-01,Day_1,duration,30.0
S10-01,Day_1,study,10
S10-01,Day_1,visit,1
S10-01,Day_1,ve,0.23
S10-01,Day_1,Fp,0.022019
S10-01,Day_1,E,0.899988876628256
S10-01,Day_1,Th,202.9411323319496
S10-01,Day_1,vol,1000
S10-01,Day_1,Ktrans,0.019816855074477568
S10-01,Day_1,khe,0.1981465101718515
S10-01,Day_1,Khe,0.8615065659645718
S10-01,Day_1,kbh,0.003794203723770081
S10-01,Day_1,Kbh,0.004927537303597508
S10-01,Day_1,Te,1.044668621440625
S10-01,Day_1,CL,198.1465101718515
