subject,study,parameter,value
S04-04,Day_2,FA,20.0
S04-04,Day_2,TR,0.0058
S04-04,Day_2,n0,4
S04-04,Day_2,center,G
S04-04,Day_2,field_strength,4.7
S04-04,Day_2,BAT,285.0
S04-04,Day_2,duration,30.0
S04-04,Day_2,study,4
S04-04,Day_2,visit,2
S04-04,Day_2,substance,Placebo
S04-04,Day_2,H,0.418
S04-04,Day_2,ve,0.23
S04-04,Day_2,khe,0.03154204267956615
S04-04,Day_2,Th,221.31570310106267
S04-04,Day_2,Kbh,0.00451843220335502
S04-04,Day_2,Khe,0.13713931599811371
S04-04,Day_2,kbh,0.0034791927965833656
S04-04,Day_2,E,0.5888989665169386
S04-04,Day_2,Ktrans,0.012966966343736475
