subject,study,parameter,value
S01-08,Day_4,FA,30.0
S01-08,Day_4,TR,0.036
S01-08,Day_4,n0,4
S01-08,Day_4,center,A
S01-08,Day_4,field_strength,7.0
S01-08,Day_4,BAT,285.0
S01-08,Day_4,duration,30.0
S01-08,Day_4,study,1
S01-08,Day_4,visit,4
S01-08,Day_4,substance,Rifampicin (high dose)
S01-08,Day_4,H,0.418
S01-08,Day_4,ve,0.23
S01-08,Day_4,khe,0.009289443709203786
S01-08,Day_4,Th,488.90052627346023
S01-08,Day_4,Kbh,0.002045405857142937
S01-08,Day_4,Khe,0.040388885692190374
S01-08,Day_4,kbh,0.0015749625100000616
S01-08,Day_4,E,0.2967072970948395
S01-08,Day_4,Ktrans,0.006533197974731271
