subject,study,parameter,value
S02-05,Day_1,FA,20.0
S02-05,Day_1,TR,0.0058
S02-05,Day_1,n0,4
S02-05,Day_1,center,D
S02-05,Day_1,field_strength,4.7
S02-05,Day_1,BAT,292.0
S02-05,Day_1,duration,22.0
S02-05,Day_1,study,2
S02-05,Day_1,visit,1
S02-05,Day_1,substance,Placebo
S02-05,Day_1,H,0.418
S02-05,Day_1,ve,0.23
S02-05,Day_1,khe,0.02966986910820633
S02-05,Day_1,Th,339.69962239969277
S02-05,Day_1,Kbh,0.002943777190377308
S02-05,Day_1,Khe,0.1289994309052449
S02-05,Day_1,kbh,0.0022667084365905273
S02-05,Day_1,E,0.5740088653534853
S02-05,Day_1,Ktrans,0.012639101206218391
