subject,study,parameter,value
S13-02,Day_1,FA,20.0
S13-02,Day_1,TR,0.0058
S13-02,Day_1,n0,4
S13-02,Day_1,center,G
S13-02,Day_1,field_strength,4.7
S13-02,Day_1,BAT,285.0
S13-02,Day_1,duration,30.0
S13-02,Day_1,study,13
S13-02,Day_1,visit,1
S13-02,Day_1,substance,Placebo
S13-02,Day_1,ve,0.23
S13-02,Day_1,Fp,0.022019
S13-02,Day_1,E,0.7931655227492405
S13-02,Day_1,Th,173.94918149315518
S13-02,Day_1,vol,1000
S13-02,Day_1,Ktrans,0.017464711645415527
S13-02,Day_1,khe,0.08443810663268612
S13-02,Day_1,Khe,0.3671222027508092
S13-02,Day_1,kbh,0.00442658018503122
S13-02,Day_1,Kbh,0.0057488054351054795
S13-02,Day_1,Te,2.160494562317757
S13-02,Day_1,CL,84.43810663268613
