subject,study,parameter,value
S13-02,Day_1,FA,20.0
S13-02,Day_1,TR,0.0058
S13-02,Day_1,n0,4
S13-02,Day_1,center,G
S13-02,Day_1,field_strength,4.7
S13-02,Day_1,BAT,285.0
S13-02,Day_1,duration,30.0
S13-02,Day_1,study,13
S13-02,Day_1,visit,1
S13-02,Day_1,substance,Placebo
S13-02,Day_1,H,0.418
S13-02,Day_1,ve,0.23
S13-02,Day_1,khe,0.02713207023729822
S13-02,Day_1,Th,185.36357568398918
S13-02,Day_1,Kbh,0.005394803139236028
S13-02,Day_1,Khe,0.11796552277086182
S13-02,Day_1,kbh,0.004153998417211742
S13-02,Day_1,E,0.5520138240389543
S13-02,Day_1,Ktrans,0.012154792391513732
