subject,study,parameter,value
S02-11,Day_2,FA,20.0
S02-11,Day_2,TR,0.0058
S02-11,Day_2,n0,4
S02-11,Day_2,center,D
S02-11,Day_2,field_strength,4.7
S02-11,Day_2,BAT,292.0
S02-11,Day_2,duration,22.0
S02-11,Day_2,study,2
S02-11,Day_2,visit,2
S02-11,Day_2,substance,Cyclosporine (clinical dose)
S02-11,Day_2,H,0.418
S02-11,Day_2,ve,0.23
S02-11,Day_2,khe,0.0019465525590369663
S02-11,Day_2,Th,994.0004981799046
S02-11,Day_2,Kbh,0.001006035713091775
S02-11,Day_2,Khe,0.008463271995812897
S02-11,Day_2,kbh,0.0007746474990806668
S02-11,Day_2,E,0.08122293672310749
S02-11,Day_2,Ktrans,0.001788447843706104
