subject,study,parameter,value
S12-01,Day_1,FA,20.0
S12-01,Day_1,TR,0.0058
S12-01,Day_1,n0,4
S12-01,Day_1,center,G
S12-01,Day_1,field_strength,4.7
S12-01,Day_1,substance,Rifampicin
S12-01,Day_1,BAT,285.0
S12-01,Day_1,duration,30.0
S12-01,Day_1,study,12
S12-01,Day_1,visit,1
S12-01,Day_1,H,0.418
S12-01,Day_1,ve,0.23
S12-01,Day_1,khe,0.030000115221294064
S12-01,Day_1,Th,326.13962140159293
S12-01,Day_1,Kbh,0.0030661714627081365
S12-01,Day_1,Khe,0.13043528357084375
S12-01,Day_1,kbh,0.002360952026285265
S12-01,Day_1,E,0.5767132926746416
S12-01,Day_1,Ktrans,0.012698649991402931
