subject,study,parameter,value
S07-04,Day_1,FA,20.0
S07-04,Day_1,TR,0.0058
S07-04,Day_1,n0,4
S07-04,Day_1,center,D
S07-04,Day_1,field_strength,4.7
S07-04,Day_1,substance,Ketoconazole
S07-04,Day_1,BAT,292.0
S07-04,Day_1,duration,22.0
S07-04,Day_1,study,7
S07-04,Day_1,visit,1
S07-04,Day_1,H,0.418
S07-04,Day_1,ve,0.23
S07-04,Day_1,khe,0.013126954559895465
S07-04,Day_1,Th,298.41637029715065
S07-04,Day_1,Kbh,0.003351022596395236
S07-04,Day_1,Khe,0.05707371547780637
S07-04,Day_1,kbh,0.002580287399224332
S07-04,Day_1,E,0.3734983079638543
S07-04,Day_1,Ktrans,0.008224059243056107
