subject,study,parameter,value
S07-06,Day_2,FA,20.0
S07-06,Day_2,TR,0.0058
S07-06,Day_2,n0,4
S07-06,Day_2,center,D
S07-06,Day_2,field_strength,4.7
S07-06,Day_2,substance,Ketoconazole
S07-06,Day_2,BAT,292.0
S07-06,Day_2,duration,22.0
S07-06,Day_2,study,7
S07-06,Day_2,visit,2
S07-06,Day_2,H,0.418
S07-06,Day_2,ve,0.23
S07-06,Day_2,khe,0.017098989218831788
S07-06,Day_2,Th,275.3022776143946
S07-06,Day_2,Kbh,0.0036323709657086886
S07-06,Day_2,Khe,0.07434343138622516
S07-06,Day_2,kbh,0.00279692564359569
S07-06,Day_2,E,0.4371131942180751
S07-06,Day_2,Ktrans,0.009624795423487797
