subject,study,parameter,value
S07-06,Day_2,FA,20.0
S07-06,Day_2,TR,0.0058
S07-06,Day_2,n0,4
S07-06,Day_2,center,D
S07-06,Day_2,field_strength,4.7
S07-06,Day_2,substance,Ketoconazole
S07-06,Day_2,BAT,292.0
S07-06,Day_2,duration,22.0
S07-06,Day_2,study,7
S07-06,Day_2,visit,2
S07-06,Day_2,ve,0.23
S07-06,Day_2,Fp,0.022019
S07-06,Day_2,E,0.49080403502285275
S07-06,Day_2,Th,258.0502080543681
S07-06,Day_2,vol,1000
S07-06,Day_2,Ktrans,0.010807014047168195
S07-06,Day_2,khe,0.02122368359233407
S07-06,Day_2,Khe,0.09227688518406117
S07-06,Day_2,kbh,0.0029839154395789914
S07-06,Day_2,Kbh,0.0038752148565960928
S07-06,Day_2,Te,5.318818835766559
S07-06,Day_2,CL,21.22368359233407
