subject,study,parameter,value
S02-10,Day_1,FA,20.0
S02-10,Day_1,TR,0.0058
S02-10,Day_1,n0,4
S02-10,Day_1,center,D
S02-10,Day_1,field_strength,4.7
S02-10,Day_1,BAT,292.0
S02-10,Day_1,duration,22.0
S02-10,Day_1,study,2
S02-10,Day_1,visit,1
S02-10,Day_1,substance,Placebo
S02-10,Day_1,H,0.418
S02-10,Day_1,ve,0.23
S02-10,Day_1,khe,0.03311193849371309
S02-10,Day_1,Th,235.6200239475995
S02-10,Day_1,Kbh,0.0042441214598229315
S02-10,Day_1,Khe,0.14396494997266562
S02-10,Day_1,kbh,0.003267973524063657
S02-10,Day_1,E,0.6006053841707963
S02-10,Day_1,Ktrans,0.01322472995405676
