subject,study,parameter,value
S14-12,Day_1,FA,30.0
S14-12,Day_1,TR,0.036
S14-12,Day_1,n0,4
S14-12,Day_1,center,A
S14-12,Day_1,field_strength,7.0
S14-12,Day_1,BAT,285.0
S14-12,Day_1,duration,30.0
S14-12,Day_1,study,14
S14-12,Day_1,visit,1
S14-12,Day_1,study arm,Placebo
S14-12,Day_1,substance,Placebo
S14-12,Day_1,ve,0.23
S14-12,Day_1,Fp,0.022019
S14-12,Day_1,E,0.40290359488511507
S14-12,Day_1,Th,399.8298185387228
S14-12,Day_1,vol,1000
S14-12,Day_1,Ktrans,0.00887153425577535
S14-12,Day_1,khe,0.01485779210824157
S14-12,Day_1,Khe,0.06459909612278943
S14-12,Day_1,kbh,0.0019258193468765184
S14-12,Day_1,Kbh,0.0025010640868526213
S14-12,Day_1,Te,6.236985020955698
S14-12,Day_1,CL,14.85779210824157
