subject,study,parameter,value
S14-12,Day_1,FA,30.0
S14-12,Day_1,TR,0.036
S14-12,Day_1,n0,4
S14-12,Day_1,center,A
S14-12,Day_1,field_strength,7.0
S14-12,Day_1,BAT,285.0
S14-12,Day_1,duration,30.0
S14-12,Day_1,study,14
S14-12,Day_1,visit,1
S14-12,Day_1,substance,Placebo
S14-12,Day_1,H,0.418
S14-12,Day_1,ve,0.23
S14-12,Day_1,khe,0.014420777097981155
S14-12,Day_1,Th,418.686542559849
S14-12,Day_1,Kbh,0.0023884216432799614
S14-12,Day_1,Khe,0.06269903086078762
S14-12,Day_1,kbh,0.0018390846653255702
S14-12,Day_1,E,0.3957427362743143
S14-12,Day_1,Ktrans,0.008713859310024129
