subject,study,parameter,value
S08-04,Day_1,FA,20.0
S08-04,Day_1,TR,0.0058
S08-04,Day_1,n0,4
S08-04,Day_1,center,G
S08-04,Day_1,field_strength,4.7
S08-04,Day_1,substance,Cyclosporine
S08-04,Day_1,BAT,285.0
S08-04,Day_1,duration,30.0
S08-04,Day_1,study,8
S08-04,Day_1,visit,1
S08-04,Day_1,H,0.418
S08-04,Day_1,ve,0.23
S08-04,Day_1,khe,0.018831861006616712
S08-04,Day_1,Th,435.38782163169355
S08-04,Day_1,Kbh,0.002296802873935062
S08-04,Day_1,Khe,0.08187765655050744
S08-04,Day_1,kbh,0.001768538212929998
S08-04,Day_1,E,0.46099055301591985
S08-04,Day_1,Ktrans,0.010150550986857538
