subject,study,parameter,value
S06-03,Day_2,FA,20.0
S06-03,Day_2,TR,0.0058
S06-03,Day_2,n0,4
S06-03,Day_2,center,E
S06-03,Day_2,field_strength,7.0
S06-03,Day_2,substance,Pioglitazone
S06-03,Day_2,BAT,285.0
S06-03,Day_2,duration,30.0
S06-03,Day_2,study,6
S06-03,Day_2,visit,2
S06-03,Day_2,H,0.418
S06-03,Day_2,ve,0.23
S06-03,Day_2,khe,0.02503502078310579
S06-03,Day_2,Th,219.71732610461638
S06-03,Day_2,Kbh,0.004551302429030377
S06-03,Day_2,Khe,0.10884791644828604
S06-03,Day_2,kbh,0.0035045028703533905
S06-03,Day_2,E,0.532048491636964
S06-03,Day_2,Ktrans,0.011715175737354309
