subject,study,parameter,value
S04-02,Day_2,FA,20.0
S04-02,Day_2,TR,0.0058
S04-02,Day_2,n0,4
S04-02,Day_2,center,G
S04-02,Day_2,field_strength,4.7
S04-02,Day_2,BAT,285.0
S04-02,Day_2,duration,30.0
S04-02,Day_2,study,4
S04-02,Day_2,visit,2
S04-02,Day_2,substance,Placebo
S04-02,Day_2,H,0.418
S04-02,Day_2,ve,0.23
S04-02,Day_2,khe,0.02617949643486379
S04-02,Day_2,Th,213.59485710439574
S04-02,Day_2,Kbh,0.004681760663887352
S04-02,Day_2,Khe,0.11382389754288605
S04-02,Day_2,kbh,0.0036049557111932614
S04-02,Day_2,E,0.5431600230568017
S04-02,Day_2,Ktrans,0.011959840547687717
