subject,study,parameter,value
S04-02,Day_2,FA,20.0
S04-02,Day_2,TR,0.0058
S04-02,Day_2,n0,4
S04-02,Day_2,center,G
S04-02,Day_2,field_strength,4.7
S04-02,Day_2,BAT,285.0
S04-02,Day_2,duration,30.0
S04-02,Day_2,study,4
S04-02,Day_2,visit,2
S04-02,Day_2,substance,Placebo
S04-02,Day_2,ve,0.23
S04-02,Day_2,Fp,0.022019
S04-02,Day_2,E,0.7554950382393611
S04-02,Day_2,Th,201.84509696993385
S04-02,Day_2,vol,1000
S04-02,Day_2,Ktrans,0.016635245246992492
S04-02,Day_2,khe,0.06803643217382954
S04-02,Day_2,Khe,0.2958105746688241
S04-02,Day_2,kbh,0.003814806559877432
S04-02,Day_2,Kbh,0.004954294233607054
S04-02,Day_2,Te,2.5539825244083265
S04-02,Day_2,CL,68.03643217382954
