subject,study,parameter,value
S07-05,Day_2,FA,20.0
S07-05,Day_2,TR,0.0058
S07-05,Day_2,n0,4
S07-05,Day_2,center,D
S07-05,Day_2,field_strength,4.7
S07-05,Day_2,substance,Ketoconazole
S07-05,Day_2,BAT,292.0
S07-05,Day_2,duration,22.0
S07-05,Day_2,study,7
S07-05,Day_2,visit,2
S07-05,Day_2,ve,0.23
S07-05,Day_2,Fp,0.022019
S07-05,Day_2,E,0.15322349431237547
S07-05,Day_2,Th,375.80899424183923
S07-05,Day_2,vol,1000
S07-05,Day_2,Ktrans,0.0033738281212641955
S07-05,Day_2,khe,0.00398431947344179
S07-05,Day_2,Khe,0.017323128145399085
S07-05,Day_2,kbh,0.0020489131761026783
S07-05,Day_2,Kbh,0.002660926202730751
S07-05,Day_2,Te,8.845024583684712
S07-05,Day_2,CL,3.9843194734417904
