subject,study,parameter,value
S07-05,Day_2,FA,20.0
S07-05,Day_2,TR,0.0058
S07-05,Day_2,n0,4
S07-05,Day_2,center,D
S07-05,Day_2,field_strength,4.7
S07-05,Day_2,substance,Ketoconazole
S07-05,Day_2,BAT,292.0
S07-05,Day_2,duration,22.0
S07-05,Day_2,study,7
S07-05,Day_2,visit,2
S07-05,Day_2,H,0.418
S07-05,Day_2,ve,0.23
S07-05,Day_2,khe,0.00551913419554432
S07-05,Day_2,Th,393.8332094149069
S07-05,Day_2,Kbh,0.0025391459533989956
S07-05,Day_2,Khe,0.02399623563280139
S07-05,Day_2,kbh,0.0019551423841172267
S07-05,Day_2,E,0.2004178698656105
S07-05,Day_2,Ktrans,0.004413001076570877
