subject,study,parameter,value
S13-02,Day_1,FA,20.0
S13-02,Day_1,TR,0.0058
S13-02,Day_1,n0,4
S13-02,Day_1,center,G
S13-02,Day_1,field_strength,4.7
S13-02,Day_1,BAT,285.0
S13-02,Day_1,duration,30.0
S13-02,Day_1,study,13
S13-02,Day_1,visit,1
S13-02,Day_1,substance,Placebo
S13-02,Day_1,H,0.418
S13-02,Day_1,ve,0.23
S13-02,Day_1,khe,0.02655390693244006
S13-02,Day_1,Th,187.5813173474681
S13-02,Day_1,Kbh,0.00533102130926845
S13-02,Day_1,Khe,0.11545176927147852
S13-02,Day_1,kbh,0.004104886408136707
S13-02,Day_1,E,0.5466814446451357
S13-02,Day_1,Ktrans,0.012037378729641245
