subject,study,parameter,value
S01-07,Day_3,FA,30.0
S01-07,Day_3,TR,0.036
S01-07,Day_3,n0,4
S01-07,Day_3,center,A
S01-07,Day_3,field_strength,7.0
S01-07,Day_3,BAT,285.0
S01-07,Day_3,duration,30.0
S01-07,Day_3,study,1
S01-07,Day_3,visit,3
S01-07,Day_3,substance,Rifampicin (clinical dose)
S01-07,Day_3,H,0.418
S01-07,Day_3,ve,0.23
S01-07,Day_3,khe,0.00729956079496845
S01-07,Day_3,Th,346.76581982922914
S01-07,Day_3,Kbh,0.0028837905664764406
S01-07,Day_3,Khe,0.03173722084768891
S01-07,Day_3,kbh,0.002220518736186859
S01-07,Day_3,E,0.2489740491020683
S01-07,Day_3,Ktrans,0.005482159587178442
