subject,study,parameter,value
S01-09,Day_3,FA,30.0
S01-09,Day_3,TR,0.036
S01-09,Day_3,n0,4
S01-09,Day_3,center,A
S01-09,Day_3,field_strength,7.0
S01-09,Day_3,BAT,285.0
S01-09,Day_3,duration,30.0
S01-09,Day_3,study,1
S01-09,Day_3,visit,3
S01-09,Day_3,substance,Placebo
S01-09,Day_3,H,0.418
S01-09,Day_3,ve,0.23
S01-09,Day_3,khe,0.011018202237898216
S01-09,Day_3,Th,349.011046272245
S01-09,Day_3,Kbh,0.0028652388246186143
S01-09,Day_3,Khe,0.04790522712129659
S01-09,Day_3,kbh,0.002206233894956333
S01-09,Day_3,E,0.33350893815272353
S01-09,Day_3,Ktrans,0.00734353330918482
