subject,study,parameter,value
S07-03,Day_1,FA,20.0
S07-03,Day_1,TR,0.0058
S07-03,Day_1,n0,4
S07-03,Day_1,center,D
S07-03,Day_1,field_strength,4.7
S07-03,Day_1,substance,Ketoconazole
S07-03,Day_1,BAT,292.0
S07-03,Day_1,duration,22.0
S07-03,Day_1,study,7
S07-03,Day_1,visit,1
S07-03,Day_1,H,0.418
S07-03,Day_1,ve,0.23
S07-03,Day_1,khe,0.02056414130263989
S07-03,Day_1,Th,282.3546348597282
S07-03,Day_1,Kbh,0.0035416454222428223
S07-03,Day_1,Khe,0.08940931001147778
S07-03,Day_1,kbh,0.0027270669751269733
S07-03,Day_1,E,0.48291743336852044
S07-03,Day_1,Ktrans,0.010633358965341452
