subject,study,parameter,value
S01-01,Day_2,FA,20.0
S01-01,Day_2,TR,0.0058
S01-01,Day_2,n0,4
S01-01,Day_2,center,D
S01-01,Day_2,field_strength,4.7
S01-01,Day_2,BAT,292.0
S01-01,Day_2,duration,22.0
S01-01,Day_2,study,1
S01-01,Day_2,visit,2
S01-01,Day_2,substance,Placebo
S01-01,Day_2,H,0.418
S01-01,Day_2,ve,0.23
S01-01,Day_2,khe,0.02145025764106414
S01-01,Day_2,Th,239.891180490105
S01-01,Day_2,Kbh,0.004168556751261007
S01-01,Day_2,Khe,0.09326198974375713
S01-01,Day_2,kbh,0.0032097886984709754
S01-01,Day_2,E,0.4934581082148664
S01-01,Day_2,Ktrans,0.010865454084783148
