subject,study,parameter,value
S01-01,Day_2,FA,20.0
S01-01,Day_2,TR,0.0058
S01-01,Day_2,n0,4
S01-01,Day_2,center,D
S01-01,Day_2,field_strength,4.7
S01-01,Day_2,BAT,292.0
S01-01,Day_2,duration,22.0
S01-01,Day_2,study,1
S01-01,Day_2,visit,2
S01-01,Day_2,substance,Placebo
S01-01,Day_2,ve,0.23
S01-01,Day_2,Fp,0.022019
S01-01,Day_2,E,0.6231370611310526
S01-01,Day_2,Th,223.37254836815632
S01-01,Day_2,vol,1000
S01-01,Day_2,Ktrans,0.013720854949044648
S01-01,Day_2,khe,0.03640807713866505
S01-01,Day_2,Khe,0.15829598755941324
S01-01,Day_2,kbh,0.0034471559089298107
S01-01,Day_2,Kbh,0.004476825855753001
S01-01,Day_2,Te,3.936530993226664
S01-01,Day_2,CL,36.40807713866505
