subject,study,parameter,value
S14-03,Day_3,FA,30.0
S14-03,Day_3,TR,0.036
S14-03,Day_3,n0,4
S14-03,Day_3,center,A
S14-03,Day_3,field_strength,7.0
S14-03,Day_3,BAT,285.0
S14-03,Day_3,duration,30.0
S14-03,Day_3,study,14
S14-03,Day_3,visit,3
S14-03,Day_3,study arm,Placebo
S14-03,Day_3,substance,Placebo
S14-03,Day_3,ve,0.23
S14-03,Day_3,Fp,0.022019
S14-03,Day_3,E,0.35583419005987565
S14-03,Day_3,Th,378.74695580840176
S14-03,Day_3,vol,1000
S14-03,Day_3,Ktrans,0.007835113030928402
S14-03,Day_3,khe,0.012163192938874978
S14-03,Day_3,Khe,0.05288344756032599
S14-03,Day_3,kbh,0.0020330196406635227
S14-03,Day_3,Kbh,0.002640285247614964
S14-03,Day_3,Te,6.728649633781217
S14-03,Day_3,CL,12.163192938874978
