subject,study,parameter,value
S14-03,Day_3,FA,30.0
S14-03,Day_3,TR,0.036
S14-03,Day_3,n0,4
S14-03,Day_3,center,A
S14-03,Day_3,field_strength,7.0
S14-03,Day_3,BAT,285.0
S14-03,Day_3,duration,30.0
S14-03,Day_3,study,14
S14-03,Day_3,visit,3
S14-03,Day_3,substance,Placebo
S14-03,Day_3,H,0.418
S14-03,Day_3,ve,0.23
S14-03,Day_3,khe,0.012718028395867127
S14-03,Day_3,Th,396.82988914533036
S14-03,Day_3,Kbh,0.0025199714722944464
S14-03,Day_3,Khe,0.055295775634204895
S14-03,Day_3,kbh,0.0019403780336667237
S14-03,Day_3,E,0.3661230963953228
S14-03,Day_3,Ktrans,0.008061664459528614
