subject,study,parameter,value
S03-01,Day_2,FA,20.0
S03-01,Day_2,TR,0.0058
S03-01,Day_2,n0,4
S03-01,Day_2,center,G
S03-01,Day_2,field_strength,7.0
S03-01,Day_2,BAT,285.0
S03-01,Day_2,duration,30.0
S03-01,Day_2,study,3
S03-01,Day_2,visit,2
S03-01,Day_2,substance,Bosentan (clinical dose)
S03-01,Day_2,H,0.418
S03-01,Day_2,ve,0.23
S03-01,Day_2,khe,0.020541944656917045
S03-01,Day_2,Th,247.0533822532375
S03-01,Day_2,Kbh,0.00404770819520685
S03-01,Day_2,Khe,0.08931280285616106
S03-01,Day_2,kbh,0.0031167353103092746
S03-01,Day_2,E,0.48264776128690906
S03-01,Day_2,Ktrans,0.01062742105577645
