subject,study,parameter,value
S15-12,Day_1,FA,20.0
S15-12,Day_1,TR,0.0058
S15-12,Day_1,n0,4
S15-12,Day_1,center,D
S15-12,Day_1,field_strength,4.7
S15-12,Day_1,BAT,292.0
S15-12,Day_1,duration,22.0
S15-12,Day_1,study,15
S15-12,Day_1,visit,1
S15-12,Day_1,substance,Cyclosporine (clinical dose)
S15-12,Day_1,H,0.418
S15-12,Day_1,ve,0.23
S15-12,Day_1,khe,0.033713527986232374
S15-12,Day_1,Th,325.07820868281
S15-12,Day_1,Kbh,0.003076182817826877
S15-12,Day_1,Khe,0.14658055646187987
S15-12,Day_1,kbh,0.0023686607697266954
S15-12,Day_1,E,0.6049165398447498
S15-12,Day_1,Ktrans,0.013319657290841551
