subject,study,parameter,value
S15-12,Day_1,FA,20.0
S15-12,Day_1,TR,0.0058
S15-12,Day_1,n0,4
S15-12,Day_1,center,D
S15-12,Day_1,field_strength,4.7
S15-12,Day_1,BAT,292.0
S15-12,Day_1,duration,22.0
S15-12,Day_1,study,15
S15-12,Day_1,visit,1
S15-12,Day_1,study arm,Cyclosporine (clinical dose)
S15-12,Day_1,substance,Placebo
S15-12,Day_1,ve,0.23
S15-12,Day_1,Fp,0.022019
S15-12,Day_1,E,0.8999994963994759
S15-12,Day_1,Th,327.49324571228595
S15-12,Day_1,vol,1000
S15-12,Day_1,Ktrans,0.019817088911220058
S15-12,Day_1,khe,0.19816989112759015
S15-12,Day_1,Khe,0.8616082222938701
S15-12,Day_1,kbh,0.0023511935286643177
S15-12,Day_1,Kbh,0.003053498089174438
S15-12,Day_1,Te,1.0445576923620763
S15-12,Day_1,CL,198.16989112759015
