subject,study,parameter,value
S03-01,Day_1,FA,20.0
S03-01,Day_1,TR,0.0058
S03-01,Day_1,n0,4
S03-01,Day_1,center,G
S03-01,Day_1,field_strength,7.0
S03-01,Day_1,BAT,285.0
S03-01,Day_1,duration,30.0
S03-01,Day_1,study,3
S03-01,Day_1,visit,1
S03-01,Day_1,substance,Placebo
S03-01,Day_1,ve,0.23
S03-01,Day_1,Fp,0.022019
S03-01,Day_1,E,0.6868009600211097
S03-01,Day_1,Th,294.57112131673716
S03-01,Day_1,vol,1000
S03-01,Day_1,Ktrans,0.015122670338704814
S03-01,Day_1,khe,0.0482845360564454
S03-01,Day_1,Khe,0.20993276546280606
S03-01,Day_1,kbh,0.002613969748827003
S03-01,Day_1,Kbh,0.003394765907567536
S03-01,Day_1,Te,3.271528189070565
S03-01,Day_1,CL,48.2845360564454
