subject,study,parameter,value
S03-01,Day_1,FA,20.0
S03-01,Day_1,TR,0.0058
S03-01,Day_1,n0,4
S03-01,Day_1,center,G
S03-01,Day_1,field_strength,7.0
S03-01,Day_1,BAT,285.0
S03-01,Day_1,duration,30.0
S03-01,Day_1,study,3
S03-01,Day_1,visit,1
S03-01,Day_1,substance,Placebo
S03-01,Day_1,H,0.418
S03-01,Day_1,ve,0.23
S03-01,Day_1,khe,0.02394122207386066
S03-01,Day_1,Th,312.8952965459522
S03-01,Day_1,Kbh,0.003195957277207389
S03-01,Day_1,Khe,0.10409226988635069
S03-01,Day_1,kbh,0.00246088710344969
S03-01,Day_1,E,0.5209118014135303
S03-01,Day_1,Ktrans,0.011469956955324526
