subject,study,parameter,value
S15-05,Day_2,FA,20.0
S15-05,Day_2,TR,0.0058
S15-05,Day_2,n0,4
S15-05,Day_2,center,D
S15-05,Day_2,field_strength,4.7
S15-05,Day_2,BAT,292.0
S15-05,Day_2,duration,22.0
S15-05,Day_2,study,15
S15-05,Day_2,visit,2
S15-05,Day_2,study arm,Placebo
S15-05,Day_2,substance,Placebo
S15-05,Day_2,ve,0.23
S15-05,Day_2,Fp,0.022019
S15-05,Day_2,E,0.7459502625041716
S15-05,Day_2,Th,323.89309472166536
S15-05,Day_2,vol,1000
S15-05,Day_2,Ktrans,0.016425078830079355
S15-05,Day_2,khe,0.06465300453360659
S15-05,Day_2,Khe,0.28110001971133297
S15-05,Day_2,kbh,0.0023773276199719313
S15-05,Day_2,Kbh,0.0030874384674960146
S15-05,Day_2,Te,2.6536827114782926
S15-05,Day_2,CL,64.65300453360659
