subject,study,parameter,value
S15-05,Day_2,FA,20.0
S15-05,Day_2,TR,0.0058
S15-05,Day_2,n0,4
S15-05,Day_2,center,D
S15-05,Day_2,field_strength,4.7
S15-05,Day_2,BAT,292.0
S15-05,Day_2,duration,22.0
S15-05,Day_2,study,15
S15-05,Day_2,visit,2
S15-05,Day_2,substance,Placebo
S15-05,Day_2,H,0.418
S15-05,Day_2,ve,0.23
S15-05,Day_2,khe,0.026441745004485907
S15-05,Day_2,Th,340.30409330076674
S15-05,Day_2,Kbh,0.0029385482563566534
S15-05,Day_2,Khe,0.11496410871515611
S15-05,Day_2,kbh,0.002262682157394623
S15-05,Day_2,E,0.5456322432112476
S15-05,Day_2,Ktrans,0.012014276363268461
