subject,study,parameter,value
S07-04,Day_2,FA,20.0
S07-04,Day_2,TR,0.0058
S07-04,Day_2,n0,4
S07-04,Day_2,center,D
S07-04,Day_2,field_strength,4.7
S07-04,Day_2,substance,Ketoconazole
S07-04,Day_2,BAT,292.0
S07-04,Day_2,duration,22.0
S07-04,Day_2,study,7
S07-04,Day_2,visit,2
S07-04,Day_2,ve,0.23
S07-04,Day_2,Fp,0.022019
S07-04,Day_2,E,0.16398385831147536
S07-04,Day_2,Th,326.2067446141562
S07-04,Day_2,vol,1000
S07-04,Day_2,Ktrans,0.003610760576160376
S07-04,Day_2,khe,0.004319008205831558
S07-04,Day_2,Khe,0.018778296547093728
S07-04,Day_2,kbh,0.002360466215714734
S07-04,Day_2,Kbh,0.003065540539889265
S07-04,Day_2,Te,8.732626939841078
S07-04,Day_2,CL,4.319008205831557
