subject,study,parameter,value
S07-04,Day_2,FA,20.0
S07-04,Day_2,TR,0.0058
S07-04,Day_2,n0,4
S07-04,Day_2,center,D
S07-04,Day_2,field_strength,4.7
S07-04,Day_2,substance,Ketoconazole
S07-04,Day_2,BAT,292.0
S07-04,Day_2,duration,22.0
S07-04,Day_2,study,7
S07-04,Day_2,visit,2
S07-04,Day_2,H,0.418
S07-04,Day_2,ve,0.23
S07-04,Day_2,khe,0.005813745243324824
S07-04,Day_2,Th,346.2743161781697
S07-04,Day_2,Kbh,0.002887883834518834
S07-04,Day_2,Khe,0.02527715323184706
S07-04,Day_2,kbh,0.0022236705525795026
S07-04,Day_2,E,0.2088814880637455
S07-04,Day_2,Ktrans,0.004599361485675612
