subject,study,parameter,value
S04-02,Day_1,FA,20.0
S04-02,Day_1,TR,0.0058
S04-02,Day_1,n0,4
S04-02,Day_1,center,G
S04-02,Day_1,field_strength,4.7
S04-02,Day_1,BAT,285.0
S04-02,Day_1,duration,30.0
S04-02,Day_1,study,4
S04-02,Day_1,visit,1
S04-02,Day_1,substance,Placebo
S04-02,Day_1,H,0.418
S04-02,Day_1,ve,0.23
S04-02,Day_1,khe,0.018752108766532886
S04-02,Day_1,Th,270.7655078793468
S04-02,Day_1,Kbh,0.003693232597578863
S04-02,Day_1,Khe,0.08153090768057776
S04-02,Day_1,kbh,0.0028437891001357246
S04-02,Day_1,E,0.45993619829945914
S04-02,Day_1,Ktrans,0.01012733515035579
