subject,study,parameter,value
S04-02,Day_1,FA,20.0
S04-02,Day_1,TR,0.0058
S04-02,Day_1,n0,4
S04-02,Day_1,center,G
S04-02,Day_1,field_strength,4.7
S04-02,Day_1,BAT,285.0
S04-02,Day_1,duration,30.0
S04-02,Day_1,study,4
S04-02,Day_1,visit,1
S04-02,Day_1,substance,Placebo
S04-02,Day_1,ve,0.23
S04-02,Day_1,Fp,0.022019
S04-02,Day_1,E,0.5373214127262428
S04-02,Day_1,Th,254.39671816336042
S04-02,Day_1,vol,1000
S04-02,Day_1,Ktrans,0.01183128018681914
S04-02,Day_1,khe,0.025571272395665933
S04-02,Day_1,Khe,0.11117944519854753
S04-02,Day_1,kbh,0.0030267686059752778
S04-02,Day_1,Kbh,0.003930868319448413
S04-02,Day_1,Te,4.8329204356675675
S04-02,Day_1,CL,25.571272395665932
