subject,study,parameter,value
S15-02,Day_3,FA,20.0
S15-02,Day_3,TR,0.0058
S15-02,Day_3,n0,4
S15-02,Day_3,center,D
S15-02,Day_3,field_strength,4.7
S15-02,Day_3,BAT,292.0
S15-02,Day_3,duration,22.0
S15-02,Day_3,study,15
S15-02,Day_3,visit,3
S15-02,Day_3,substance,Cyclosporine (clinical dose)
S15-02,Day_3,H,0.418
S15-02,Day_3,ve,0.23
S15-02,Day_3,khe,0.0026028227934732574
S15-02,Day_3,Th,1114.8457628502113
S15-02,Day_3,Kbh,0.0008969850658474973
S15-02,Day_3,Khe,0.011316620841188075
S15-02,Day_3,kbh,0.0006906785007025728
S15-02,Day_3,E,0.10571202690010476
S15-02,Day_3,Ktrans,0.0023276731203134065
