subject,study,parameter,value
S15-02,Day_3,FA,20.0
S15-02,Day_3,TR,0.0058
S15-02,Day_3,n0,4
S15-02,Day_3,center,D
S15-02,Day_3,field_strength,4.7
S15-02,Day_3,BAT,292.0
S15-02,Day_3,duration,22.0
S15-02,Day_3,study,15
S15-02,Day_3,visit,3
S15-02,Day_3,study arm,Cyclosporine (clinical dose)
S15-02,Day_3,substance,Cyclosporine (clinical dose)
S15-02,Day_3,ve,0.23
S15-02,Day_3,Fp,0.022019
S15-02,Day_3,E,0.07150884055930387
S15-02,Day_3,Th,1042.5215722989585
S15-02,Day_3,vol,1000
S15-02,Day_3,Ktrans,0.001574553160275312
S15-02,Day_3,khe,0.0016958192269959686
S15-02,Day_3,Khe,0.007373127073895515
S15-02,Day_3,kbh,0.0007385938290965082
S15-02,Day_3,Kbh,0.0009592127650604003
S15-02,Day_3,Te,9.69857698675508
S15-02,Day_3,CL,1.6958192269959687
