subject,study,parameter,value
S14-11,Day_3,FA,30.0
S14-11,Day_3,TR,0.036
S14-11,Day_3,n0,4
S14-11,Day_3,center,A
S14-11,Day_3,field_strength,7.0
S14-11,Day_3,BAT,285.0
S14-11,Day_3,duration,30.0
S14-11,Day_3,study,14
S14-11,Day_3,visit,3
S14-11,Day_3,study arm,Rifampicin (high dose)
S14-11,Day_3,substance,Rifampicin (high dose)
S14-11,Day_3,ve,0.23
S14-11,Day_3,Fp,0.022019
S14-11,Day_3,E,0.05867336914236636
S14-11,Day_3,Th,922.5658931084326
S14-11,Day_3,vol,1000
S14-11,Day_3,Ktrans,0.0012919289151457649
S14-11,Day_3,khe,0.0013724555035362176
S14-11,Day_3,Khe,0.005967197841461816
S14-11,Day_3,kbh,0.0008346287303182354
S14-11,Day_3,Kbh,0.0010839334159977083
S14-11,Day_3,Te,9.832650215598154
S14-11,Day_3,CL,1.3724555035362176
