subject,study,parameter,value
S14-11,Day_3,FA,30.0
S14-11,Day_3,TR,0.036
S14-11,Day_3,n0,4
S14-11,Day_3,center,A
S14-11,Day_3,field_strength,7.0
S14-11,Day_3,BAT,285.0
S14-11,Day_3,duration,30.0
S14-11,Day_3,study,14
S14-11,Day_3,visit,3
S14-11,Day_3,substance,Rifampicin (high dose)
S14-11,Day_3,H,0.418
S14-11,Day_3,ve,0.23
S14-11,Day_3,khe,0.002127637971315129
S14-11,Day_3,Th,984.1467064640557
S14-11,Day_3,Kbh,0.0010161086689939793
S14-11,Day_3,Khe,0.009250599875283169
S14-11,Day_3,kbh,0.000782403675125364
S14-11,Day_3,E,0.08811321782529911
S14-11,Day_3,Ktrans,0.0019401649432952614
