subject,study,parameter,value
S04-01,Day_2,FA,20.0
S04-01,Day_2,TR,0.0058
S04-01,Day_2,n0,4
S04-01,Day_2,center,G
S04-01,Day_2,field_strength,4.7
S04-01,Day_2,BAT,285.0
S04-01,Day_2,duration,30.0
S04-01,Day_2,study,4
S04-01,Day_2,visit,2
S04-01,Day_2,substance,Placebo
S04-01,Day_2,H,0.418
S04-01,Day_2,ve,0.23
S04-01,Day_2,khe,0.025041034061010523
S04-01,Day_2,Th,395.8119227634972
S04-01,Day_2,Kbh,0.002526452444934341
S04-01,Day_2,Khe,0.10887406113482835
S04-01,Day_2,kbh,0.0019453683825994426
S04-01,Day_2,E,0.5321082859512238
S04-01,Day_2,Ktrans,0.011716492348359999
