subject,study,parameter,value
S08-04,Day_1,FA,20.0
S08-04,Day_1,TR,0.0058
S08-04,Day_1,n0,4
S08-04,Day_1,center,G
S08-04,Day_1,field_strength,4.7
S08-04,Day_1,substance,Placebo
S08-04,Day_1,BAT,285.0
S08-04,Day_1,duration,30.0
S08-04,Day_1,study,8
S08-04,Day_1,visit,1
S08-04,Day_1,H,0.418
S08-04,Day_1,ve,0.23
S08-04,Day_1,khe,0.019139873607223672
S08-04,Day_1,Th,430.1191796332239
S08-04,Day_1,Kbh,0.002324937011301685
S08-04,Day_1,Khe,0.0832168417705377
S08-04,Day_1,kbh,0.0017902014987022973
S08-04,Day_1,E,0.4650242324382874
S08-04,Day_1,Ktrans,0.01023936857405865
