subject,study,parameter,value
S08-04,Day_1,FA,20.0
S08-04,Day_1,TR,0.0058
S08-04,Day_1,n0,4
S08-04,Day_1,center,G
S08-04,Day_1,field_strength,4.7
S08-04,Day_1,substance,Placebo
S08-04,Day_1,BAT,285.0
S08-04,Day_1,duration,30.0
S08-04,Day_1,study,8
S08-04,Day_1,visit,1
S08-04,Day_1,ve,0.23
S08-04,Day_1,Fp,0.022019
S08-04,Day_1,E,0.5358925715473211
S08-04,Day_1,Th,408.66802451135663
S08-04,Day_1,vol,1000
S08-04,Day_1,Ktrans,0.011799818532900463
S08-04,Day_1,khe,0.025424756876313584
S08-04,Day_1,Khe,0.1105424212013634
S08-04,Day_1,kbh,0.0018841699223243295
S08-04,Day_1,Kbh,0.002446973925096532
S08-04,Day_1,Te,4.847845430951277
S08-04,Day_1,CL,25.424756876313584
