subject,study,parameter,value
S15-06,Day_2,FA,20.0
S15-06,Day_2,TR,0.0058
S15-06,Day_2,n0,4
S15-06,Day_2,center,D
S15-06,Day_2,field_strength,4.7
S15-06,Day_2,BAT,292.0
S15-06,Day_2,duration,22.0
S15-06,Day_2,study,15
S15-06,Day_2,visit,2
S15-06,Day_2,substance,Placebo
S15-06,Day_2,H,0.418
S15-06,Day_2,ve,0.23
S15-06,Day_2,khe,0.03763172714407849
S15-06,Day_2,Th,253.00124248616004
S15-06,Day_2,Kbh,0.00395254975893924
S15-06,Day_2,Khe,0.1636162049742543
S15-06,Day_2,kbh,0.0030434633143832145
S15-06,Day_2,E,0.630867869442463
S15-06,Day_2,Ktrans,0.013891079617253591
