subject,study,parameter,value
S15-06,Day_2,FA,20.0
S15-06,Day_2,TR,0.0058
S15-06,Day_2,n0,4
S15-06,Day_2,center,D
S15-06,Day_2,field_strength,4.7
S15-06,Day_2,BAT,292.0
S15-06,Day_2,duration,22.0
S15-06,Day_2,study,15
S15-06,Day_2,visit,2
S15-06,Day_2,study arm,Placebo
S15-06,Day_2,substance,Placebo
S15-06,Day_2,ve,0.23
S15-06,Day_2,Fp,0.022019
S15-06,Day_2,E,0.8999881480316322
S15-06,Day_2,Th,283.65338485604616
S15-06,Day_2,vol,1000
S15-06,Day_2,Ktrans,0.01981683903150851
S15-06,Day_2,khe,0.1981449062434747
S15-06,Day_2,Khe,0.8614995923629334
S15-06,Day_2,kbh,0.0027145806858281433
S15-06,Day_2,Kbh,0.0035254294621144718
S15-06,Day_2,Te,1.0446762320143783
S15-06,Day_2,CL,198.1449062434747
