subject,study,parameter,value
S03-02,Day_2,FA,20.0
S03-02,Day_2,TR,0.0058
S03-02,Day_2,n0,4
S03-02,Day_2,center,G
S03-02,Day_2,field_strength,7.0
S03-02,Day_2,BAT,285.0
S03-02,Day_2,duration,30.0
S03-02,Day_2,study,3
S03-02,Day_2,visit,2
S03-02,Day_2,substance,Bosentan (clinical dose)
S03-02,Day_2,H,0.418
S03-02,Day_2,ve,0.23
S03-02,Day_2,khe,0.02238258046579165
S03-02,Day_2,Th,288.2719882996638
S03-02,Day_2,Kbh,0.0034689461362457544
S03-02,Day_2,Khe,0.09731556724257238
S03-02,Day_2,kbh,0.002671088524909231
S03-02,Day_2,E,0.504094228876287
S03-02,Day_2,Ktrans,0.011099650825626965
