subject,study,parameter,value
S09-01,Day_1,FA,20.0
S09-01,Day_1,TR,0.0058
S09-01,Day_1,n0,4
S09-01,Day_1,center,G
S09-01,Day_1,field_strength,7.0
S09-01,Day_1,substance,Placebo
S09-01,Day_1,BAT,285.0
S09-01,Day_1,duration,30.0
S09-01,Day_1,study,9
S09-01,Day_1,visit,1
S09-01,Day_2,FA,20.0
S09-01,Day_2,TR,0.0058
S09-01,Day_2,n0,4
S09-01,Day_2,center,G
S09-01,Day_2,field_strength,7.0
S09-01,Day_2,substance,Placebo
S09-01,Day_2,BAT,285.0
S09-01,Day_2,duration,30.0
S09-01,Day_2,study,9
S09-01,Day_2,visit,2
S09-02,Day_1,FA,20.0
S09-02,Day_1,TR,0.0058
S09-02,Day_1,n0,4
S09-02,Day_1,center,G
S09-02,Day_1,field_strength,7.0
S09-02,Day_1,substance,Placebo
S09-02,Day_1,BAT,285.0
S09-02,Day_1,duration,30.0
S09-02,Day_1,study,9
S09-02,Day_1,visit,1
S09-02,Day_2,FA,20.0
S09-02,Day_2,TR,0.0058
S09-02,Day_2,n0,4
S09-02,Day_2,center,G
S09-02,Day_2,field_strength,7.0
S09-02,Day_2,substance,Placebo
S09-02,Day_2,BAT,285.0
S09-02,Day_2,duration,30.0
S09-02,Day_2,study,9
S09-02,Day_2,visit,2
S09-03,Day_1,FA,20.0
S09-03,Day_1,TR,0.0058
S09-03,Day_1,n0,4
S09-03,Day_1,center,G
S09-03,Day_1,field_strength,7.0
S09-03,Day_1,substance,Placebo
S09-03,Day_1,BAT,285.0
S09-03,Day_1,duration,30.0
S09-03,Day_1,study,9
S09-03,Day_1,visit,1
S09-03,Day_2,FA,20.0
S09-03,Day_2,TR,0.0058
S09-03,Day_2,n0,4
S09-03,Day_2,center,G
S09-03,Day_2,field_strength,7.0
S09-03,Day_2,substance,Placebo
S09-03,Day_2,BAT,285.0
S09-03,Day_2,duration,30.0
S09-03,Day_2,study,9
S09-03,Day_2,visit,2
