subject,study,parameter,value
S10-03,Day_1,FA,20.0
S10-03,Day_1,TR,0.0058
S10-03,Day_1,n0,4
S10-03,Day_1,center,G
S10-03,Day_1,field_strength,7.0
S10-03,Day_1,substance,Placebo
S10-03,Day_1,BAT,285.0
S10-03,Day_1,duration,30.0
S10-03,Day_1,study,10
S10-03,Day_1,visit,1
S10-03,Day_1,H,0.418
S10-03,Day_1,ve,0.23
S10-03,Day_1,khe,0.036652220723441806
S10-03,Day_1,Th,192.44491670931717
S10-03,Day_1,Kbh,0.005196292098016145
S10-03,Day_1,Khe,0.1593574814062687
S10-03,Day_1,kbh,0.004001144915472432
S10-03,Day_1,E,0.6247052689803263
S10-03,Day_1,Ktrans,0.013755385317677803
