subject,study,parameter,value
S10-03,Day_1,FA,20.0
S10-03,Day_1,TR,0.0058
S10-03,Day_1,n0,4
S10-03,Day_1,center,G
S10-03,Day_1,field_strength,7.0
S10-03,Day_1,substance,Placebo
S10-03,Day_1,BAT,285.0
S10-03,Day_1,duration,30.0
S10-03,Day_1,study,10
S10-03,Day_1,visit,1
S10-03,Day_1,ve,0.23
S10-03,Day_1,Fp,0.022019
S10-03,Day_1,E,0.8725347255040419
S10-03,Day_1,Th,219.07464504332498
S10-03,Day_1,vol,1000
S10-03,Day_1,Ktrans,0.0192123421208735
S10-03,Day_1,khe,0.1507260875312571
S10-03,Day_1,Khe,0.6553308153532917
S10-03,Day_1,kbh,0.003514783738883713
S10-03,Day_1,Kbh,0.004564654206342484
S10-03,Day_1,Te,1.3314416246909655
S10-03,Day_1,CL,150.7260875312571
