subject,study,parameter,value
S14-04,Day_3,FA,30.0
S14-04,Day_3,TR,0.036
S14-04,Day_3,n0,4
S14-04,Day_3,center,A
S14-04,Day_3,field_strength,7.0
S14-04,Day_3,BAT,285.0
S14-04,Day_3,duration,30.0
S14-04,Day_3,study,14
S14-04,Day_3,visit,3
S14-04,Day_3,study arm,Rifampicin (clinical dose)
S14-04,Day_3,substance,Rifampicin (clinical dose)
S14-04,Day_3,ve,0.23
S14-04,Day_3,Fp,0.022019
S14-04,Day_3,E,0.4100901793954675
S14-04,Day_3,Th,269.0478866424684
S14-04,Day_3,vol,1000
S14-04,Day_3,Ktrans,0.0090297756601088
S14-04,Day_3,khe,0.01530704413575484
S14-04,Day_3,Khe,0.06655236580762974
S14-04,Day_3,kbh,0.0028619440561643786
S14-04,Day_3,Kbh,0.0037168104625511407
S14-04,Day_3,Te,6.161917377675756
S14-04,Day_3,CL,15.30704413575484
