subject,study,parameter,value
S14-04,Day_3,FA,30.0
S14-04,Day_3,TR,0.036
S14-04,Day_3,n0,4
S14-04,Day_3,center,A
S14-04,Day_3,field_strength,7.0
S14-04,Day_3,BAT,285.0
S14-04,Day_3,duration,30.0
S14-04,Day_3,study,14
S14-04,Day_3,visit,3
S14-04,Day_3,substance,Rifampicin (clinical dose)
S14-04,Day_3,H,0.418
S14-04,Day_3,ve,0.23
S14-04,Day_3,khe,0.014515499497683935
S14-04,Day_3,Th,281.73861186674594
S14-04,Day_3,Kbh,0.0035493892490425505
S14-04,Day_3,Khe,0.0631108673812345
S14-04,Day_3,kbh,0.002733029721762764
S14-04,Day_3,E,0.39730938420558165
S14-04,Day_3,Ktrans,0.0087483553308227
