subject,study,parameter,value
S09-01,Day_1,FA,20.0
S09-01,Day_1,TR,0.0058
S09-01,Day_1,n0,4
S09-01,Day_1,center,G
S09-01,Day_1,field_strength,7.0
S09-01,Day_1,substance,Placebo
S09-01,Day_1,BAT,285.0
S09-01,Day_1,duration,30.0
S09-01,Day_1,study,9
S09-01,Day_1,visit,1
S09-01,Day_1,ve,0.23
S09-01,Day_1,Fp,0.022019
S09-01,Day_1,E,0.5682554744227966
S09-01,Day_1,Th,352.90696827517644
S09-01,Day_1,vol,1000
S09-01,Day_1,Ktrans,0.012512417291315558
S09-01,Day_1,khe,0.0289810676223111
S09-01,Day_1,Khe,0.12600464183613522
S09-01,Day_1,kbh,0.002181878141322499
S09-01,Day_1,Kbh,0.002833607975743505
S09-01,Day_1,Te,4.5097979419027565
S09-01,Day_1,CL,28.9810676223111
