subject,study,parameter,value
S09-01,Day_1,FA,20.0
S09-01,Day_1,TR,0.0058
S09-01,Day_1,n0,4
S09-01,Day_1,center,G
S09-01,Day_1,field_strength,7.0
S09-01,Day_1,substance,Placebo
S09-01,Day_1,BAT,285.0
S09-01,Day_1,duration,30.0
S09-01,Day_1,study,9
S09-01,Day_1,visit,1
S09-01,Day_1,H,0.418
S09-01,Day_1,ve,0.23
S09-01,Day_1,khe,0.019959515288161502
S09-01,Day_1,Th,374.8681016891327
S09-01,Day_1,Kbh,0.0026676049402284733
S09-01,Day_1,Khe,0.08678050125287609
S09-01,Day_1,kbh,0.0020540558039759244
S09-01,Day_1,E,0.47546977665001766
S09-01,Day_1,Ktrans,0.01046936901205674
