subject,study,parameter,value
S10-03,Day_1,FA,20.0
S10-03,Day_1,TR,0.0058
S10-03,Day_1,n0,4
S10-03,Day_1,center,G
S10-03,Day_1,field_strength,7.0
S10-03,Day_1,substance,Bosentan
S10-03,Day_1,BAT,285.0
S10-03,Day_1,duration,30.0
S10-03,Day_1,study,10
S10-03,Day_1,visit,1
S10-03,Day_1,H,0.418
S10-03,Day_1,ve,0.23
S10-03,Day_1,khe,0.036772327191992936
S10-03,Day_1,Th,192.09464483901903
S10-03,Day_1,Kbh,0.005205767192719138
S10-03,Day_1,Khe,0.15987968344344755
S10-03,Day_1,kbh,0.004008440738393737
S10-03,Day_1,E,0.6254719692227177
S10-03,Day_1,Ktrans,0.013772267290315023
