subject,study,parameter,value
S12-04,Day_1,FA,20.0
S12-04,Day_1,TR,0.0058
S12-04,Day_1,n0,4
S12-04,Day_1,center,G
S12-04,Day_1,field_strength,4.7
S12-04,Day_1,substance,Placebo
S12-04,Day_1,BAT,285.0
S12-04,Day_1,duration,30.0
S12-04,Day_1,study,12
S12-04,Day_1,visit,1
S12-04,Day_1,ve,0.23
S12-04,Day_1,Fp,0.022019
S12-04,Day_1,E,0.8215273967483632
S12-04,Day_1,Th,254.31249794296411
S12-04,Day_1,vol,1000
S12-04,Day_1,Ktrans,0.01808921174900221
S12-04,Day_1,khe,0.10135567823537256
S12-04,Day_1,Khe,0.44067686189292415
S12-04,Day_1,kbh,0.0030277709755841082
S12-04,Day_1,Kbh,0.003932170098161179
S12-04,Day_1,Te,1.8642399177018245
S12-04,Day_1,CL,101.35567823537257
