subject,study,parameter,value
S12-04,Day_1,FA,20.0
S12-04,Day_1,TR,0.0058
S12-04,Day_1,n0,4
S12-04,Day_1,center,G
S12-04,Day_1,field_strength,4.7
S12-04,Day_1,substance,Placebo
S12-04,Day_1,BAT,285.0
S12-04,Day_1,duration,30.0
S12-04,Day_1,study,12
S12-04,Day_1,visit,1
S12-04,Day_1,H,0.418
S12-04,Day_1,ve,0.23
S12-04,Day_1,khe,0.02890128496185439
S12-04,Day_1,Th,267.022787774061
S12-04,Day_1,Kbh,0.003744998725899534
S12-04,Day_1,Khe,0.12565776070371473
S12-04,Day_1,kbh,0.002883649018942641
S12-04,Day_1,E,0.5675790106733503
S12-04,Day_1,Ktrans,0.0124975222360165
