subject,study,parameter,value
S07-04,Day_1,FA,20.0
S07-04,Day_1,TR,0.0058
S07-04,Day_1,n0,4
S07-04,Day_1,center,D
S07-04,Day_1,field_strength,4.7
S07-04,Day_1,substance,Placebo
S07-04,Day_1,BAT,292.0
S07-04,Day_1,duration,22.0
S07-04,Day_1,study,7
S07-04,Day_1,visit,1
S07-04,Day_1,ve,0.23
S07-04,Day_1,Fp,0.022019
S07-04,Day_1,E,0.38653656861456237
S07-04,Day_1,Th,274.7589805056897
S07-04,Day_1,vol,1000
S07-04,Day_1,Ktrans,0.008511148704324048
S07-04,Day_1,khe,0.013873929999547948
S07-04,Day_1,Khe,0.06032143478064325
S07-04,Day_1,kbh,0.0028024561693409506
S07-04,Day_1,Kbh,0.0036395534666765587
S07-04,Day_1,Te,6.40794719190929
S07-04,Day_1,CL,13.873929999547949
