subject,study,parameter,value
S07-04,Day_1,FA,20.0
S07-04,Day_1,TR,0.0058
S07-04,Day_1,n0,4
S07-04,Day_1,center,D
S07-04,Day_1,field_strength,4.7
S07-04,Day_1,substance,Placebo
S07-04,Day_1,BAT,292.0
S07-04,Day_1,duration,22.0
S07-04,Day_1,study,7
S07-04,Day_1,visit,1
S07-04,Day_1,H,0.418
S07-04,Day_1,ve,0.23
S07-04,Day_1,khe,0.013531880570203332
S07-04,Day_1,Th,292.65503698578243
S07-04,Day_1,Kbh,0.003416992272880584
S07-04,Day_1,Khe,0.058834263348710135
S07-04,Day_1,kbh,0.0026310840501180496
S07-04,Day_1,E,0.3806341883285153
S07-04,Day_1,Ktrans,0.008381184192805579
