subject,study,parameter,value
S15-08,Day_3,FA,20.0
S15-08,Day_3,TR,0.0058
S15-08,Day_3,n0,4
S15-08,Day_3,center,D
S15-08,Day_3,field_strength,4.7
S15-08,Day_3,BAT,292.0
S15-08,Day_3,duration,22.0
S15-08,Day_3,study,15
S15-08,Day_3,visit,3
S15-08,Day_3,study arm,Cyclosporine (clinical dose)
S15-08,Day_3,substance,Cyclosporine (clinical dose)
S15-08,Day_3,ve,0.23
S15-08,Day_3,Fp,0.022019
S15-08,Day_3,E,0.14382171247242354
S15-08,Day_3,Th,755.0020407117256
S15-08,Day_3,vol,1000
S15-08,Day_3,Ktrans,0.0031668102869302937
S15-08,Day_3,khe,0.0036987743476597965
S15-08,Day_3,Khe,0.016081627598520852
S15-08,Day_3,kbh,0.0010198647930463023
S15-08,Day_3,Kbh,0.0013244997312289641
S15-08,Day_3,Te,8.943231124544376
S15-08,Day_3,CL,3.6987743476597963
