subject,study,parameter,value
S15-08,Day_3,FA,20.0
S15-08,Day_3,TR,0.0058
S15-08,Day_3,n0,4
S15-08,Day_3,center,D
S15-08,Day_3,field_strength,4.7
S15-08,Day_3,BAT,292.0
S15-08,Day_3,duration,22.0
S15-08,Day_3,study,15
S15-08,Day_3,visit,3
S15-08,Day_3,substance,Cyclosporine (clinical dose)
S15-08,Day_3,H,0.418
S15-08,Day_3,ve,0.23
S15-08,Day_3,khe,0.005240744642611869
S15-08,Day_3,Th,794.3625357067725
S15-08,Day_3,Kbh,0.0012588710507479618
S15-08,Day_3,Khe,0.02278584627222552
S15-08,Day_3,kbh,0.0009693307090759306
S15-08,Day_3,E,0.19225215464489884
S15-08,Day_3,Ktrans,0.004233200193126027
