subject,study,parameter,value
S01-03,Day_1,FA,30.0
S01-03,Day_1,TR,0.036
S01-03,Day_1,n0,4
S01-03,Day_1,center,A
S01-03,Day_1,field_strength,7.0
S01-03,Day_1,BAT,285.0
S01-03,Day_1,duration,30.0
S01-03,Day_1,study,1
S01-03,Day_1,visit,1
S01-03,Day_1,substance,Placebo
S01-03,Day_1,H,0.418
S01-03,Day_1,ve,0.23
S01-03,Day_1,khe,0.019518532294626446
S01-03,Day_1,Th,312.73164404829697
S01-03,Day_1,Kbh,0.0031976297219400165
S01-03,Day_1,Khe,0.0848631838896802
S01-03,Day_1,kbh,0.0024621748858938124
S01-03,Day_1,E,0.4699011042875911
S01-03,Day_1,Ktrans,0.010346752415308469
