subject,study,parameter,value
S08-02,Day_1,FA,20.0
S08-02,Day_1,TR,0.0058
S08-02,Day_1,n0,4
S08-02,Day_1,center,G
S08-02,Day_1,field_strength,4.7
S08-02,Day_1,substance,Placebo
S08-02,Day_1,BAT,285.0
S08-02,Day_1,duration,30.0
S08-02,Day_1,study,8
S08-02,Day_1,visit,1
S08-02,Day_1,H,0.418
S08-02,Day_1,ve,0.23
S08-02,Day_1,khe,0.028284761450918173
S08-02,Day_1,Th,266.5182239922701
S08-02,Day_1,Kbh,0.0037520886377698627
S08-02,Day_1,Khe,0.12297722369964423
S08-02,Day_1,kbh,0.0028891082510827944
S08-02,Day_1,E,0.5622792537793793
S08-02,Day_1,Ktrans,0.01238082688896815
