subject,study,parameter,value
S08-02,Day_1,FA,20.0
S08-02,Day_1,TR,0.0058
S08-02,Day_1,n0,4
S08-02,Day_1,center,G
S08-02,Day_1,field_strength,4.7
S08-02,Day_1,substance,Placebo
S08-02,Day_1,BAT,285.0
S08-02,Day_1,duration,30.0
S08-02,Day_1,study,8
S08-02,Day_1,visit,1
S08-02,Day_1,ve,0.23
S08-02,Day_1,Fp,0.022019
S08-02,Day_1,E,0.8050505940694441
S08-02,Day_1,Th,253.450797945188
S08-02,Day_1,vol,1000
S08-02,Day_1,Ktrans,0.017726409030815092
S08-02,Day_1,khe,0.09092825364715153
S08-02,Day_1,Khe,0.3953402332484849
S08-02,Day_1,kbh,0.0030380650060787043
S08-02,Day_1,Kbh,0.0039455389689333825
S08-02,Day_1,Te,2.036348760798758
S08-02,Day_1,CL,90.92825364715152
