subject,study,parameter,value
S04-08,Day_1,FA,20.0
S04-08,Day_1,TR,0.0058
S04-08,Day_1,n0,4
S04-08,Day_1,center,G
S04-08,Day_1,field_strength,4.7
S04-08,Day_1,BAT,285.0
S04-08,Day_1,duration,30.0
S04-08,Day_1,study,4
S04-08,Day_1,visit,1
S04-08,Day_1,substance,Rifampicin
S04-08,Day_1,H,0.418
S04-08,Day_1,ve,0.23
S04-08,Day_1,khe,0.021571331032962528
S04-08,Day_1,Th,213.54271270370484
S04-08,Day_1,Kbh,0.004682903889993763
S04-08,Day_1,Khe,0.09378839579548924
S04-08,Day_1,kbh,0.0036058359952951978
S04-08,Day_1,E,0.4948650428153556
S04-08,Day_1,Ktrans,0.010896433377751317
