subject,study,parameter,value
S09-03,Day_2,FA,20.0
S09-03,Day_2,TR,0.0058
S09-03,Day_2,n0,4
S09-03,Day_2,center,G
S09-03,Day_2,field_strength,7.0
S09-03,Day_2,substance,Placebo
S09-03,Day_2,BAT,285.0
S09-03,Day_2,duration,30.0
S09-03,Day_2,study,9
S09-03,Day_2,visit,2
S09-03,Day_2,H,0.418
S09-03,Day_2,ve,0.23
S09-03,Day_2,khe,0.02521611354193584
S09-03,Day_2,Th,327.68837523285094
S09-03,Day_2,Kbh,0.003051679814059359
S09-03,Day_2,Khe,0.10963527626928625
S09-03,Day_2,kbh,0.0023497934568257064
S09-03,Day_2,E,0.5338425516760683
S09-03,Day_2,Ktrans,0.01175467914535535
