subject,study,parameter,value
S11-05,Day_2,FA,20.0
S11-05,Day_2,TR,0.0058
S11-05,Day_2,n0,4
S11-05,Day_2,center,G
S11-05,Day_2,field_strength,7.0
S11-05,Day_2,BAT,285.0
S11-05,Day_2,duration,30.0
S11-05,Day_2,study,11
S11-05,Day_2,visit,2
S11-05,Day_2,study arm,Bosentan (clinical dose)
S11-05,Day_2,substance,Bosentan (clinical dose)
S11-05,Day_2,ve,0.23
S11-05,Day_2,Fp,0.022019
S11-05,Day_2,E,0.637481854390875
S11-05,Day_2,Th,263.0681598401809
S11-05,Day_2,vol,1000
S11-05,Day_2,Ktrans,0.014036712951832677
S11-05,Day_2,khe,0.038720028560907865
S11-05,Day_2,Khe,0.1683479502648168
S11-05,Day_2,kbh,0.0029269980847085038
S11-05,Day_2,Kbh,0.0038012962139071477
S11-05,Day_2,Te,3.786692106367172
S11-05,Day_2,CL,38.72002856090786
