subject,study,parameter,value
S11-05,Day_2,FA,20.0
S11-05,Day_2,TR,0.0058
S11-05,Day_2,n0,4
S11-05,Day_2,center,G
S11-05,Day_2,field_strength,7.0
S11-05,Day_2,BAT,285.0
S11-05,Day_2,duration,30.0
S11-05,Day_2,study,11
S11-05,Day_2,visit,2
S11-05,Day_2,substance,Bosentan (clinical dose)
S11-05,Day_2,H,0.418
S11-05,Day_2,ve,0.23
S11-05,Day_2,khe,0.022000354864742624
S11-05,Day_2,Th,281.52693877219457
S11-05,Day_2,Kbh,0.003552057946430406
S11-05,Day_2,Khe,0.0956537168032288
S11-05,Day_2,kbh,0.0027350846187514126
S11-05,Day_2,E,0.499788216622953
S11-05,Day_2,Ktrans,0.0110048367418208
