subject,study,parameter,value
S02-07,Day_2,FA,20.0
S02-07,Day_2,TR,0.0058
S02-07,Day_2,n0,4
S02-07,Day_2,center,D
S02-07,Day_2,field_strength,4.7
S02-07,Day_2,BAT,292.0
S02-07,Day_2,duration,22.0
S02-07,Day_2,study,2
S02-07,Day_2,visit,2
S02-07,Day_2,substance,Cyclosporine (clinical dose)
S02-07,Day_2,H,0.418
S02-07,Day_2,ve,0.23
S02-07,Day_2,khe,0.00294085782626925
S02-07,Day_2,Th,811.9289456048011
S02-07,Day_2,Kbh,0.0012316348683136377
S02-07,Day_2,Khe,0.012786338375083695
S02-07,Day_2,kbh,0.0009483588486015011
S02-07,Day_2,E,0.1178235007081697
S02-07,Day_2,Ktrans,0.0025943556620931884
