subject,study,parameter,value
S01-02,Day_4,FA,30.0
S01-02,Day_4,TR,0.036
S01-02,Day_4,n0,4
S01-02,Day_4,center,A
S01-02,Day_4,field_strength,7.0
S01-02,Day_4,BAT,285.0
S01-02,Day_4,duration,30.0
S01-02,Day_4,study,1
S01-02,Day_4,visit,4
S01-02,Day_4,substance,Rifampicin (high dose)
S01-02,Day_4,H,0.418
S01-02,Day_4,ve,0.23
S01-02,Day_4,khe,0.015397761795250469
S01-02,Day_4,Th,315.5098017760216
S01-02,Day_4,Kbh,0.003169473640346342
S01-02,Day_4,Khe,0.06694679041413247
S01-02,Day_4,kbh,0.0024404947030666835
S01-02,Day_4,E,0.4115204271152347
S01-02,Day_4,Ktrans,0.009061268284650354
