subject,study,parameter,value
S01-04,Day_1,FA,30.0
S01-04,Day_1,TR,0.036
S01-04,Day_1,n0,4
S01-04,Day_1,center,A
S01-04,Day_1,field_strength,7.0
S01-04,Day_1,BAT,285.0
S01-04,Day_1,duration,30.0
S01-04,Day_1,study,1
S01-04,Day_1,visit,1
S01-04,Day_1,substance,Rifampicin (clinical dose)
S01-04,Day_1,H,0.418
S01-04,Day_1,ve,0.23
S01-04,Day_1,khe,0.0025696158008731004
S01-04,Day_1,Th,427.13876446884495
S01-04,Day_1,Kbh,0.002341159555592007
S01-04,Day_1,Khe,0.01117224261249174
S01-04,Day_1,kbh,0.0018026928578058455
S01-04,Day_1,E,0.1045042885570589
S01-04,Day_1,Ktrans,0.00230107992973788
