subject,study,parameter,value
S01-06,Day_1,FA,20.0
S01-06,Day_1,TR,0.0058
S01-06,Day_1,n0,4
S01-06,Day_1,center,D
S01-06,Day_1,field_strength,4.7
S01-06,Day_1,BAT,292.0
S01-06,Day_1,duration,22.0
S01-06,Day_1,study,1
S01-06,Day_1,visit,1
S01-06,Day_1,substance,Placebo
S01-06,Day_1,ve,0.23
S01-06,Day_1,Fp,0.022019
S01-06,Day_1,E,0.5985637224775194
S01-06,Day_1,Th,216.03610825227665
S01-06,Day_1,vol,1000
S01-06,Day_1,Ktrans,0.013179774605232501
S01-06,Day_1,khe,0.03283154847532291
S01-06,Day_1,Khe,0.14274586293618655
S01-06,Day_1,kbh,0.0035642189920438243
S01-06,Day_1,Kbh,0.004628855833823149
S01-06,Day_1,Te,4.19321239975342
S01-06,Day_1,CL,32.83154847532291
