subject,study,parameter,value
S01-06,Day_1,FA,20.0
S01-06,Day_1,TR,0.0058
S01-06,Day_1,n0,4
S01-06,Day_1,center,D
S01-06,Day_1,field_strength,4.7
S01-06,Day_1,BAT,292.0
S01-06,Day_1,duration,22.0
S01-06,Day_1,study,1
S01-06,Day_1,visit,1
S01-06,Day_1,substance,Placebo
S01-06,Day_1,H,0.418
S01-06,Day_1,ve,0.23
S01-06,Day_1,khe,0.020590294046681015
S01-06,Day_1,Th,231.84467447803064
S01-06,Day_1,Kbh,0.004313232565084254
S01-06,Day_1,Khe,0.08952301759426529
S01-06,Day_1,kbh,0.0033211890751148757
S01-06,Day_1,E,0.48323480844632455
S01-06,Day_1,Ktrans,0.010640347247179618
