subject,study,parameter,value
S03-04,Day_2,FA,20.0
S03-04,Day_2,TR,0.0058
S03-04,Day_2,n0,4
S03-04,Day_2,center,G
S03-04,Day_2,field_strength,7.0
S03-04,Day_2,BAT,285.0
S03-04,Day_2,duration,30.0
S03-04,Day_2,study,3
S03-04,Day_2,visit,2
S03-04,Day_2,substance,Bosentan (clinical dose)
S03-04,Day_2,H,0.418
S03-04,Day_2,ve,0.23
S03-04,Day_2,khe,0.016948839304641968
S03-04,Day_2,Th,205.93896801426425
S03-04,Day_2,Kbh,0.004855807570768906
S03-04,Day_2,Khe,0.07369060567235639
S03-04,Day_2,kbh,0.003738971829492058
S03-04,Day_2,E,0.43494429270608725
S03-04,Day_2,Ktrans,0.009577038381095335
