subject,study,parameter,value
S01-01,Day_1,FA,20.0
S01-01,Day_1,TR,0.0058
S01-01,Day_1,n0,4
S01-01,Day_1,center,D
S01-01,Day_1,field_strength,4.7
S01-01,Day_1,BAT,292.0
S01-01,Day_1,duration,22.0
S01-01,Day_1,study,1
S01-01,Day_1,visit,1
S01-01,Day_1,substance,Placebo
S01-01,Day_1,H,0.418
S01-01,Day_1,ve,0.23
S01-01,Day_1,khe,0.02316859049556448
S01-01,Day_1,Th,263.4301814911118
S01-01,Day_1,Kbh,0.0037960722432776378
S01-01,Day_1,Khe,0.10073300215462817
S01-01,Day_1,kbh,0.002922975627323781
S01-01,Day_1,E,0.5127202013092215
S01-01,Day_1,Ktrans,0.011289586112627745
