subject,study,parameter,value
S01-01,Day_1,FA,20.0
S01-01,Day_1,TR,0.0058
S01-01,Day_1,n0,4
S01-01,Day_1,center,D
S01-01,Day_1,field_strength,4.7
S01-01,Day_1,BAT,292.0
S01-01,Day_1,duration,22.0
S01-01,Day_1,study,1
S01-01,Day_1,visit,1
S01-01,Day_1,substance,Placebo
S01-01,Day_1,ve,0.23
S01-01,Day_1,Fp,0.022019
S01-01,Day_1,E,0.6663901602275437
S01-01,Day_1,Th,247.38740820513206
S01-01,Day_1,vol,1000
S01-01,Day_1,Ktrans,0.014673244938050285
S01-01,Day_1,khe,0.04398324985875236
S01-01,Day_1,Khe,0.19123152112501027
S01-01,Day_1,kbh,0.0031125270505341198
S01-01,Day_1,Kbh,0.0040422429227715845
S01-01,Day_1,Te,3.4847296947029816
S01-01,Day_1,CL,43.983249858752366
