subject,study,parameter,value
S01-11,Day_1,FA,30.0
S01-11,Day_1,TR,0.036
S01-11,Day_1,n0,4
S01-11,Day_1,center,A
S01-11,Day_1,field_strength,7.0
S01-11,Day_1,BAT,285.0
S01-11,Day_1,duration,30.0
S01-11,Day_1,study,1
S01-11,Day_1,visit,1
S01-11,Day_1,substance,Rifampicin (high dose)
S01-11,Day_1,H,0.418
S01-11,Day_1,ve,0.23
S01-11,Day_1,khe,0.013929140526388495
S01-11,Day_1,Th,424.37500178521657
S01-11,Day_1,Kbh,0.002356406470205135
S01-11,Day_1,Khe,0.06056148054951519
S01-11,Day_1,kbh,0.001814432982057954
S01-11,Day_1,E,0.3874787491765677
S01-11,Day_1,Ktrans,0.008531894578118844
