subject,study,parameter,value
S01-05,Day_1,FA,30.0
S01-05,Day_1,TR,0.036
S01-05,Day_1,n0,4
S01-05,Day_1,center,A
S01-05,Day_1,field_strength,7.0
S01-05,Day_1,BAT,285.0
S01-05,Day_1,duration,30.0
S01-05,Day_1,study,1
S01-05,Day_1,visit,1
S01-05,Day_1,substance,Rifampicin (high dose)
S01-05,Day_1,H,0.418
S01-05,Day_1,ve,0.23
S01-05,Day_1,khe,0.011726848786336114
S01-05,Day_1,Th,445.22406373803267
S01-05,Day_1,Kbh,0.0022460600884960124
S01-05,Day_1,Khe,0.05098629907102658
S01-05,Day_1,kbh,0.0017294662681419297
S01-05,Day_1,E,0.3475049289939443
S01-05,Day_1,Ktrans,0.007651711031517661
