subject,study,parameter,value
S14-07,Day_1,FA,30.0
S14-07,Day_1,TR,0.036
S14-07,Day_1,n0,4
S14-07,Day_1,center,A
S14-07,Day_1,field_strength,7.0
S14-07,Day_1,BAT,285.0
S14-07,Day_1,duration,30.0
S14-07,Day_1,study,14
S14-07,Day_1,visit,1
S14-07,Day_1,substance,Rifampicin (clinical dose)
S14-07,Day_1,H,0.418
S14-07,Day_1,ve,0.23
S14-07,Day_1,khe,0.0109685461681979
S14-07,Day_1,Th,296.0623817472349
S14-07,Day_1,Kbh,0.003377666538039798
S14-07,Day_1,Khe,0.04768933116607782
S14-07,Day_1,kbh,0.0026008032342906447
S14-07,Day_1,E,0.33250567084532884
S14-07,Day_1,Ktrans,0.007321442366343295
