subject,study,parameter,value
S14-07,Day_1,FA,30.0
S14-07,Day_1,TR,0.036
S14-07,Day_1,n0,4
S14-07,Day_1,center,A
S14-07,Day_1,field_strength,7.0
S14-07,Day_1,BAT,285.0
S14-07,Day_1,duration,30.0
S14-07,Day_1,study,14
S14-07,Day_1,visit,1
S14-07,Day_1,study arm,Rifampicin (clinical dose)
S14-07,Day_1,substance,Placebo
S14-07,Day_1,ve,0.23
S14-07,Day_1,Fp,0.022019
S14-07,Day_1,E,0.3095351572202719
S14-07,Day_1,Th,282.4144399288456
S14-07,Day_1,vol,1000
S14-07,Day_1,Ktrans,0.006815654626833168
S14-07,Day_1,khe,0.009871110307940032
S14-07,Day_1,Khe,0.042917870904087094
S14-07,Day_1,kbh,0.0027264894818905218
S14-07,Day_1,Kbh,0.0035408954310266515
S14-07,Day_1,Te,7.212267307295402
S14-07,Day_1,CL,9.871110307940032
