subject,study,parameter,value
S01-12,Day_4,FA,30.0
S01-12,Day_4,TR,0.036
S01-12,Day_4,n0,4
S01-12,Day_4,center,A
S01-12,Day_4,field_strength,7.0
S01-12,Day_4,BAT,285.0
S01-12,Day_4,duration,30.0
S01-12,Day_4,study,1
S01-12,Day_4,visit,4
S01-12,Day_4,substance,Placebo
S01-12,Day_4,H,0.418
S01-12,Day_4,ve,0.23
S01-12,Day_4,khe,0.013861733019369552
S01-12,Day_4,Th,466.5471334933381
S01-12,Day_4,Kbh,0.0021434061603001556
S01-12,Day_4,Khe,0.060268404432041525
S01-12,Day_4,kbh,0.00165042274343112
S01-12,Day_4,E,0.3863280332619334
S01-12,Day_4,Ktrans,0.00850655696439451
