subject,study,parameter,value
S11-01,Day_2,FA,20.0
S11-01,Day_2,TR,0.0058
S11-01,Day_2,n0,4
S11-01,Day_2,center,G
S11-01,Day_2,field_strength,7.0
S11-01,Day_2,BAT,285.0
S11-01,Day_2,duration,30.0
S11-01,Day_2,study,11
S11-01,Day_2,visit,2
S11-01,Day_2,substance,Bosentan (clinical dose)
S11-01,Day_2,H,0.418
S11-01,Day_2,ve,0.23
S11-01,Day_2,khe,0.02044224748644526
S11-01,Day_2,Th,247.7944958659486
S11-01,Day_2,Kbh,0.004035602148891064
S11-01,Day_2,Khe,0.08887933689758808
S11-01,Day_2,kbh,0.0031074136546461193
S11-01,Day_2,E,0.4814330406324251
S11-01,Day_2,Ktrans,0.01060067412168537
