subject,study,parameter,value
S11-01,Day_2,FA,20.0
S11-01,Day_2,TR,0.0058
S11-01,Day_2,n0,4
S11-01,Day_2,center,G
S11-01,Day_2,field_strength,7.0
S11-01,Day_2,BAT,285.0
S11-01,Day_2,duration,30.0
S11-01,Day_2,study,11
S11-01,Day_2,visit,2
S11-01,Day_2,study arm,Bosentan (clinical dose)
S11-01,Day_2,substance,Bosentan (clinical dose)
S11-01,Day_2,ve,0.23
S11-01,Day_2,Fp,0.022019
S11-01,Day_2,E,0.59610705299415
S11-01,Day_2,Th,231.16396016332402
S11-01,Day_2,vol,1000
S11-01,Day_2,Ktrans,0.013125681199878189
S11-01,Day_2,khe,0.03249792128627608
S11-01,Day_2,Khe,0.14129530994033077
S11-01,Day_2,kbh,0.0033309690639318204
S11-01,Day_2,Kbh,0.004325933849262104
S11-01,Day_2,Te,4.218873600587924
S11-01,Day_2,CL,32.49792128627608
