subject,study,parameter,value
S01-06,Day_4,FA,30.0
S01-06,Day_4,TR,0.036
S01-06,Day_4,n0,4
S01-06,Day_4,center,A
S01-06,Day_4,field_strength,7.0
S01-06,Day_4,BAT,285.0
S01-06,Day_4,duration,30.0
S01-06,Day_4,study,1
S01-06,Day_4,visit,4
S01-06,Day_4,substance,Placebo
S01-06,Day_4,H,0.418
S01-06,Day_4,ve,0.23
S01-06,Day_4,khe,0.01668765832892798
S01-06,Day_4,Th,191.7855804614335
S01-06,Day_4,Kbh,0.005214156338521455
S01-06,Day_4,Khe,0.07255503621273034
S01-06,Day_4,kbh,0.004014900380661521
S01-06,Day_4,E,0.4311314654733761
S01-06,Day_4,Ktrans,0.00949308373825827
