subject,study,parameter,value
S13-01,Day_2,FA,20.0
S13-01,Day_2,TR,0.0058
S13-01,Day_2,n0,4
S13-01,Day_2,center,G
S13-01,Day_2,field_strength,7.0
S13-01,Day_2,BAT,285.0
S13-01,Day_2,duration,30.0
S13-01,Day_2,study,13
S13-01,Day_2,visit,2
S13-01,Day_2,substance,Placebo
S13-01,Day_2,H,0.418
S13-01,Day_2,ve,0.23
S13-01,Day_2,khe,0.02471178440285528
S13-01,Day_2,Th,245.21125743125577
S13-01,Day_2,Kbh,0.004078116194483228
S13-01,Day_2,Khe,0.10744254088197948
S13-01,Day_2,kbh,0.003140149469752086
S13-01,Day_2,E,0.5288116756145308
S13-01,Day_2,Ktrans,0.011643904285356353
