subject,study,parameter,value
S13-01,Day_2,FA,20.0
S13-01,Day_2,TR,0.0058
S13-01,Day_2,n0,4
S13-01,Day_2,center,G
S13-01,Day_2,field_strength,7.0
S13-01,Day_2,BAT,285.0
S13-01,Day_2,duration,30.0
S13-01,Day_2,study,13
S13-01,Day_2,visit,2
S13-01,Day_2,substance,Placebo
S13-01,Day_2,ve,0.23
S13-01,Day_2,Fp,0.022019
S13-01,Day_2,E,0.7192205516412781
S13-01,Day_2,Th,229.9624644185806
S13-01,Day_2,vol,1000
S13-01,Day_2,Ktrans,0.015836517326589302
S13-01,Day_2,khe,0.05640198176597553
S13-01,Day_2,Khe,0.24522600767815447
S13-01,Day_2,kbh,0.003348372535260521
S13-01,Day_2,Kbh,0.004348535760078599
S13-01,Day_2,Te,2.9328885563606906
S13-01,Day_2,CL,56.40198176597553
