subject,study,parameter,value
S07-06,Day_2,FA,20.0
S07-06,Day_2,TR,0.0058
S07-06,Day_2,n0,4
S07-06,Day_2,center,D
S07-06,Day_2,field_strength,4.7
S07-06,Day_2,substance,Ketoconazole
S07-06,Day_2,BAT,292.0
S07-06,Day_2,duration,22.0
S07-06,Day_2,study,7
S07-06,Day_2,visit,2
S07-06,Day_2,H,0.418
S07-06,Day_2,ve,0.23
S07-06,Day_2,khe,0.016662129448922584
S07-06,Day_2,Th,279.90009137199706
S07-06,Day_2,Kbh,0.00357270337104308
S07-06,Day_2,Khe,0.0724440410822721
S07-06,Day_2,kbh,0.0027509815957031717
S07-06,Day_2,E,0.43075602202682545
S07-06,Day_2,Ktrans,0.00948481684900867
