subject,study,parameter,value
S08-03,Day_2,FA,20.0
S08-03,Day_2,TR,0.0058
S08-03,Day_2,n0,4
S08-03,Day_2,center,G
S08-03,Day_2,field_strength,4.7
S08-03,Day_2,substance,Cyclosporine
S08-03,Day_2,BAT,285.0
S08-03,Day_2,duration,30.0
S08-03,Day_2,study,8
S08-03,Day_2,visit,2
S08-03,Day_2,H,0.418
S08-03,Day_2,ve,0.23
S08-03,Day_2,khe,0.0022142311383702503
S08-03,Day_2,Th,1076.77145409349
S08-03,Day_2,Kbh,0.0009287021829919123
S08-03,Day_2,Khe,0.00962709190595761
S08-03,Day_2,kbh,0.0007151006809037726
S08-03,Day_2,E,0.09137168402047285
S08-03,Day_2,Ktrans,0.002011913110446792
