subject,study,parameter,value
S02-05,Day_2,FA,20.0
S02-05,Day_2,TR,0.0058
S02-05,Day_2,n0,4
S02-05,Day_2,center,D
S02-05,Day_2,field_strength,4.7
S02-05,Day_2,BAT,292.0
S02-05,Day_2,duration,22.0
S02-05,Day_2,study,2
S02-05,Day_2,visit,2
S02-05,Day_2,substance,Placebo
S02-05,Day_2,H,0.418
S02-05,Day_2,ve,0.23
S02-05,Day_2,khe,0.02606471345754195
S02-05,Day_2,Th,343.6316520511749
S02-05,Day_2,Kbh,0.002910092810225399
S02-05,Day_2,Khe,0.1133248411197476
S02-05,Day_2,kbh,0.002240771463873557
S02-05,Day_2,E,0.542069478068851
S02-05,Day_2,Ktrans,0.011935827837598029
