subject,study,parameter,value
S15-11,Day_3,FA,20.0
S15-11,Day_3,TR,0.0058
S15-11,Day_3,n0,4
S15-11,Day_3,center,D
S15-11,Day_3,field_strength,4.7
S15-11,Day_3,BAT,292.0
S15-11,Day_3,duration,22.0
S15-11,Day_3,study,15
S15-11,Day_3,visit,3
S15-11,Day_3,substance,Cyclosporine (clinical dose)
S15-11,Day_3,H,0.418
S15-11,Day_3,ve,0.23
S15-11,Day_3,khe,0.003923042511524076
S15-11,Day_3,Th,694.2179341177149
S15-11,Day_3,Kbh,0.0014404698450651598
S15-11,Day_3,Khe,0.01705670657184381
S15-11,Day_3,kbh,0.001109161780700173
S15-11,Day_3,E,0.15122334757494005
S15-11,Day_3,Ktrans,0.003329786890252605
