subject,study,parameter,value
S15-11,Day_3,FA,20.0
S15-11,Day_3,TR,0.0058
S15-11,Day_3,n0,4
S15-11,Day_3,center,D
S15-11,Day_3,field_strength,4.7
S15-11,Day_3,BAT,292.0
S15-11,Day_3,duration,22.0
S15-11,Day_3,study,15
S15-11,Day_3,visit,3
S15-11,Day_3,study arm,Cyclosporine (clinical dose)
S15-11,Day_3,substance,Cyclosporine (clinical dose)
S15-11,Day_3,ve,0.23
S15-11,Day_3,Fp,0.022019
S15-11,Day_3,E,0.10739316052410434
S15-11,Day_3,Th,663.9172185681861
S15-11,Day_3,vol,1000
S15-11,Day_3,Ktrans,0.0023646900015802537
S15-11,Day_3,khe,0.0026491954766655256
S15-11,Day_3,Khe,0.01151824120289359
S15-11,Day_3,kbh,0.0011597831453454299
S15-11,Day_3,Kbh,0.0015062118770719868
S15-11,Day_3,Te,9.323746449859485
S15-11,Day_3,CL,2.6491954766655255
