subject,study,parameter,value
S07-05,Day_1,FA,20.0
S07-05,Day_1,TR,0.0058
S07-05,Day_1,n0,4
S07-05,Day_1,center,D
S07-05,Day_1,field_strength,4.7
S07-05,Day_1,substance,Placebo
S07-05,Day_1,BAT,292.0
S07-05,Day_1,duration,22.0
S07-05,Day_1,study,7
S07-05,Day_1,visit,1
S07-05,Day_1,ve,0.23
S07-05,Day_1,Fp,0.022019
S07-05,Day_1,E,0.623897869586713
S07-05,Day_1,Th,199.3454241378392
S07-05,Day_1,vol,1000
S07-05,Day_1,Ktrans,0.013737607190429834
S07-05,Day_1,khe,0.03652626794571465
S07-05,Day_1,Khe,0.15880986063354194
S07-05,Day_1,kbh,0.0038626419609590667
S07-05,Day_1,Kbh,0.005016418131115671
S07-05,Day_1,Te,3.9285839500002733
S07-05,Day_1,CL,36.52626794571464
