subject,study,parameter,value
S07-05,Day_1,FA,20.0
S07-05,Day_1,TR,0.0058
S07-05,Day_1,n0,4
S07-05,Day_1,center,D
S07-05,Day_1,field_strength,4.7
S07-05,Day_1,substance,Placebo
S07-05,Day_1,BAT,292.0
S07-05,Day_1,duration,22.0
S07-05,Day_1,study,7
S07-05,Day_1,visit,1
S07-05,Day_1,H,0.418
S07-05,Day_1,ve,0.23
S07-05,Day_1,khe,0.02134448918943927
S07-05,Day_1,Th,214.31461217081056
S07-05,Day_1,Kbh,0.004666037419805009
S07-05,Day_1,Khe,0.09280212691060552
S07-05,Day_1,kbh,0.003592848813249857
S07-05,Day_1,E,0.49222259528500995
S07-05,Day_1,Ktrans,0.010838249325580637
