subject,study,parameter,value
S12-01,Day_2,FA,20.0
S12-01,Day_2,TR,0.0058
S12-01,Day_2,n0,4
S12-01,Day_2,center,G
S12-01,Day_2,field_strength,4.7
S12-01,Day_2,substance,Rifampicin
S12-01,Day_2,BAT,285.0
S12-01,Day_2,duration,30.0
S12-01,Day_2,study,12
S12-01,Day_2,visit,2
S12-01,Day_2,H,0.418
S12-01,Day_2,ve,0.23
S12-01,Day_2,khe,0.015164403695268808
S12-01,Day_2,Th,457.12096617158875
S12-01,Day_2,Kbh,0.002187604756734417
S12-01,Day_2,Khe,0.0659321899794296
S12-01,Day_2,kbh,0.001684455662685501
S12-01,Day_2,E,0.4078272075237243
S12-01,Day_2,Ktrans,0.008979947282464883
