subject,study,parameter,value
S01-02,Day_3,FA,30.0
S01-02,Day_3,TR,0.036
S01-02,Day_3,n0,4
S01-02,Day_3,center,A
S01-02,Day_3,field_strength,7.0
S01-02,Day_3,BAT,285.0
S01-02,Day_3,duration,30.0
S01-02,Day_3,study,1
S01-02,Day_3,visit,3
S01-02,Day_3,substance,Rifampicin (high dose)
S01-02,Day_3,H,0.418
S01-02,Day_3,ve,0.23
S01-02,Day_3,khe,0.004694149440564798
S01-02,Day_3,Th,697.642778686958
S01-02,Day_3,Kbh,0.0014333983387344914
S01-02,Day_3,Khe,0.020409345393759992
S01-02,Day_3,kbh,0.0011037167208255583
S01-02,Day_3,E,0.17572429829021124
S01-02,Day_3,Ktrans,0.0038692733240521613
