subject,study,parameter,value
S13-02,Day_2,FA,20.0
S13-02,Day_2,TR,0.0058
S13-02,Day_2,n0,4
S13-02,Day_2,center,G
S13-02,Day_2,field_strength,7.0
S13-02,Day_2,BAT,285.0
S13-02,Day_2,duration,30.0
S13-02,Day_2,study,13
S13-02,Day_2,visit,2
S13-02,Day_2,substance,Placebo
S13-02,Day_2,H,0.418
S13-02,Day_2,ve,0.23
S13-02,Day_2,khe,0.02759535039883248
S13-02,Day_2,Th,237.5032471103724
S13-02,Day_2,Kbh,0.004210468750076838
S13-02,Day_2,Khe,0.1199797843427499
S13-02,Day_2,kbh,0.003242060937559165
S13-02,Day_2,E,0.5561969506201949
S13-02,Day_2,Ktrans,0.012246900655706074
