subject,study,parameter,value
S04-02,Day_1,FA,20.0
S04-02,Day_1,TR,0.0058
S04-02,Day_1,n0,4
S04-02,Day_1,center,G
S04-02,Day_1,field_strength,4.7
S04-02,Day_1,BAT,285.0
S04-02,Day_1,duration,30.0
S04-02,Day_1,study,4
S04-02,Day_1,visit,1
S04-02,Day_1,substance,Placebo
S04-02,Day_1,H,0.418
S04-02,Day_1,ve,0.23
S04-02,Day_1,khe,0.01830597175510509
S04-02,Day_1,Th,274.99959618862727
S04-02,Day_1,Kbh,0.0036363689760259927
S04-02,Day_1,Khe,0.07959118154393517
S04-02,Day_1,kbh,0.0028000041115400142
S04-02,Day_1,E,0.4539611798435439
S04-02,Day_1,Ktrans,0.009995771218974993
