subject,study,parameter,value
S15-13,Day_2,FA,20.0
S15-13,Day_2,TR,0.0058
S15-13,Day_2,n0,4
S15-13,Day_2,center,D
S15-13,Day_2,field_strength,4.7
S15-13,Day_2,BAT,292.0
S15-13,Day_2,duration,22.0
S15-13,Day_2,study,15
S15-13,Day_2,visit,2
S15-13,Day_2,study arm,Cyclosporine (clinical dose)
S15-13,Day_2,substance,Cyclosporine (clinical dose)
S15-13,Day_2,ve,0.23
S15-13,Day_2,Fp,0.022019
S15-13,Day_2,E,0.09843978619184678
S15-13,Day_2,Th,611.4980574429509
S15-13,Day_2,vol,1000
S15-13,Day_2,Ktrans,0.0021675456521582743
S15-13,Day_2,khe,0.0024042161787537746
S15-13,Day_2,Khe,0.010453113820668585
S15-13,Day_2,kbh,0.0012592026918611045
S15-13,Day_2,Kbh,0.0016353281712481876
S15-13,Day_2,Te,9.4172691391923
S15-13,Day_2,CL,2.404216178753775
