subject,study,parameter,value
S15-13,Day_2,FA,20.0
S15-13,Day_2,TR,0.0058
S15-13,Day_2,n0,4
S15-13,Day_2,center,D
S15-13,Day_2,field_strength,4.7
S15-13,Day_2,BAT,292.0
S15-13,Day_2,duration,22.0
S15-13,Day_2,study,15
S15-13,Day_2,visit,2
S15-13,Day_2,substance,Cyclosporine (clinical dose)
S15-13,Day_2,H,0.418
S15-13,Day_2,ve,0.23
S15-13,Day_2,khe,0.0035957409677970986
S15-13,Day_2,Th,638.4218538563792
S15-13,Day_2,Kbh,0.0015663624200197917
S15-13,Day_2,Khe,0.015633656381726514
S15-13,Day_2,kbh,0.0012060990634152396
S15-13,Day_2,E,0.14037779934287334
S15-13,Day_2,Ktrans,0.0030909787637307283
