subject,study,parameter,value
S08-05,Day_2,FA,20.0
S08-05,Day_2,TR,0.0058
S08-05,Day_2,n0,4
S08-05,Day_2,center,G
S08-05,Day_2,field_strength,4.7
S08-05,Day_2,substance,Cyclosporine
S08-05,Day_2,BAT,285.0
S08-05,Day_2,duration,30.0
S08-05,Day_2,study,8
S08-05,Day_2,visit,2
S08-05,Day_2,H,0.418
S08-05,Day_2,ve,0.23
S08-05,Day_2,khe,0.0024359494280418465
S08-05,Day_2,Th,868.3612323293622
S08-05,Day_2,Kbh,0.0011515944779311707
S08-05,Day_2,Khe,0.010591084469747158
S08-05,Day_2,kbh,0.0008867277480070015
S08-05,Day_2,E,0.09960966941312123
S08-05,Day_2,Ktrans,0.0021933053108075164
