subject,study,parameter,value
S08-05,Day_2,FA,20.0
S08-05,Day_2,TR,0.0058
S08-05,Day_2,n0,4
S08-05,Day_2,center,G
S08-05,Day_2,field_strength,4.7
S08-05,Day_2,substance,Cyclosporine
S08-05,Day_2,BAT,285.0
S08-05,Day_2,duration,30.0
S08-05,Day_2,study,8
S08-05,Day_2,visit,2
S08-05,Day_2,ve,0.23
S08-05,Day_2,Fp,0.022019
S08-05,Day_2,E,0.06637877566899462
S08-05,Day_2,Th,829.8632678332593
S08-05,Day_2,vol,1000
S08-05,Day_2,Ktrans,0.0014615942614555927
S08-05,Day_2,khe,0.0015655109624386604
S08-05,Day_2,Khe,0.006806569401907219
S08-05,Day_2,kbh,0.000927863697366001
S08-05,Day_2,Kbh,0.0012050177887870143
S08-05,Day_2,Te,9.7521632043295
S08-05,Day_2,CL,1.5655109624386605
