subject,study,parameter,value
S14-04,Day_4,FA,30.0
S14-04,Day_4,TR,0.036
S14-04,Day_4,n0,4
S14-04,Day_4,center,A
S14-04,Day_4,field_strength,7.0
S14-04,Day_4,BAT,285.0
S14-04,Day_4,duration,30.0
S14-04,Day_4,study,14
S14-04,Day_4,visit,4
S14-04,Day_4,substance,Rifampicin (clinical dose)
S14-04,Day_4,H,0.418
S14-04,Day_4,ve,0.23
S14-04,Day_4,khe,0.0040451432698719045
S14-04,Day_4,Th,393.72282871636185
S14-04,Day_4,Kbh,0.0025398578062142303
S14-04,Day_4,Khe,0.017587579434225672
S14-04,Day_4,kbh,0.0019556905107849577
S14-04,Day_4,E,0.15519954859010354
S14-04,Day_4,Ktrans,0.0034173388604054897
