subject,study,parameter,value
S14-04,Day_4,FA,30.0
S14-04,Day_4,TR,0.036
S14-04,Day_4,n0,4
S14-04,Day_4,center,A
S14-04,Day_4,field_strength,7.0
S14-04,Day_4,BAT,285.0
S14-04,Day_4,duration,30.0
S14-04,Day_4,study,14
S14-04,Day_4,visit,4
S14-04,Day_4,study arm,Rifampicin (clinical dose)
S14-04,Day_4,substance,Rifampicin (clinical dose)
S14-04,Day_4,ve,0.23
S14-04,Day_4,Fp,0.022019
S14-04,Day_4,E,0.11323433002902905
S14-04,Day_4,Th,373.5214361341748
S14-04,Day_4,vol,1000
S14-04,Day_4,Ktrans,0.0024933067129091907
S14-04,Day_4,khe,0.002811686105294098
S14-04,Day_4,Khe,0.012224722196930861
S14-04,Day_4,kbh,0.00206146133932566
S14-04,Day_4,Kbh,0.0026772225186047533
S14-04,Day_4,Te,9.262732371739103
S14-04,Day_4,CL,2.811686105294098
