subject,study,parameter,value
S06-04,Day_1,FA,20.0
S06-04,Day_1,TR,0.0058
S06-04,Day_1,n0,4
S06-04,Day_1,center,E
S06-04,Day_1,field_strength,7.0
S06-04,Day_1,substance,Placebo
S06-04,Day_1,BAT,285.0
S06-04,Day_1,duration,30.0
S06-04,Day_1,study,6
S06-04,Day_1,visit,1
S06-04,Day_1,ve,0.23
S06-04,Day_1,Fp,0.022019
S06-04,Day_1,E,0.6188577375647599
S06-04,Day_1,Th,159.97507180604944
S06-04,Day_1,vol,1000
S06-04,Day_1,Ktrans,0.013626628523438449
S06-04,Day_1,khe,0.0357520796470419
S06-04,Day_1,Khe,0.15544382455235609
S06-04,Day_1,kbh,0.0048132499101705825
S06-04,Day_1,Kbh,0.006250973909312445
S06-04,Day_1,Te,3.981230771611119
S06-04,Day_1,CL,35.752079647041896
