subject,study,parameter,value
S06-04,Day_1,FA,20.0
S06-04,Day_1,TR,0.0058
S06-04,Day_1,n0,4
S06-04,Day_1,center,E
S06-04,Day_1,field_strength,7.0
S06-04,Day_1,substance,Placebo
S06-04,Day_1,BAT,285.0
S06-04,Day_1,duration,30.0
S06-04,Day_1,study,6
S06-04,Day_1,visit,1
S06-04,Day_1,H,0.418
S06-04,Day_1,ve,0.23
S06-04,Day_1,khe,0.02052013398039457
S06-04,Day_1,Th,173.96498504216956
S06-04,Day_1,Kbh,0.005748283194791167
S06-04,Day_1,Khe,0.08921797382780247
S06-04,Day_1,kbh,0.004426178059989199
S06-04,Day_1,E,0.4823825043041987
S06-04,Day_1,Ktrans,0.010621580362274152
