subject,study,parameter,value
S02-10,Day_1,FA,20.0
S02-10,Day_1,TR,0.0058
S02-10,Day_1,n0,4
S02-10,Day_1,center,D
S02-10,Day_1,field_strength,4.7
S02-10,Day_1,BAT,292.0
S02-10,Day_1,duration,22.0
S02-10,Day_1,study,2
S02-10,Day_1,visit,1
S02-10,Day_1,substance,Placebo
S02-10,Day_2,FA,20.0
S02-10,Day_2,TR,0.0058
S02-10,Day_2,n0,4
S02-10,Day_2,center,D
S02-10,Day_2,field_strength,4.7
S02-10,Day_2,BAT,292.0
S02-10,Day_2,duration,22.0
S02-10,Day_2,study,2
S02-10,Day_2,visit,2
S02-10,Day_2,substance,Placebo
S02-10,Day_3,FA,20.0
S02-10,Day_3,TR,0.0058
S02-10,Day_3,n0,4
S02-10,Day_3,center,D
S02-10,Day_3,field_strength,4.7
S02-10,Day_3,BAT,292.0
S02-10,Day_3,duration,22.0
S02-10,Day_3,study,2
S02-10,Day_3,visit,3
S02-10,Day_3,substance,Placebo
S02-11,Day_1,FA,20.0
S02-11,Day_1,TR,0.0058
S02-11,Day_1,n0,4
S02-11,Day_1,center,D
S02-11,Day_1,field_strength,4.7
S02-11,Day_1,BAT,292.0
S02-11,Day_1,duration,22.0
S02-11,Day_1,study,2
S02-11,Day_1,visit,1
S02-11,Day_1,substance,Cyclosporine (clinical dose)
S02-11,Day_2,FA,20.0
S02-11,Day_2,TR,0.0058
S02-11,Day_2,n0,4
S02-11,Day_2,center,D
S02-11,Day_2,field_strength,4.7
S02-11,Day_2,BAT,292.0
S02-11,Day_2,duration,22.0
S02-11,Day_2,study,2
S02-11,Day_2,visit,2
S02-11,Day_2,substance,Cyclosporine (clinical dose)
S02-11,Day_3,FA,20.0
S02-11,Day_3,TR,0.0058
S02-11,Day_3,n0,4
S02-11,Day_3,center,D
S02-11,Day_3,field_strength,4.7
S02-11,Day_3,BAT,292.0
S02-11,Day_3,duration,22.0
S02-11,Day_3,study,2
S02-11,Day_3,visit,3
S02-11,Day_3,substance,Cyclosporine (clinical dose)
S02-12,Day_1,FA,20.0
S02-12,Day_1,TR,0.0058
S02-12,Day_1,n0,4
S02-12,Day_1,center,D
S02-12,Day_1,field_strength,4.7
S02-12,Day_1,BAT,292.0
S02-12,Day_1,duration,22.0
S02-12,Day_1,study,2
S02-12,Day_1,visit,1
S02-12,Day_1,substance,Cyclosporine (clinical dose)
S02-12,Day_2,FA,20.0
S02-12,Day_2,TR,0.0058
S02-12,Day_2,n0,4
S02-12,Day_2,center,D
S02-12,Day_2,field_strength,4.7
S02-12,Day_2,BAT,292.0
S02-12,Day_2,duration,22.0
S02-12,Day_2,study,2
S02-12,Day_2,visit,2
S02-12,Day_2,substance,Cyclosporine (clinical dose)
S02-12,Day_3,FA,20.0
S02-12,Day_3,TR,0.0058
S02-12,Day_3,n0,4
S02-12,Day_3,center,D
S02-12,Day_3,field_strength,4.7
S02-12,Day_3,BAT,292.0
S02-12,Day_3,duration,22.0
S02-12,Day_3,study,2
S02-12,Day_3,visit,3
S02-12,Day_3,substance,Cyclosporine (clinical dose)
S02-13,Day_1,FA,20.0
S02-13,Day_1,TR,0.0058
S02-13,Day_1,n0,4
S02-13,Day_1,center,D
S02-13,Day_1,field_strength,4.7
S02-13,Day_1,BAT,292.0
S02-13,Day_1,duration,22.0
S02-13,Day_1,study,2
S02-13,Day_1,visit,1
S02-13,Day_1,substance,Cyclosporine (clinical dose)
S02-13,Day_2,FA,20.0
S02-13,Day_2,TR,0.0058
S02-13,Day_2,n0,4
S02-13,Day_2,center,D
S02-13,Day_2,field_strength,4.7
S02-13,Day_2,BAT,292.0
S02-13,Day_2,duration,22.0
S02-13,Day_2,study,2
S02-13,Day_2,visit,2
S02-13,Day_2,substance,Cyclosporine (clinical dose)
S02-01,Day_1,FA,20.0
S02-01,Day_1,TR,0.0058
S02-01,Day_1,n0,4
S02-01,Day_1,center,D
S02-01,Day_1,field_strength,4.7
S02-01,Day_1,BAT,292.0
S02-01,Day_1,duration,22.0
S02-01,Day_1,study,2
S02-01,Day_1,visit,1
S02-01,Day_1,substance,Cyclosporine (clinical dose)
S02-01,Day_2,FA,20.0
S02-01,Day_2,TR,0.0058
S02-01,Day_2,n0,4
S02-01,Day_2,center,D
S02-01,Day_2,field_strength,4.7
S02-01,Day_2,BAT,292.0
S02-01,Day_2,duration,22.0
S02-01,Day_2,study,2
S02-01,Day_2,visit,2
S02-01,Day_2,substance,Cyclosporine (clinical dose)
S02-02,Day_1,FA,20.0
S02-02,Day_1,TR,0.0058
S02-02,Day_1,n0,4
S02-02,Day_1,center,D
S02-02,Day_1,field_strength,4.7
S02-02,Day_1,BAT,292.0
S02-02,Day_1,duration,22.0
S02-02,Day_1,study,2
S02-02,Day_1,visit,1
S02-02,Day_1,substance,Cyclosporine (clinical dose)
S02-02,Day_2,FA,20.0
S02-02,Day_2,TR,0.0058
S02-02,Day_2,n0,4
S02-02,Day_2,center,D
S02-02,Day_2,field_strength,4.7
S02-02,Day_2,BAT,292.0
S02-02,Day_2,duration,22.0
S02-02,Day_2,study,2
S02-02,Day_2,visit,2
S02-02,Day_2,substance,Cyclosporine (clinical dose)
S02-02,Day_3,FA,20.0
S02-02,Day_3,TR,0.0058
S02-02,Day_3,n0,4
S02-02,Day_3,center,D
S02-02,Day_3,field_strength,4.7
S02-02,Day_3,BAT,292.0
S02-02,Day_3,duration,22.0
S02-02,Day_3,study,2
S02-02,Day_3,visit,3
S02-02,Day_3,substance,Cyclosporine (clinical dose)
S02-03,Day_1,FA,20.0
S02-03,Day_1,TR,0.0058
S02-03,Day_1,n0,4
S02-03,Day_1,center,D
S02-03,Day_1,field_strength,4.7
S02-03,Day_1,BAT,292.0
S02-03,Day_1,duration,22.0
S02-03,Day_1,study,2
S02-03,Day_1,visit,1
S02-03,Day_1,substance,Placebo
S02-03,Day_2,FA,20.0
S02-03,Day_2,TR,0.0058
S02-03,Day_2,n0,4
S02-03,Day_2,center,D
S02-03,Day_2,field_strength,4.7
S02-03,Day_2,BAT,292.0
S02-03,Day_2,duration,22.0
S02-03,Day_2,study,2
S02-03,Day_2,visit,2
S02-03,Day_2,substance,Placebo
S02-03,Day_3,FA,20.0
S02-03,Day_3,TR,0.0058
S02-03,Day_3,n0,4
S02-03,Day_3,center,D
S02-03,Day_3,field_strength,4.7
S02-03,Day_3,BAT,292.0
S02-03,Day_3,duration,22.0
S02-03,Day_3,study,2
S02-03,Day_3,visit,3
S02-03,Day_3,substance,Placebo
S02-04,Day_1,FA,20.0
S02-04,Day_1,TR,0.0058
S02-04,Day_1,n0,4
S02-04,Day_1,center,D
S02-04,Day_1,field_strength,4.7
S02-04,Day_1,BAT,292.0
S02-04,Day_1,duration,22.0
S02-04,Day_1,study,2
S02-04,Day_1,visit,1
S02-04,Day_1,substance,Placebo
S02-04,Day_2,FA,20.0
S02-04,Day_2,TR,0.0058
S02-04,Day_2,n0,4
S02-04,Day_2,center,D
S02-04,Day_2,field_strength,4.7
S02-04,Day_2,BAT,292.0
S02-04,Day_2,duration,22.0
S02-04,Day_2,study,2
S02-04,Day_2,visit,2
S02-04,Day_2,substance,Placebo
S02-04,Day_3,FA,20.0
S02-04,Day_3,TR,0.0058
S02-04,Day_3,n0,4
S02-04,Day_3,center,D
S02-04,Day_3,field_strength,4.7
S02-04,Day_3,BAT,292.0
S02-04,Day_3,duration,22.0
S02-04,Day_3,study,2
S02-04,Day_3,visit,3
S02-04,Day_3,substance,Placebo
S02-05,Day_1,FA,20.0
S02-05,Day_1,TR,0.0058
S02-05,Day_1,n0,4
S02-05,Day_1,center,D
S02-05,Day_1,field_strength,4.7
S02-05,Day_1,BAT,292.0
S02-05,Day_1,duration,22.0
S02-05,Day_1,study,2
S02-05,Day_1,visit,1
S02-05,Day_1,substance,Placebo
S02-05,Day_2,FA,20.0
S02-05,Day_2,TR,0.0058
S02-05,Day_2,n0,4
S02-05,Day_2,center,D
S02-05,Day_2,field_strength,4.7
S02-05,Day_2,BAT,292.0
S02-05,Day_2,duration,22.0
S02-05,Day_2,study,2
S02-05,Day_2,visit,2
S02-05,Day_2,substance,Placebo
S02-05,Day_3,FA,20.0
S02-05,Day_3,TR,0.0058
S02-05,Day_3,n0,4
S02-05,Day_3,center,D
S02-05,Day_3,field_strength,4.7
S02-05,Day_3,BAT,292.0
S02-05,Day_3,duration,22.0
S02-05,Day_3,study,2
S02-05,Day_3,visit,3
S02-05,Day_3,substance,Placebo
S02-06,Day_1,FA,20.0
S02-06,Day_1,TR,0.0058
S02-06,Day_1,n0,4
S02-06,Day_1,center,D
S02-06,Day_1,field_strength,4.7
S02-06,Day_1,BAT,292.0
S02-06,Day_1,duration,22.0
S02-06,Day_1,study,2
S02-06,Day_1,visit,1
S02-06,Day_1,substance,Placebo
S02-06,Day_2,FA,20.0
S02-06,Day_2,TR,0.0058
S02-06,Day_2,n0,4
S02-06,Day_2,center,D
S02-06,Day_2,field_strength,4.7
S02-06,Day_2,BAT,292.0
S02-06,Day_2,duration,22.0
S02-06,Day_2,study,2
S02-06,Day_2,visit,2
S02-06,Day_2,substance,Placebo
S02-06,Day_3,FA,20.0
S02-06,Day_3,TR,0.0058
S02-06,Day_3,n0,4
S02-06,Day_3,center,D
S02-06,Day_3,field_strength,4.7
S02-06,Day_3,BAT,292.0
S02-06,Day_3,duration,22.0
S02-06,Day_3,study,2
S02-06,Day_3,visit,3
S02-06,Day_3,substance,Placebo
S02-07,Day_1,FA,20.0
S02-07,Day_1,TR,0.0058
S02-07,Day_1,n0,4
S02-07,Day_1,center,D
S02-07,Day_1,field_strength,4.7
S02-07,Day_1,BAT,292.0
S02-07,Day_1,duration,22.0
S02-07,Day_1,study,2
S02-07,Day_1,visit,1
S02-07,Day_1,substance,Cyclosporine (clinical dose)
S02-07,Day_2,FA,20.0
S02-07,Day_2,TR,0.0058
S02-07,Day_2,n0,4
S02-07,Day_2,center,D
S02-07,Day_2,field_strength,4.7
S02-07,Day_2,BAT,292.0
S02-07,Day_2,duration,22.0
S02-07,Day_2,study,2
S02-07,Day_2,visit,2
S02-07,Day_2,substance,Cyclosporine (clinical dose)
S02-07,Day_3,FA,20.0
S02-07,Day_3,TR,0.0058
S02-07,Day_3,n0,4
S02-07,Day_3,center,D
S02-07,Day_3,field_strength,4.7
S02-07,Day_3,BAT,292.0
S02-07,Day_3,duration,22.0
S02-07,Day_3,study,2
S02-07,Day_3,visit,3
S02-07,Day_3,substance,Cyclosporine (clinical dose)
S02-08,Day_1,FA,20.0
S02-08,Day_1,TR,0.0058
S02-08,Day_1,n0,4
S02-08,Day_1,center,D
S02-08,Day_1,field_strength,4.7
S02-08,Day_1,BAT,292.0
S02-08,Day_1,duration,22.0
S02-08,Day_1,study,2
S02-08,Day_1,visit,1
S02-08,Day_1,substance,Cyclosporine (clinical dose)
S02-08,Day_2,FA,20.0
S02-08,Day_2,TR,0.0058
S02-08,Day_2,n0,4
S02-08,Day_2,center,D
S02-08,Day_2,field_strength,4.7
S02-08,Day_2,BAT,292.0
S02-08,Day_2,duration,22.0
S02-08,Day_2,study,2
S02-08,Day_2,visit,2
S02-08,Day_2,substance,Cyclosporine (clinical dose)
S02-08,Day_3,FA,20.0
S02-08,Day_3,TR,0.0058
S02-08,Day_3,n0,4
S02-08,Day_3,center,D
S02-08,Day_3,field_strength,4.7
S02-08,Day_3,BAT,292.0
S02-08,Day_3,duration,22.0
S02-08,Day_3,study,2
S02-08,Day_3,visit,3
S02-08,Day_3,substance,Cyclosporine (clinical dose)
S02-09,Day_1,FA,20.0
S02-09,Day_1,TR,0.0058
S02-09,Day_1,n0,4
S02-09,Day_1,center,D
S02-09,Day_1,field_strength,4.7
S02-09,Day_1,BAT,292.0
S02-09,Day_1,duration,22.0
S02-09,Day_1,study,2
S02-09,Day_1,visit,1
S02-09,Day_1,substance,Placebo
S02-09,Day_2,FA,20.0
S02-09,Day_2,TR,0.0058
S02-09,Day_2,n0,4
S02-09,Day_2,center,D
S02-09,Day_2,field_strength,4.7
S02-09,Day_2,BAT,292.0
S02-09,Day_2,duration,22.0
S02-09,Day_2,study,2
S02-09,Day_2,visit,2
S02-09,Day_2,substance,Placebo
S02-09,Day_3,FA,20.0
S02-09,Day_3,TR,0.0058
S02-09,Day_3,n0,4
S02-09,Day_3,center,D
S02-09,Day_3,field_strength,4.7
S02-09,Day_3,BAT,292.0
S02-09,Day_3,duration,22.0
S02-09,Day_3,study,2
S02-09,Day_3,visit,3
S02-09,Day_3,substance,Placebo
