subject,study,parameter,value
S11-06,Day_1,FA,20.0
S11-06,Day_1,TR,0.0058
S11-06,Day_1,n0,4
S11-06,Day_1,center,G
S11-06,Day_1,field_strength,7.0
S11-06,Day_1,BAT,285.0
S11-06,Day_1,duration,30.0
S11-06,Day_1,study,11
S11-06,Day_1,visit,1
S11-06,Day_1,substance,Bosentan (clinical dose)
S11-06,Day_1,H,0.418
S11-06,Day_1,ve,0.23
S11-06,Day_1,khe,0.03163963345733347
S11-06,Day_1,Th,259.0343113893766
S11-06,Day_1,Kbh,0.0038604924368371204
S11-06,Day_1,Khe,0.13756362372753683
S11-06,Day_1,kbh,0.0029725791763645826
S11-06,Day_1,E,0.5896466499187245
S11-06,Day_1,Ktrans,0.012983429584560398
