subject,study,parameter,value
S11-06,Day_1,FA,20.0
S11-06,Day_1,TR,0.0058
S11-06,Day_1,n0,4
S11-06,Day_1,center,G
S11-06,Day_1,field_strength,7.0
S11-06,Day_1,BAT,285.0
S11-06,Day_1,duration,30.0
S11-06,Day_1,study,11
S11-06,Day_1,visit,1
S11-06,Day_1,study arm,Bosentan (clinical dose)
S11-06,Day_1,substance,Placebo
S11-06,Day_1,ve,0.23
S11-06,Day_1,Fp,0.022019
S11-06,Day_1,E,0.8999858841141887
S11-06,Day_1,Th,248.17388734750085
S11-06,Day_1,vol,1000
S11-06,Day_1,Ktrans,0.01981678918231032
S11-06,Day_1,khe,0.19813992261787983
S11-06,Day_1,Khe,0.8614779244255645
S11-06,Day_1,kbh,0.003102663250472528
S11-06,Day_1,Kbh,0.004029432792821465
S11-06,Day_1,Te,1.0446998798190927
S11-06,Day_1,CL,198.13992261787982
