subject,study,parameter,value
S03-06,Day_2,FA,20.0
S03-06,Day_2,TR,0.0058
S03-06,Day_2,n0,4
S03-06,Day_2,center,G
S03-06,Day_2,field_strength,7.0
S03-06,Day_2,BAT,285.0
S03-06,Day_2,duration,30.0
S03-06,Day_2,study,3
S03-06,Day_2,visit,2
S03-06,Day_2,substance,Bosentan (clinical dose)
S03-06,Day_2,H,0.418
S03-06,Day_2,ve,0.23
S03-06,Day_2,khe,0.022781251145829264
S03-06,Day_2,Th,283.46277720280517
S03-06,Day_2,Kbh,0.0035278000514492383
S03-06,Day_2,Khe,0.09904891802534463
S03-06,Day_2,kbh,0.0027164060396159136
S03-06,Day_2,E,0.50850721956165
S03-06,Day_2,Ktrans,0.011196820467527971
