subject,study,parameter,value
S14-01,Day_3,FA,30.0
S14-01,Day_3,TR,0.036
S14-01,Day_3,n0,4
S14-01,Day_3,center,A
S14-01,Day_3,field_strength,7.0
S14-01,Day_3,BAT,285.0
S14-01,Day_3,duration,30.0
S14-01,Day_3,study,14
S14-01,Day_3,visit,3
S14-01,Day_3,substance,Rifampicin (clinical dose)
S14-01,Day_3,H,0.418
S14-01,Day_3,ve,0.23
S14-01,Day_3,khe,0.008354986885429053
S14-01,Day_3,Th,315.2769534318148
S14-01,Day_3,Kbh,0.003171814460635071
S14-01,Day_3,Khe,0.036326029936648054
S14-01,Day_3,kbh,0.0024422971346890047
S14-01,Day_3,E,0.2750704712207896
S14-01,Day_3,Ktrans,0.006056776705810566
