subject,study,parameter,value
S14-01,Day_3,FA,30.0
S14-01,Day_3,TR,0.036
S14-01,Day_3,n0,4
S14-01,Day_3,center,A
S14-01,Day_3,field_strength,7.0
S14-01,Day_3,BAT,285.0
S14-01,Day_3,duration,30.0
S14-01,Day_3,study,14
S14-01,Day_3,visit,3
S14-01,Day_3,study arm,Rifampicin (clinical dose)
S14-01,Day_3,substance,Rifampicin (clinical dose)
S14-01,Day_3,ve,0.23
S14-01,Day_3,Fp,0.022019
S14-01,Day_3,E,0.2354510931059042
S14-01,Day_3,Th,299.48549439920686
S14-01,Day_3,vol,1000
S14-01,Day_3,Ktrans,0.005184397619098904
S14-01,Day_3,khe,0.006780988858070579
S14-01,Day_3,Khe,0.029482560252480777
S14-01,Day_3,kbh,0.002571076110195871
S14-01,Day_3,Kbh,0.003339059883371261
S14-01,Day_3,Te,7.986114200719472
S14-01,Day_3,CL,6.780988858070579
