subject,study,parameter,value
S12-02,Day_1,FA,20.0
S12-02,Day_1,TR,0.0058
S12-02,Day_1,n0,4
S12-02,Day_1,center,G
S12-02,Day_1,field_strength,4.7
S12-02,Day_1,substance,Rifampicin
S12-02,Day_1,BAT,285.0
S12-02,Day_1,duration,30.0
S12-02,Day_1,study,12
S12-02,Day_1,visit,1
S12-02,Day_1,H,0.418
S12-02,Day_1,ve,0.23
S12-02,Day_1,khe,0.027448195249405175
S12-02,Day_1,Th,262.2690187468471
S12-02,Day_1,Kbh,0.0038128788706272673
S12-02,Day_1,Khe,0.11933997934523989
S12-02,Day_1,kbh,0.002935916730382996
S12-02,Day_1,E,0.5548767240797876
S12-02,Day_1,Ktrans,0.012217830587512843
