subject,study,parameter,value
S01-09,Day_4,FA,30.0
S01-09,Day_4,TR,0.036
S01-09,Day_4,n0,4
S01-09,Day_4,center,A
S01-09,Day_4,field_strength,7.0
S01-09,Day_4,BAT,285.0
S01-09,Day_4,duration,30.0
S01-09,Day_4,study,1
S01-09,Day_4,visit,4
S01-09,Day_4,substance,Placebo
S01-09,Day_4,H,0.418
S01-09,Day_4,ve,0.23
S01-09,Day_4,khe,0.011872376741346512
S01-09,Day_4,Th,397.2823040746432
S01-09,Day_4,Kbh,0.002517101793217841
S01-09,Day_4,Khe,0.05161902931020223
S01-09,Day_4,kbh,0.0019381683807777376
S01-09,Day_4,E,0.3503067117029374
S01-09,Day_4,Ktrans,0.007713403484986979
