subject,study,parameter,value
S11-04,Day_1,FA,20.0
S11-04,Day_1,TR,0.0058
S11-04,Day_1,n0,4
S11-04,Day_1,center,G
S11-04,Day_1,field_strength,7.0
S11-04,Day_1,BAT,285.0
S11-04,Day_1,duration,30.0
S11-04,Day_1,study,11
S11-04,Day_1,visit,1
S11-04,Day_1,substance,Bosentan (clinical dose)
S11-04,Day_1,H,0.418
S11-04,Day_1,ve,0.23
S11-04,Day_1,khe,0.02545443991018438
S11-04,Day_1,Th,249.35282021503002
S11-04,Day_1,Kbh,0.004010381751999627
S11-04,Day_1,Khe,0.11067147787036687
S11-04,Day_1,kbh,0.0030879939490397125
S11-04,Day_1,E,0.5361827573131833
S11-04,Day_1,Ktrans,0.011806208133278982
