subject,study,parameter,value
S11-04,Day_1,FA,20.0
S11-04,Day_1,TR,0.0058
S11-04,Day_1,n0,4
S11-04,Day_1,center,G
S11-04,Day_1,field_strength,7.0
S11-04,Day_1,BAT,285.0
S11-04,Day_1,duration,30.0
S11-04,Day_1,study,11
S11-04,Day_1,visit,1
S11-04,Day_1,study arm,Bosentan (clinical dose)
S11-04,Day_1,substance,Placebo
S11-04,Day_1,ve,0.23
S11-04,Day_1,Fp,0.022019
S11-04,Day_1,E,0.742096439055765
S11-04,Day_1,Th,233.66974482803917
S11-04,Day_1,vol,1000
S11-04,Day_1,Ktrans,0.01634022149156889
S11-04,Day_1,khe,0.06335787467123044
S11-04,Day_1,Khe,0.27546902030969755
S11-04,Day_1,kbh,0.0032952490300644345
S11-04,Day_1,Kbh,0.0042795441948888764
S11-04,Day_1,Te,2.6939379180332472
S11-04,Day_1,CL,63.35787467123044
