subject,study,parameter,value
S01-05,Day_1,FA,20.0
S01-05,Day_1,TR,0.0058
S01-05,Day_1,n0,4
S01-05,Day_1,center,D
S01-05,Day_1,field_strength,4.7
S01-05,Day_1,BAT,292.0
S01-05,Day_1,duration,22.0
S01-05,Day_1,study,1
S01-05,Day_1,visit,1
S01-05,Day_1,substance,Placebo
S01-05,Day_1,ve,0.23
S01-05,Day_1,Fp,0.022019
S01-05,Day_1,E,0.7388165870902133
S01-05,Day_1,Th,191.14347825241194
S01-05,Day_1,vol,1000
S01-05,Day_1,Ktrans,0.016268002431139406
S01-05,Day_1,khe,0.062285741080956025
S01-05,Day_1,Khe,0.2708075699172001
S01-05,Day_1,kbh,0.004028387507855157
S01-05,Day_1,Kbh,0.005231672088123579
S01-05,Day_1,Te,2.728197691505107
S01-05,Day_1,CL,62.28574108095602
