subject,study,parameter,value
S01-05,Day_1,FA,20.0
S01-05,Day_1,TR,0.0058
S01-05,Day_1,n0,4
S01-05,Day_1,center,D
S01-05,Day_1,field_strength,4.7
S01-05,Day_1,BAT,292.0
S01-05,Day_1,duration,22.0
S01-05,Day_1,study,1
S01-05,Day_1,visit,1
S01-05,Day_1,substance,Placebo
S01-05,Day_1,H,0.418
S01-05,Day_1,ve,0.23
S01-05,Day_1,khe,0.025264105372828236
S01-05,Day_1,Th,204.78242984690968
S01-05,Day_1,Kbh,0.0048832314410351295
S01-05,Day_1,Khe,0.10984393640360102
S01-05,Day_1,kbh,0.0037600882095970498
S01-05,Day_1,E,0.5343156963490502
S01-05,Day_1,Ktrans,0.011765097317909737
