subject,study,parameter,value
S01-09,Day_1,FA,30.0
S01-09,Day_1,TR,0.036
S01-09,Day_1,n0,4
S01-09,Day_1,center,A
S01-09,Day_1,field_strength,7.0
S01-09,Day_1,BAT,285.0
S01-09,Day_1,duration,30.0
S01-09,Day_1,study,1
S01-09,Day_1,visit,1
S01-09,Day_1,substance,Placebo
S01-09,Day_1,H,0.418
S01-09,Day_1,ve,0.23
S01-09,Day_1,khe,0.008268675134486645
S01-09,Day_1,Th,325.5454793613559
S01-09,Day_1,Kbh,0.003071767428507274
S01-09,Day_1,Khe,0.03595076145428976
S01-09,Day_1,kbh,0.002365260919950601
S01-09,Day_1,E,0.2730046164907399
S01-09,Day_1,Ktrans,0.006011288650509601
