subject,study,parameter,value
S06-03,Day_1,FA,20.0
S06-03,Day_1,TR,0.0058
S06-03,Day_1,n0,4
S06-03,Day_1,center,E
S06-03,Day_1,field_strength,7.0
S06-03,Day_1,substance,Pioglitazone
S06-03,Day_1,BAT,285.0
S06-03,Day_1,duration,30.0
S06-03,Day_1,study,6
S06-03,Day_1,visit,1
S06-03,Day_1,H,0.418
S06-03,Day_1,ve,0.23
S06-03,Day_1,khe,0.02539169921045032
S06-03,Day_1,Th,162.8861377062554
S06-03,Day_1,Kbh,0.006139257852644121
S06-03,Day_1,Khe,0.11039869221934921
S06-03,Day_1,kbh,0.004727228546535973
S06-03,Day_1,E,0.5355689672016787
S06-03,Day_1,Ktrans,0.011792693088813762
