subject,study,parameter,value
S09-01,Day_1,FA,20.0
S09-01,Day_1,TR,0.0058
S09-01,Day_1,n0,4
S09-01,Day_1,center,G
S09-01,Day_1,field_strength,7.0
S09-01,Day_1,substance,Placebo
S09-01,Day_1,BAT,285.0
S09-01,Day_1,duration,30.0
S09-01,Day_1,study,9
S09-01,Day_1,visit,1
S09-01,Day_1,H,0.418
S09-01,Day_1,ve,0.23
S09-01,Day_1,khe,0.020030085217992263
S09-01,Day_1,Th,373.94728332849365
S09-01,Day_1,Kbh,0.002674173726037076
S09-01,Day_1,Khe,0.08708732703474896
S09-01,Day_1,kbh,0.0020591137690485484
S09-01,Day_1,E,0.4763500826272826
S09-01,Day_1,Ktrans,0.010488752469370135
