subject,study,parameter,value
S01-11,Day_3,FA,30.0
S01-11,Day_3,TR,0.036
S01-11,Day_3,n0,4
S01-11,Day_3,center,A
S01-11,Day_3,field_strength,7.0
S01-11,Day_3,BAT,285.0
S01-11,Day_3,duration,30.0
S01-11,Day_3,study,1
S01-11,Day_3,visit,3
S01-11,Day_3,substance,Rifampicin (high dose)
S01-11,Day_3,H,0.418
S01-11,Day_3,ve,0.23
S01-11,Day_3,khe,0.002162529689795906
S01-11,Day_3,Th,965.4506841135685
S01-11,Day_3,Kbh,0.0010357856868869
S01-11,Day_3,Khe,0.009402302999112634
S01-11,Day_3,kbh,0.000797554978902913
S01-11,Day_3,E,0.08942898640148673
S01-11,Day_3,Ktrans,0.0019691368515743365
