subject,study,parameter,value
S08-03,Day_2,FA,20.0
S08-03,Day_2,TR,0.0058
S08-03,Day_2,n0,4
S08-03,Day_2,center,G
S08-03,Day_2,field_strength,4.7
S08-03,Day_2,substance,Cyclosporine
S08-03,Day_2,BAT,285.0
S08-03,Day_2,duration,30.0
S08-03,Day_2,study,8
S08-03,Day_2,visit,2
S08-03,Day_2,H,0.418
S08-03,Day_2,ve,0.23
S08-03,Day_2,khe,0.0024006051325673574
S08-03,Day_2,Th,966.2476200204869
S08-03,Day_2,Kbh,0.0010349313977909694
S08-03,Day_2,Khe,0.010437413619858076
S08-03,Day_2,kbh,0.0007968971762990465
S08-03,Day_2,E,0.09830646808312947
S08-03,Day_2,Ktrans,0.0021646101207224277
