subject,study,parameter,value
S08-03,Day_2,FA,20.0
S08-03,Day_2,TR,0.0058
S08-03,Day_2,n0,4
S08-03,Day_2,center,G
S08-03,Day_2,field_strength,4.7
S08-03,Day_2,substance,Cyclosporine
S08-03,Day_2,BAT,285.0
S08-03,Day_2,duration,30.0
S08-03,Day_2,study,8
S08-03,Day_2,visit,2
S08-03,Day_2,ve,0.23
S08-03,Day_2,Fp,0.022019
S08-03,Day_2,E,0.06481266613749803
S08-03,Day_2,Th,934.4980909124855
S08-03,Day_2,vol,1000
S08-03,Day_2,Ktrans,0.001427110095681569
S08-03,Day_2,khe,0.0015260152100086005
S08-03,Day_2,Khe,0.006634848739167828
S08-03,Day_2,kbh,0.0008239717207427762
S08-03,Day_2,Kbh,0.0010700931438217872
S08-03,Day_2,Te,9.768522039528383
S08-03,Day_2,CL,1.5260152100086004
