subject,study,parameter,value
S11-03,Day_2,FA,20.0
S11-03,Day_2,TR,0.0058
S11-03,Day_2,n0,4
S11-03,Day_2,center,G
S11-03,Day_2,field_strength,7.0
S11-03,Day_2,BAT,285.0
S11-03,Day_2,duration,30.0
S11-03,Day_2,study,11
S11-03,Day_2,visit,2
S11-03,Day_2,substance,Bosentan (clinical dose)
S11-03,Day_2,H,0.418
S11-03,Day_2,ve,0.23
S11-03,Day_2,khe,0.03849892756643975
S11-03,Day_2,Th,225.30516848328716
S11-03,Day_2,Kbh,0.004438424589776682
S11-03,Day_2,Khe,0.1673866415932163
S11-03,Day_2,kbh,0.003417586934128045
S11-03,Day_2,E,0.6361574018570548
S11-03,Day_2,Ktrans,0.014007549831490492
