subject,study,parameter,value
S11-03,Day_2,FA,20.0
S11-03,Day_2,TR,0.0058
S11-03,Day_2,n0,4
S11-03,Day_2,center,G
S11-03,Day_2,field_strength,7.0
S11-03,Day_2,BAT,285.0
S11-03,Day_2,duration,30.0
S11-03,Day_2,study,11
S11-03,Day_2,visit,2
S11-03,Day_2,study arm,Bosentan (clinical dose)
S11-03,Day_2,substance,Bosentan (clinical dose)
S11-03,Day_2,ve,0.23
S11-03,Day_2,Fp,0.022019
S11-03,Day_2,E,0.8999942517849471
S11-03,Day_2,Th,259.89996076277663
S11-03,Day_2,vol,1000
S11-03,Day_2,Ktrans,0.01981697343005275
S11-03,Day_2,khe,0.1981583437327844
S11-03,Day_2,Khe,0.8615580162294973
S11-03,Day_2,kbh,0.002962678400335799
S11-03,Day_2,Kbh,0.0038476342861503885
S11-03,Day_2,Te,1.0446124751106851
S11-03,Day_2,CL,198.1583437327844
