subject,study,parameter,value
S14-09,Day_1,FA,30.0
S14-09,Day_1,TR,0.036
S14-09,Day_1,n0,4
S14-09,Day_1,center,A
S14-09,Day_1,field_strength,7.0
S14-09,Day_1,BAT,285.0
S14-09,Day_1,duration,30.0
S14-09,Day_1,study,14
S14-09,Day_1,visit,1
S14-09,Day_1,substance,Placebo
S14-09,Day_1,H,0.418
S14-09,Day_1,ve,0.23
S14-09,Day_1,khe,0.008197166267745089
S14-09,Day_1,Th,327.30016265116984
S14-09,Day_1,Kbh,0.003055299428817518
S14-09,Day_1,Khe,0.03563985333802212
S14-09,Day_1,kbh,0.002352580560189489
S14-09,Day_1,E,0.2712841263550808
S14-09,Day_1,Ktrans,0.005973405178212524
