subject,study,parameter,value
S14-09,Day_1,FA,30.0
S14-09,Day_1,TR,0.036
S14-09,Day_1,n0,4
S14-09,Day_1,center,A
S14-09,Day_1,field_strength,7.0
S14-09,Day_1,BAT,285.0
S14-09,Day_1,duration,30.0
S14-09,Day_1,study,14
S14-09,Day_1,visit,1
S14-09,Day_1,study arm,Placebo
S14-09,Day_1,substance,Placebo
S14-09,Day_1,ve,0.23
S14-09,Day_1,Fp,0.022019
S14-09,Day_1,E,0.22663671116300294
S14-09,Day_1,Th,316.7216700369633
S14-09,Day_1,vol,1000
S14-09,Day_1,Ktrans,0.004990313743098162
S14-09,Day_1,khe,0.006452741958572561
S14-09,Day_1,Khe,0.0280553998198807
S14-09,Day_1,kbh,0.0024311566679669767
S14-09,Day_1,Kbh,0.003157346322035035
S14-09,Day_1,Te,8.078185041668982
S14-09,Day_1,CL,6.452741958572561
