subject,study,parameter,value
S04-04,Day_2,FA,20.0
S04-04,Day_2,TR,0.0058
S04-04,Day_2,n0,4
S04-04,Day_2,center,G
S04-04,Day_2,field_strength,4.7
S04-04,Day_2,BAT,285.0
S04-04,Day_2,duration,30.0
S04-04,Day_2,study,4
S04-04,Day_2,visit,2
S04-04,Day_2,substance,Placebo
S04-04,Day_2,H,0.418
S04-04,Day_2,ve,0.23
S04-04,Day_2,khe,0.032057825437651816
S04-04,Day_2,Th,219.23859502788076
S04-04,Day_2,Kbh,0.0045612406879036475
S04-04,Day_2,Khe,0.13938184972892093
S04-04,Day_2,kbh,0.0035121553296858085
S04-04,Day_2,E,0.5928200329476269
S04-04,Day_2,Ktrans,0.013053304305473796
