subject,study,parameter,value
S04-04,Day_2,FA,20.0
S04-04,Day_2,TR,0.0058
S04-04,Day_2,n0,4
S04-04,Day_2,center,G
S04-04,Day_2,field_strength,4.7
S04-04,Day_2,BAT,285.0
S04-04,Day_2,duration,30.0
S04-04,Day_2,study,4
S04-04,Day_2,visit,2
S04-04,Day_2,substance,Placebo
S04-04,Day_2,ve,0.23
S04-04,Day_2,Fp,0.022019
S04-04,Day_2,E,0.8999873261062418
S04-04,Day_2,Th,212.67759858866592
S04-04,Day_2,vol,1000
S04-04,Day_2,Ktrans,0.019816820933533336
S04-04,Day_2,khe,0.1981430968897443
S04-04,Day_2,Khe,0.8614917256075839
S04-04,Day_2,kbh,0.003620503546728664
S04-04,Day_2,Kbh,0.004701952658089174
S04-04,Day_2,Te,1.044684817456033
S04-04,Day_2,CL,198.1430968897443
