subject,study,parameter,value
S12-01,Day_2,FA,20.0
S12-01,Day_2,TR,0.0058
S12-01,Day_2,n0,4
S12-01,Day_2,center,G
S12-01,Day_2,field_strength,4.7
S12-01,Day_2,substance,Rifampicin
S12-01,Day_2,BAT,285.0
S12-01,Day_2,duration,30.0
S12-01,Day_2,study,12
S12-01,Day_2,visit,2
S12-01,Day_2,ve,0.23
S12-01,Day_2,Fp,0.022019
S12-01,Day_2,E,0.43235175159565997
S12-01,Day_2,Th,427.531398359057
S12-01,Day_2,vol,1000
S12-01,Day_2,Ktrans,0.009519953218384837
S12-01,Day_2,khe,0.016770866897141738
S12-01,Day_2,Khe,0.07291681259626842
S12-01,Day_2,kbh,0.00180103731083939
S12-01,Day_2,Kbh,0.0023390094945966106
S12-01,Day_2,Te,5.9293835838593125
S12-01,Day_2,CL,16.770866897141737
