subject,study,parameter,value
S12-01,Day_2,FA,20.0
S12-01,Day_2,TR,0.0058
S12-01,Day_2,n0,4
S12-01,Day_2,center,G
S12-01,Day_2,field_strength,4.7
S12-01,Day_2,substance,Rifampicin
S12-01,Day_2,BAT,285.0
S12-01,Day_2,duration,30.0
S12-01,Day_2,study,12
S12-01,Day_2,visit,2
S12-01,Day_2,H,0.418
S12-01,Day_2,ve,0.23
S12-01,Day_2,khe,0.015453359849209694
S12-01,Day_2,Th,450.63946258418014
S12-01,Day_2,Kbh,0.00221906886331154
S12-01,Day_2,Khe,0.0671885210835204
S12-01,Day_2,kbh,0.001708683024749886
S12-01,Day_2,E,0.4123935591832125
S12-01,Day_2,Ktrans,0.009080493779655155
