subject,study,parameter,value
S06-05,Day_2,FA,20.0
S06-05,Day_2,TR,0.0058
S06-05,Day_2,n0,4
S06-05,Day_2,center,E
S06-05,Day_2,field_strength,7.0
S06-05,Day_2,substance,Pioglitazone
S06-05,Day_2,BAT,285.0
S06-05,Day_2,duration,30.0
S06-05,Day_2,study,6
S06-05,Day_2,visit,2
S06-05,Day_2,H,0.418
S06-05,Day_2,ve,0.23
S06-05,Day_2,khe,0.02004039356605152
S06-05,Day_2,Th,242.105633420373
S06-05,Day_2,Kbh,0.004130428465758495
S06-05,Day_2,Khe,0.08713214593935444
S06-05,Day_2,kbh,0.0031804299186340415
S06-05,Day_2,E,0.4764784241260967
S06-05,Day_2,Ktrans,0.010491578420832526
