subject,study,parameter,value
S06-05,Day_2,FA,20.0
S06-05,Day_2,TR,0.0058
S06-05,Day_2,n0,4
S06-05,Day_2,center,E
S06-05,Day_2,field_strength,7.0
S06-05,Day_2,substance,Pioglitazone
S06-05,Day_2,BAT,285.0
S06-05,Day_2,duration,30.0
S06-05,Day_2,study,6
S06-05,Day_2,visit,2
S06-05,Day_2,ve,0.23
S06-05,Day_2,Fp,0.022019
S06-05,Day_2,E,0.5865390124753702
S06-05,Day_2,Th,225.52273911503687
S06-05,Day_2,vol,1000
S06-05,Day_2,Ktrans,0.012915002515695178
S06-05,Day_2,khe,0.031236326776600255
S06-05,Day_2,Khe,0.1358101164200011
S06-05,Day_2,kbh,0.0034142898539700284
S06-05,Day_2,Kbh,0.004434142667493543
S06-05,Day_2,Te,4.31881680052068
S06-05,Day_2,CL,31.236326776600254
