subject,study,parameter,value
S12-03,Day_1,FA,20.0
S12-03,Day_1,TR,0.0058
S12-03,Day_1,n0,4
S12-03,Day_1,center,G
S12-03,Day_1,field_strength,4.7
S12-03,Day_1,substance,Rifampicin
S12-03,Day_1,BAT,285.0
S12-03,Day_1,duration,30.0
S12-03,Day_1,study,12
S12-03,Day_1,visit,1
S12-03,Day_1,H,0.418
S12-03,Day_1,ve,0.23
S12-03,Day_1,khe,0.030763753397539804
S12-03,Day_1,Th,261.478684342107
S12-03,Day_1,Kbh,0.003824403516929299
S12-03,Day_1,Khe,0.13375544955452087
S12-03,Day_1,kbh,0.0029447907080355604
S12-03,Day_1,E,0.5828372227162688
S12-03,Day_1,Ktrans,0.012833492806989526
