subject,study,parameter,value
S15-03,Day_1,FA,20.0
S15-03,Day_1,TR,0.0058
S15-03,Day_1,n0,4
S15-03,Day_1,center,D
S15-03,Day_1,field_strength,4.7
S15-03,Day_1,BAT,292.0
S15-03,Day_1,duration,22.0
S15-03,Day_1,study,15
S15-03,Day_1,visit,1
S15-03,Day_1,study arm,Placebo
S15-03,Day_1,substance,Placebo
S15-03,Day_1,ve,0.23
S15-03,Day_1,Fp,0.022019
S15-03,Day_1,E,0.8509570386262182
S15-03,Day_1,Th,302.17884091907774
S15-03,Day_1,vol,1000
S15-03,Day_1,Ktrans,0.0187372230335107
S15-03,Day_1,khe,0.12571692658816674
S15-03,Day_1,Khe,0.5465953329920293
S15-03,Day_1,kbh,0.0025481598832600024
S15-03,Day_1,Kbh,0.003309298549688315
S15-03,Day_1,Te,1.5568318777405792
S15-03,Day_1,CL,125.71692658816674
