subject,study,parameter,value
S15-03,Day_1,FA,20.0
S15-03,Day_1,TR,0.0058
S15-03,Day_1,n0,4
S15-03,Day_1,center,D
S15-03,Day_1,field_strength,4.7
S15-03,Day_1,BAT,292.0
S15-03,Day_1,duration,22.0
S15-03,Day_1,study,15
S15-03,Day_1,visit,1
S15-03,Day_1,substance,Placebo
S15-03,Day_1,H,0.418
S15-03,Day_1,ve,0.23
S15-03,Day_1,khe,0.03010894413993847
S15-03,Day_1,Th,317.0489670713954
S15-03,Day_1,Kbh,0.0031540869198757324
S15-03,Day_1,Khe,0.13090845278234117
S15-03,Day_1,kbh,0.002428646928304314
S15-03,Day_1,E,0.5775969997802028
S15-03,Day_1,Ktrans,0.01271810833816029
