subject,study,parameter,value
S10-01,Day_2,FA,20.0
S10-01,Day_2,TR,0.0058
S10-01,Day_2,n0,4
S10-01,Day_2,center,G
S10-01,Day_2,field_strength,7.0
S10-01,Day_2,substance,Bosentan
S10-01,Day_2,BAT,285.0
S10-01,Day_2,duration,30.0
S10-01,Day_2,study,10
S10-01,Day_2,visit,2
S10-01,Day_2,ve,0.23
S10-01,Day_2,Fp,0.022019
S10-01,Day_2,E,0.2928096059553684
S10-01,Day_2,Th,385.01940640313825
S10-01,Day_2,vol,1000
S10-01,Day_2,Ktrans,0.006447374713531257
S10-01,Day_2,khe,0.009116886722197695
S10-01,Day_2,Khe,0.039638637922598675
S10-01,Day_2,kbh,0.0019998991925974873
S10-01,Day_2,Kbh,0.0025972716786980352
S10-01,Day_2,Te,7.386974459796779
S10-01,Day_2,CL,9.116886722197695
