subject,study,parameter,value
S10-01,Day_2,FA,20.0
S10-01,Day_2,TR,0.0058
S10-01,Day_2,n0,4
S10-01,Day_2,center,G
S10-01,Day_2,field_strength,7.0
S10-01,Day_2,substance,Bosentan
S10-01,Day_2,BAT,285.0
S10-01,Day_2,duration,30.0
S10-01,Day_2,study,10
S10-01,Day_2,visit,2
S10-01,Day_2,H,0.418
S10-01,Day_2,ve,0.23
S10-01,Day_2,khe,0.01030384902284459
S10-01,Day_2,Th,411.0142843906359
S10-01,Day_2,Kbh,0.002433005464719033
S10-01,Day_2,Khe,0.04479934357758517
S10-01,Day_2,kbh,0.0018734142078336556
S10-01,Day_2,E,0.3187791093403373
S10-01,Day_2,Ktrans,0.0070191972085648854
