subject,study,parameter,value
S10-04,Day_2,FA,20.0
S10-04,Day_2,TR,0.0058
S10-04,Day_2,n0,4
S10-04,Day_2,center,G
S10-04,Day_2,field_strength,7.0
S10-04,Day_2,substance,Bosentan
S10-04,Day_2,BAT,285.0
S10-04,Day_2,duration,30.0
S10-04,Day_2,study,10
S10-04,Day_2,visit,2
S10-04,Day_2,H,0.418
S10-04,Day_2,ve,0.23
S10-04,Day_2,khe,0.02751036323894275
S10-04,Day_2,Th,248.82539090440702
S10-04,Day_2,Kbh,0.004018882463583377
S10-04,Day_2,Khe,0.119610274951925
S10-04,Day_2,kbh,0.0030945394969592002
S10-04,Day_2,E,0.5554354314273229
S10-04,Day_2,Ktrans,0.012230132764598221
