subject,study,parameter,value
S08-02,Day_1,FA,20.0
S08-02,Day_1,TR,0.0058
S08-02,Day_1,n0,4
S08-02,Day_1,center,G
S08-02,Day_1,field_strength,4.7
S08-02,Day_1,substance,Cyclosporine
S08-02,Day_1,BAT,285.0
S08-02,Day_1,duration,30.0
S08-02,Day_1,study,8
S08-02,Day_1,visit,1
S08-02,Day_1,H,0.418
S08-02,Day_1,ve,0.23
S08-02,Day_1,khe,0.027848903596773045
S08-02,Day_1,Th,269.0488763691191
S08-02,Day_1,Kbh,0.0037167967898444564
S08-02,Day_1,Khe,0.12108218955118714
S08-02,Day_1,kbh,0.002861933528180232
S08-02,Day_1,E,0.5584534658195487
S08-02,Day_1,Ktrans,0.012296586863880642
