subject,study,parameter,value
S14-03,Day_1,FA,30.0
S14-03,Day_1,TR,0.036
S14-03,Day_1,n0,4
S14-03,Day_1,center,A
S14-03,Day_1,field_strength,7.0
S14-03,Day_1,BAT,285.0
S14-03,Day_1,duration,30.0
S14-03,Day_1,study,14
S14-03,Day_1,visit,1
S14-03,Day_1,study arm,Placebo
S14-03,Day_1,substance,Placebo
S14-03,Day_1,ve,0.23
S14-03,Day_1,Fp,0.022019
S14-03,Day_1,E,0.5480185458956731
S14-03,Day_1,Th,299.9353826306573
S14-03,Day_1,vol,1000
S14-03,Day_1,Ktrans,0.012066820362076826
S14-03,Day_1,khe,0.026697600648214977
S14-03,Day_1,Khe,0.11607652455745641
S14-03,Day_1,kbh,0.002567219623261934
S14-03,Day_1,Kbh,0.0033340514587817324
S14-03,Day_1,Te,4.721183270993015
S14-03,Day_1,CL,26.697600648214976
