subject,study,parameter,value
S14-03,Day_1,FA,30.0
S14-03,Day_1,TR,0.036
S14-03,Day_1,n0,4
S14-03,Day_1,center,A
S14-03,Day_1,field_strength,7.0
S14-03,Day_1,BAT,285.0
S14-03,Day_1,duration,30.0
S14-03,Day_1,study,14
S14-03,Day_1,visit,1
S14-03,Day_1,substance,Placebo
S14-03,Day_1,H,0.418
S14-03,Day_1,ve,0.23
S14-03,Day_1,khe,0.019434893093701555
S14-03,Day_1,Th,313.59636462528675
S14-03,Day_1,Kbh,0.0031888124761742386
S14-03,Day_1,Khe,0.08449953519000676
S14-03,Day_1,kbh,0.0024553856066541636
S14-03,Day_1,E,0.468831553402507
S14-03,Day_1,Ktrans,0.0103232019743698
