subject,study,parameter,value
S08-06,Day_2,FA,20.0
S08-06,Day_2,TR,0.0058
S08-06,Day_2,n0,4
S08-06,Day_2,center,G
S08-06,Day_2,field_strength,4.7
S08-06,Day_2,substance,Cyclosporine
S08-06,Day_2,BAT,285.0
S08-06,Day_2,duration,30.0
S08-06,Day_2,study,8
S08-06,Day_2,visit,2
S08-06,Day_2,H,0.418
S08-06,Day_2,ve,0.23
S08-06,Day_2,khe,0.001988952280237787
S08-06,Day_2,Th,1046.4813985394483
S08-06,Day_2,Kbh,0.0009555831583778542
S08-06,Day_2,Khe,0.008647618609729507
S08-06,Day_2,kbh,0.0007357990319509478
S08-06,Day_2,E,0.08284556121327342
S08-06,Day_2,Ktrans,0.0018241764123550675
