subject,study,parameter,value
S01-04,Day_3,FA,30.0
S01-04,Day_3,TR,0.036
S01-04,Day_3,n0,4
S01-04,Day_3,center,A
S01-04,Day_3,field_strength,7.0
S01-04,Day_3,BAT,285.0
S01-04,Day_3,duration,30.0
S01-04,Day_3,study,1
S01-04,Day_3,visit,3
S01-04,Day_3,substance,Rifampicin (clinical dose)
S01-04,Day_3,H,0.418
S01-04,Day_3,ve,0.23
S01-04,Day_3,khe,0.014605241967253685
S01-04,Day_3,Th,280.64377382619557
S01-04,Day_3,Kbh,0.003563236006865081
S01-04,Day_3,Khe,0.06350105203153776
S01-04,Day_3,kbh,0.0027436917252861123
S01-04,Day_3,E,0.39878619140602184
S01-04,Day_3,Ktrans,0.008780873148569195
