subject,study,parameter,value
S07-05,Day_2,FA,20.0
S07-05,Day_2,TR,0.0058
S07-05,Day_2,n0,4
S07-05,Day_2,center,D
S07-05,Day_2,field_strength,4.7
S07-05,Day_2,substance,Ketoconazole
S07-05,Day_2,BAT,292.0
S07-05,Day_2,duration,22.0
S07-05,Day_2,study,7
S07-05,Day_2,visit,2
S07-05,Day_2,H,0.418
S07-05,Day_2,ve,0.23
S07-05,Day_2,khe,0.005198065857669589
S07-05,Day_2,Th,411.65735209427487
S07-05,Day_2,Kbh,0.002429204761952088
S07-05,Day_2,Khe,0.022600286337693863
S07-05,Day_2,kbh,0.001870487666703108
S07-05,Day_2,E,0.19098553403414747
S07-05,Day_2,Ktrans,0.0042053104738978934
