subject,study,parameter,value
S14-05,Day_3,FA,30.0
S14-05,Day_3,TR,0.036
S14-05,Day_3,n0,4
S14-05,Day_3,center,A
S14-05,Day_3,field_strength,7.0
S14-05,Day_3,BAT,285.0
S14-05,Day_3,duration,30.0
S14-05,Day_3,study,14
S14-05,Day_3,visit,3
S14-05,Day_3,study arm,Rifampicin (high dose)
S14-05,Day_3,substance,Rifampicin (high dose)
S14-05,Day_3,ve,0.23
S14-05,Day_3,Fp,0.022019
S14-05,Day_3,E,0.2621888424917386
S14-05,Day_3,Th,411.439192044357
S14-05,Day_3,vol,1000
S14-05,Day_3,Ktrans,0.005773136122825593
S14-05,Day_3,khe,0.0078246798846505
S14-05,Day_3,Khe,0.034020347324567386
S14-05,Day_3,kbh,0.00187147946741298
S14-05,Day_3,Kbh,0.0024304928148220517
S14-05,Day_3,Te,7.706824389250198
S14-05,Day_3,CL,7.8246798846505
