subject,study,parameter,value
S14-05,Day_3,FA,30.0
S14-05,Day_3,TR,0.036
S14-05,Day_3,n0,4
S14-05,Day_3,center,A
S14-05,Day_3,field_strength,7.0
S14-05,Day_3,BAT,285.0
S14-05,Day_3,duration,30.0
S14-05,Day_3,study,14
S14-05,Day_3,visit,3
S14-05,Day_3,substance,Rifampicin (high dose)
S14-05,Day_3,H,0.418
S14-05,Day_3,ve,0.23
S14-05,Day_3,khe,0.009382074914535604
S14-05,Day_3,Th,431.6884115813688
S14-05,Day_3,Kbh,0.0023164856252146817
S14-05,Day_3,Khe,0.040791630063198275
S14-05,Day_3,kbh,0.001783693931415305
S14-05,Day_3,E,0.29878196654320993
S14-05,Day_3,Ktrans,0.006578880121314939
