subject,study,parameter,value
S02-04,Day_3,FA,20.0
S02-04,Day_3,TR,0.0058
S02-04,Day_3,n0,4
S02-04,Day_3,center,D
S02-04,Day_3,field_strength,4.7
S02-04,Day_3,BAT,292.0
S02-04,Day_3,duration,22.0
S02-04,Day_3,study,2
S02-04,Day_3,visit,3
S02-04,Day_3,substance,Placebo
S02-04,Day_3,H,0.418
S02-04,Day_3,ve,0.23
S02-04,Day_3,khe,0.04537389739338391
S02-04,Day_3,Th,303.2525611154267
S02-04,Day_3,Kbh,0.00329758138339142
S02-04,Day_3,Khe,0.1972778147538431
S02-04,Day_3,kbh,0.0025391376652113937
S02-04,Day_3,E,0.6732741749999066
S02-04,Day_3,Ktrans,0.014824824059322946
