subject,study,parameter,value
S10-04,Day_1,FA,20.0
S10-04,Day_1,TR,0.0058
S10-04,Day_1,n0,4
S10-04,Day_1,center,G
S10-04,Day_1,field_strength,7.0
S10-04,Day_1,substance,Bosentan
S10-04,Day_1,BAT,285.0
S10-04,Day_1,duration,30.0
S10-04,Day_1,study,10
S10-04,Day_1,visit,1
S10-04,Day_1,H,0.418
S10-04,Day_1,ve,0.23
S10-04,Day_1,khe,0.03456335403922069
S10-04,Day_1,Th,221.22068042564024
S10-04,Day_1,Kbh,0.004520373041417047
S10-04,Day_1,Khe,0.15027545234443776
S10-04,Day_1,kbh,0.0034806872418911266
S10-04,Day_1,E,0.6108504078013919
S10-04,Day_1,Ktrans,0.013450315129378845
