subject,study,parameter,value
S04-07,Day_1,FA,20.0
S04-07,Day_1,TR,0.0058
S04-07,Day_1,n0,4
S04-07,Day_1,center,G
S04-07,Day_1,field_strength,4.7
S04-07,Day_1,BAT,285.0
S04-07,Day_1,duration,30.0
S04-07,Day_1,study,4
S04-07,Day_1,visit,1
S04-07,Day_1,substance,Placebo
S04-07,Day_1,ve,0.23
S04-07,Day_1,Fp,0.022019
S04-07,Day_1,E,0.8523900418300746
S04-07,Day_1,Th,186.02234758457877
S04-07,Day_1,vol,1000
S04-07,Day_1,Ktrans,0.018768776331056412
S04-07,Day_1,khe,0.1271511526983173
S04-07,Day_1,Khe,0.5528310986883361
S04-07,Day_1,kbh,0.004139287617848732
S04-07,Day_1,Kbh,0.005375698204998354
S04-07,Day_1,Te,1.5418634079241944
S04-07,Day_1,CL,127.1511526983173
