subject,study,parameter,value
S04-07,Day_1,FA,20.0
S04-07,Day_1,TR,0.0058
S04-07,Day_1,n0,4
S04-07,Day_1,center,G
S04-07,Day_1,field_strength,4.7
S04-07,Day_1,BAT,285.0
S04-07,Day_1,duration,30.0
S04-07,Day_1,study,4
S04-07,Day_1,visit,1
S04-07,Day_1,substance,Placebo
S04-07,Day_1,H,0.418
S04-07,Day_1,ve,0.23
S04-07,Day_1,khe,0.029360025657731194
S04-07,Day_1,Th,197.2355706163385
S04-07,Day_1,Kbh,0.005070079382106964
S04-07,Day_1,Khe,0.1276522854683965
S04-07,Day_1,kbh,0.0039039611242223625
S04-07,Day_1,E,0.57143990727495
S04-07,Day_1,Ktrans,0.012582535318287128
