subject,study,parameter,value
S15-04,Day_2,FA,20.0
S15-04,Day_2,TR,0.0058
S15-04,Day_2,n0,4
S15-04,Day_2,center,D
S15-04,Day_2,field_strength,4.7
S15-04,Day_2,BAT,292.0
S15-04,Day_2,duration,22.0
S15-04,Day_2,study,15
S15-04,Day_2,visit,2
S15-04,Day_2,substance,Placebo
S15-04,Day_2,H,0.418
S15-04,Day_2,ve,0.23
S15-04,Day_2,khe,0.042234089905255116
S15-04,Day_2,Th,275.88777429278576
S15-04,Day_2,Kbh,0.0036246622474062607
S15-04,Day_2,Khe,0.1836264778489353
S15-04,Day_2,kbh,0.002790989930502821
S15-04,Day_2,E,0.6573083094919125
S15-04,Day_2,Ktrans,0.014473271666702427
