subject,study,parameter,value
S15-04,Day_2,FA,20.0
S15-04,Day_2,TR,0.0058
S15-04,Day_2,n0,4
S15-04,Day_2,center,D
S15-04,Day_2,field_strength,4.7
S15-04,Day_2,BAT,292.0
S15-04,Day_2,duration,22.0
S15-04,Day_2,study,15
S15-04,Day_2,visit,2
S15-04,Day_2,study arm,Placebo
S15-04,Day_2,substance,Placebo
S15-04,Day_2,ve,0.23
S15-04,Day_2,Fp,0.022019
S15-04,Day_2,E,0.8999996768810854
S15-04,Day_2,Th,342.98576298087005
S15-04,Day_2,vol,1000
S15-04,Day_2,Ktrans,0.01981709288524462
S15-04,Day_2,khe,0.19817028852676083
S15-04,Day_2,Khe,0.8616099501163514
S15-04,Day_2,kbh,0.0022449911428042177
S15-04,Day_2,Kbh,0.0029155729127327504
S15-04,Day_2,Te,1.0445558071370344
S15-04,Day_2,CL,198.17028852676083
