subject,study,parameter,value
S08-02,Day_2,FA,20.0
S08-02,Day_2,TR,0.0058
S08-02,Day_2,n0,4
S08-02,Day_2,center,G
S08-02,Day_2,field_strength,4.7
S08-02,Day_2,substance,Cyclosporine
S08-02,Day_2,BAT,285.0
S08-02,Day_2,duration,30.0
S08-02,Day_2,study,8
S08-02,Day_2,visit,2
S08-02,Day_2,H,0.418
S08-02,Day_2,ve,0.23
S08-02,Day_2,khe,0.0030933901203541317
S08-02,Day_2,Th,742.1097153770512
S08-02,Day_2,Kbh,0.0013475096461874508
S08-02,Day_2,Khe,0.013449522262409268
S08-02,Day_2,kbh,0.001037582427564337
S08-02,Day_2,E,0.12318182799521232
S08-02,Day_2,Ktrans,0.0027123406706265796
