subject,study,parameter,value
S14-05,Day_1,FA,30.0
S14-05,Day_1,TR,0.036
S14-05,Day_1,n0,4
S14-05,Day_1,center,A
S14-05,Day_1,field_strength,7.0
S14-05,Day_1,BAT,285.0
S14-05,Day_1,duration,30.0
S14-05,Day_1,study,14
S14-05,Day_1,visit,1
S14-05,Day_1,study arm,Rifampicin (high dose)
S14-05,Day_1,substance,Placebo
S14-05,Day_1,ve,0.23
S14-05,Day_1,Fp,0.022019
S14-05,Day_1,E,0.3249372369326059
S14-05,Day_1,Th,427.1123889940785
S14-05,Day_1,vol,1000
S14-05,Day_1,Ktrans,0.007154793020019049
S14-05,Day_1,khe,0.010598707870522492
S14-05,Day_1,Khe,0.04608133856748909
S14-05,Day_1,kbh,0.0018028041795122812
S14-05,Day_1,Kbh,0.0023413041292367287
S14-05,Day_1,Te,7.051384509083094
S14-05,Day_1,CL,10.59870787052249
