subject,study,parameter,value
S14-05,Day_1,FA,30.0
S14-05,Day_1,TR,0.036
S14-05,Day_1,n0,4
S14-05,Day_1,center,A
S14-05,Day_1,field_strength,7.0
S14-05,Day_1,BAT,285.0
S14-05,Day_1,duration,30.0
S14-05,Day_1,study,14
S14-05,Day_1,visit,1
S14-05,Day_1,substance,Rifampicin (high dose)
S14-05,Day_1,H,0.418
S14-05,Day_1,ve,0.23
S14-05,Day_1,khe,0.01166611757411869
S14-05,Day_1,Th,446.92300234138185
S14-05,Day_1,Kbh,0.0022375218880234557
S14-05,Day_1,Khe,0.05072225032225517
S14-05,Day_1,kbh,0.0017228918537780609
S14-05,Day_1,E,0.3463285395530911
S14-05,Day_1,Ktrans,0.007625808112419515
