subject,study,parameter,value
S13-06,Day_2,FA,20.0
S13-06,Day_2,TR,0.0058
S13-06,Day_2,n0,4
S13-06,Day_2,center,G
S13-06,Day_2,field_strength,4.7
S13-06,Day_2,BAT,285.0
S13-06,Day_2,duration,30.0
S13-06,Day_2,study,13
S13-06,Day_2,visit,2
S13-06,Day_2,substance,Placebo
S13-06,Day_2,ve,0.23
S13-06,Day_2,Fp,0.022019
S13-06,Day_2,E,0.8075187758342929
S13-06,Day_2,Th,198.1603231191022
S13-06,Day_2,vol,1000
S13-06,Day_2,Ktrans,0.017780755925095294
S13-06,Day_2,khe,0.0923765733627496
S13-06,Day_2,Khe,0.4016372754902156
S13-06,Day_2,kbh,0.0038857425537058674
S13-06,Day_2,Kbh,0.005046418900916711
S13-06,Day_2,Te,2.010567308148083
S13-06,Day_2,CL,92.3765733627496
