subject,study,parameter,value
S13-06,Day_2,FA,20.0
S13-06,Day_2,TR,0.0058
S13-06,Day_2,n0,4
S13-06,Day_2,center,G
S13-06,Day_2,field_strength,4.7
S13-06,Day_2,BAT,285.0
S13-06,Day_2,duration,30.0
S13-06,Day_2,study,13
S13-06,Day_2,visit,2
S13-06,Day_2,substance,Placebo
S13-06,Day_2,H,0.418
S13-06,Day_2,ve,0.23
S13-06,Day_2,khe,0.027897384723162923
S13-06,Day_2,Th,210.15735203490874
S13-06,Day_2,Kbh,0.004758339360090016
S13-06,Day_2,Khe,0.12129297705723009
S13-06,Day_2,kbh,0.003663921307269313
S13-06,Day_2,E,0.5588823164554538
S13-06,Day_2,Ktrans,0.012306029726032638
