subject,study,parameter,value
S01-05,Day_3,FA,30.0
S01-05,Day_3,TR,0.036
S01-05,Day_3,n0,4
S01-05,Day_3,center,A
S01-05,Day_3,field_strength,7.0
S01-05,Day_3,BAT,285.0
S01-05,Day_3,duration,30.0
S01-05,Day_3,study,1
S01-05,Day_3,visit,3
S01-05,Day_3,substance,Rifampicin (high dose)
S01-05,Day_3,H,0.418
S01-05,Day_3,ve,0.23
S01-05,Day_3,khe,0.009439477696041887
S01-05,Day_3,Th,429.8908425951284
S01-05,Day_3,Kbh,0.002326171904391555
S01-05,Day_3,Khe,0.04104120737409516
S01-05,Day_3,kbh,0.0017911523663814973
S01-05,Day_3,E,0.30006149017279254
S01-05,Day_3,Ktrans,0.00660705395211472
