subject,study,parameter,value
S01-08,Day_2,FA,30.0
S01-08,Day_2,TR,0.036
S01-08,Day_2,n0,4
S01-08,Day_2,center,A
S01-08,Day_2,field_strength,7.0
S01-08,Day_2,BAT,285.0
S01-08,Day_2,duration,30.0
S01-08,Day_2,study,1
S01-08,Day_2,visit,2
S01-08,Day_2,substance,Rifampicin (high dose)
S01-08,Day_2,H,0.418
S01-08,Day_2,ve,0.23
S01-08,Day_2,khe,0.0026593910500712793
S01-08,Day_2,Th,967.5589178191997
S01-08,Day_2,Kbh,0.0010335287924935052
S01-08,Day_2,Khe,0.011562569782918605
S01-08,Day_2,kbh,0.000795817170219999
S01-08,Day_2,E,0.10776193004947127
S01-08,Day_2,Ktrans,0.002372809937759308
