subject,study,parameter,value
S06-05,Day_1,FA,20.0
S06-05,Day_1,TR,0.0058
S06-05,Day_1,n0,4
S06-05,Day_1,center,E
S06-05,Day_1,field_strength,7.0
S06-05,Day_1,substance,Placebo
S06-05,Day_1,BAT,285.0
S06-05,Day_1,duration,30.0
S06-05,Day_1,study,6
S06-05,Day_1,visit,1
S06-05,Day_1,ve,0.23
S06-05,Day_1,Fp,0.022019
S06-05,Day_1,E,0.5931127411466082
S06-05,Day_1,Th,157.48782690518064
S06-05,Day_1,vol,1000
S06-05,Day_1,Ktrans,0.013059749447307166
S06-05,Day_1,khe,0.032096727442657055
S06-05,Day_1,Khe,0.13955098888111764
S06-05,Day_1,kbh,0.004889266777829103
S06-05,Day_1,Kbh,0.006349697114063769
S06-05,Day_1,Te,4.250150757812804
S06-05,Day_1,CL,32.096727442657055
