subject,study,parameter,value
S06-05,Day_1,FA,20.0
S06-05,Day_1,TR,0.0058
S06-05,Day_1,n0,4
S06-05,Day_1,center,E
S06-05,Day_1,field_strength,7.0
S06-05,Day_1,substance,Placebo
S06-05,Day_1,BAT,285.0
S06-05,Day_1,duration,30.0
S06-05,Day_1,study,6
S06-05,Day_1,visit,1
S06-05,Day_1,H,0.418
S06-05,Day_1,ve,0.23
S06-05,Day_1,khe,0.019659678100036358
S06-05,Day_1,Th,171.3152796046874
S06-05,Day_1,Kbh,0.005837190951720799
S06-05,Day_1,Khe,0.0854768613045059
S06-05,Day_1,kbh,0.004494637032825015
S06-05,Day_1,E,0.4716962964336244
S06-05,Day_1,Ktrans,0.010386280751171973
