subject,study,parameter,value
S10-01,Day_1,FA,20.0
S10-01,Day_1,TR,0.0058
S10-01,Day_1,n0,4
S10-01,Day_1,center,G
S10-01,Day_1,field_strength,7.0
S10-01,Day_1,substance,Placebo
S10-01,Day_1,BAT,285.0
S10-01,Day_1,duration,30.0
S10-01,Day_1,study,10
S10-01,Day_1,visit,1
S10-01,Day_2,FA,20.0
S10-01,Day_2,TR,0.0058
S10-01,Day_2,n0,4
S10-01,Day_2,center,G
S10-01,Day_2,field_strength,7.0
S10-01,Day_2,substance,Bosentan
S10-01,Day_2,BAT,285.0
S10-01,Day_2,duration,30.0
S10-01,Day_2,study,10
S10-01,Day_2,visit,2
S10-02,Day_1,FA,20.0
S10-02,Day_1,TR,0.0058
S10-02,Day_1,n0,4
S10-02,Day_1,center,G
S10-02,Day_1,field_strength,7.0
S10-02,Day_1,substance,Placebo
S10-02,Day_1,BAT,285.0
S10-02,Day_1,duration,30.0
S10-02,Day_1,study,10
S10-02,Day_1,visit,1
S10-02,Day_2,FA,20.0
S10-02,Day_2,TR,0.0058
S10-02,Day_2,n0,4
S10-02,Day_2,center,G
S10-02,Day_2,field_strength,7.0
S10-02,Day_2,substance,Bosentan
S10-02,Day_2,BAT,285.0
S10-02,Day_2,duration,30.0
S10-02,Day_2,study,10
S10-02,Day_2,visit,2
S10-03,Day_1,FA,20.0
S10-03,Day_1,TR,0.0058
S10-03,Day_1,n0,4
S10-03,Day_1,center,G
S10-03,Day_1,field_strength,7.0
S10-03,Day_1,substance,Placebo
S10-03,Day_1,BAT,285.0
S10-03,Day_1,duration,30.0
S10-03,Day_1,study,10
S10-03,Day_1,visit,1
S10-03,Day_2,FA,20.0
S10-03,Day_2,TR,0.0058
S10-03,Day_2,n0,4
S10-03,Day_2,center,G
S10-03,Day_2,field_strength,7.0
S10-03,Day_2,substance,Bosentan
S10-03,Day_2,BAT,285.0
S10-03,Day_2,duration,30.0
S10-03,Day_2,study,10
S10-03,Day_2,visit,2
S10-04,Day_1,FA,20.0
S10-04,Day_1,TR,0.0058
S10-04,Day_1,n0,4
S10-04,Day_1,center,G
S10-04,Day_1,field_strength,7.0
S10-04,Day_1,substance,Placebo
S10-04,Day_1,BAT,285.0
S10-04,Day_1,duration,30.0
S10-04,Day_1,study,10
S10-04,Day_1,visit,1
S10-04,Day_2,FA,20.0
S10-04,Day_2,TR,0.0058
S10-04,Day_2,n0,4
S10-04,Day_2,center,G
S10-04,Day_2,field_strength,7.0
S10-04,Day_2,substance,Bosentan
S10-04,Day_2,BAT,285.0
S10-04,Day_2,duration,30.0
S10-04,Day_2,study,10
S10-04,Day_2,visit,2
S10-05,Day_1,FA,20.0
S10-05,Day_1,TR,0.0058
S10-05,Day_1,n0,4
S10-05,Day_1,center,G
S10-05,Day_1,field_strength,7.0
S10-05,Day_1,substance,Placebo
S10-05,Day_1,BAT,285.0
S10-05,Day_1,duration,30.0
S10-05,Day_1,study,10
S10-05,Day_1,visit,1
S10-05,Day_2,FA,20.0
S10-05,Day_2,TR,0.0058
S10-05,Day_2,n0,4
S10-05,Day_2,center,G
S10-05,Day_2,field_strength,7.0
S10-05,Day_2,substance,Bosentan
S10-05,Day_2,BAT,285.0
S10-05,Day_2,duration,30.0
S10-05,Day_2,study,10
S10-05,Day_2,visit,2
S10-06,Day_1,FA,20.0
S10-06,Day_1,TR,0.0058
S10-06,Day_1,n0,4
S10-06,Day_1,center,G
S10-06,Day_1,field_strength,7.0
S10-06,Day_1,substance,Placebo
S10-06,Day_1,BAT,285.0
S10-06,Day_1,duration,30.0
S10-06,Day_1,study,10
S10-06,Day_1,visit,1
S10-06,Day_2,FA,20.0
S10-06,Day_2,TR,0.0058
S10-06,Day_2,n0,4
S10-06,Day_2,center,G
S10-06,Day_2,field_strength,7.0
S10-06,Day_2,substance,Bosentan
S10-06,Day_2,BAT,285.0
S10-06,Day_2,duration,30.0
S10-06,Day_2,study,10
S10-06,Day_2,visit,2
