subject,study,parameter,value
S01-01,Day_1,FA,20.0
S01-01,Day_1,TR,0.0058
S01-01,Day_1,n0,4
S01-01,Day_1,center,D
S01-01,Day_1,field_strength,4.7
S01-01,Day_1,BAT,292.0
S01-01,Day_1,duration,22.0
S01-01,Day_1,study,1
S01-01,Day_1,visit,1
S01-01,Day_1,substance,Placebo
S01-01,Day_2,FA,20.0
S01-01,Day_2,TR,0.0058
S01-01,Day_2,n0,4
S01-01,Day_2,center,D
S01-01,Day_2,field_strength,4.7
S01-01,Day_2,BAT,292.0
S01-01,Day_2,duration,22.0
S01-01,Day_2,study,1
S01-01,Day_2,visit,2
S01-01,Day_2,substance,Placebo
S01-02,Day_1,FA,20.0
S01-02,Day_1,TR,0.0058
S01-02,Day_1,n0,4
S01-02,Day_1,center,D
S01-02,Day_1,field_strength,4.7
S01-02,Day_1,BAT,292.0
S01-02,Day_1,duration,22.0
S01-02,Day_1,study,1
S01-02,Day_1,visit,1
S01-02,Day_1,substance,Placebo
S01-02,Day_2,FA,20.0
S01-02,Day_2,TR,0.0058
S01-02,Day_2,n0,4
S01-02,Day_2,center,D
S01-02,Day_2,field_strength,4.7
S01-02,Day_2,BAT,292.0
S01-02,Day_2,duration,22.0
S01-02,Day_2,study,1
S01-02,Day_2,visit,2
S01-02,Day_2,substance,Placebo
S01-03,Day_1,FA,20.0
S01-03,Day_1,TR,0.0058
S01-03,Day_1,n0,4
S01-03,Day_1,center,D
S01-03,Day_1,field_strength,4.7
S01-03,Day_1,BAT,292.0
S01-03,Day_1,duration,22.0
S01-03,Day_1,study,1
S01-03,Day_1,visit,1
S01-03,Day_1,substance,Placebo
S01-03,Day_2,FA,20.0
S01-03,Day_2,TR,0.0058
S01-03,Day_2,n0,4
S01-03,Day_2,center,D
S01-03,Day_2,field_strength,4.7
S01-03,Day_2,BAT,292.0
S01-03,Day_2,duration,22.0
S01-03,Day_2,study,1
S01-03,Day_2,visit,2
S01-03,Day_2,substance,Placebo
S01-04,Day_1,FA,20.0
S01-04,Day_1,TR,0.0058
S01-04,Day_1,n0,4
S01-04,Day_1,center,D
S01-04,Day_1,field_strength,4.7
S01-04,Day_1,BAT,292.0
S01-04,Day_1,duration,22.0
S01-04,Day_1,study,1
S01-04,Day_1,visit,1
S01-04,Day_1,substance,Placebo
S01-04,Day_2,FA,20.0
S01-04,Day_2,TR,0.0058
S01-04,Day_2,n0,4
S01-04,Day_2,center,D
S01-04,Day_2,field_strength,4.7
S01-04,Day_2,BAT,292.0
S01-04,Day_2,duration,22.0
S01-04,Day_2,study,1
S01-04,Day_2,visit,2
S01-04,Day_2,substance,Rifampicin
S01-05,Day_1,FA,20.0
S01-05,Day_1,TR,0.0058
S01-05,Day_1,n0,4
S01-05,Day_1,center,D
S01-05,Day_1,field_strength,4.7
S01-05,Day_1,BAT,292.0
S01-05,Day_1,duration,22.0
S01-05,Day_1,study,1
S01-05,Day_1,visit,1
S01-05,Day_1,substance,Placebo
S01-05,Day_2,FA,20.0
S01-05,Day_2,TR,0.0058
S01-05,Day_2,n0,4
S01-05,Day_2,center,D
S01-05,Day_2,field_strength,4.7
S01-05,Day_2,BAT,292.0
S01-05,Day_2,duration,22.0
S01-05,Day_2,study,1
S01-05,Day_2,visit,2
S01-05,Day_2,substance,Rifampicin
S01-06,Day_1,FA,20.0
S01-06,Day_1,TR,0.0058
S01-06,Day_1,n0,4
S01-06,Day_1,center,D
S01-06,Day_1,field_strength,4.7
S01-06,Day_1,BAT,292.0
S01-06,Day_1,duration,22.0
S01-06,Day_1,study,1
S01-06,Day_1,visit,1
S01-06,Day_1,substance,Placebo
S01-06,Day_2,FA,20.0
S01-06,Day_2,TR,0.0058
S01-06,Day_2,n0,4
S01-06,Day_2,center,D
S01-06,Day_2,field_strength,4.7
S01-06,Day_2,BAT,292.0
S01-06,Day_2,duration,22.0
S01-06,Day_2,study,1
S01-06,Day_2,visit,2
S01-06,Day_2,substance,Rifampicin
