subject,study,parameter,value
S05-06,Day_2,FA,20.0
S05-06,Day_2,TR,0.0058
S05-06,Day_2,n0,4
S05-06,Day_2,center,E
S05-06,Day_2,field_strength,7.0
S05-06,Day_2,substance,Asunaprevir
S05-06,Day_2,BAT,285.0
S05-06,Day_2,duration,30.0
S05-06,Day_2,study,5
S05-06,Day_2,visit,2
S05-06,Day_2,H,0.418
S05-06,Day_2,ve,0.23
S05-06,Day_2,khe,0.019303531424595205
S05-06,Day_2,Th,208.10564464012717
S05-06,Day_2,Kbh,0.00480525168709037
S05-06,Day_2,Khe,0.08392839749824002
S05-06,Day_2,kbh,0.0037000437990595846
S05-06,Day_2,E,0.4671430030810196
S05-06,Day_2,Ktrans,0.01028602178484097
