subject,study,parameter,value
S15-11,Day_1,FA,20.0
S15-11,Day_1,TR,0.0058
S15-11,Day_1,n0,4
S15-11,Day_1,center,D
S15-11,Day_1,field_strength,4.7
S15-11,Day_1,BAT,292.0
S15-11,Day_1,duration,22.0
S15-11,Day_1,study,15
S15-11,Day_1,visit,1
S15-11,Day_1,study arm,Cyclosporine (clinical dose)
S15-11,Day_1,substance,Placebo
S15-11,Day_1,ve,0.23
S15-11,Day_1,Fp,0.022019
S15-11,Day_1,E,0.6167724058003932
S15-11,Day_1,Th,275.8551851567604
S15-11,Day_1,vol,1000
S15-11,Day_1,Ktrans,0.013580711603318857
S15-11,Day_1,khe,0.03543771849645369
S15-11,Day_1,Khe,0.154077036941103
S15-11,Day_1,kbh,0.002791319654051207
S15-11,Day_1,Kbh,0.0036250904598067618
S15-11,Day_1,Te,4.003013155270883
S15-11,Day_1,CL,35.43771849645369
