subject,study,parameter,value
S15-11,Day_1,FA,20.0
S15-11,Day_1,TR,0.0058
S15-11,Day_1,n0,4
S15-11,Day_1,center,D
S15-11,Day_1,field_strength,4.7
S15-11,Day_1,BAT,292.0
S15-11,Day_1,duration,22.0
S15-11,Day_1,study,15
S15-11,Day_1,visit,1
S15-11,Day_1,substance,Cyclosporine (clinical dose)
S15-11,Day_1,H,0.418
S15-11,Day_1,ve,0.23
S15-11,Day_1,khe,0.021606094915447863
S15-11,Day_1,Th,292.6256618354337
S15-11,Day_1,Kbh,0.0034173352867540997
S15-11,Day_1,Khe,0.09393954311064287
S15-11,Day_1,kbh,0.002631348170800657
S15-11,Day_1,E,0.4952675737972329
S15-11,Day_1,Ktrans,0.010905296707441269
