subject,study,parameter,value
S05-02,Day_2,FA,20.0
S05-02,Day_2,TR,0.0058
S05-02,Day_2,n0,4
S05-02,Day_2,center,E
S05-02,Day_2,field_strength,7.0
S05-02,Day_2,substance,Asunaprevir
S05-02,Day_2,BAT,285.0
S05-02,Day_2,duration,30.0
S05-02,Day_2,study,5
S05-02,Day_2,visit,2
S05-02,Day_2,ve,0.23
S05-02,Day_2,Fp,0.022019
S05-02,Day_2,E,0.48799550614318393
S05-02,Day_2,Th,297.347040152054
S05-02,Day_2,vol,1000
S05-02,Day_2,Ktrans,0.010745173049766767
S05-02,Day_2,khe,0.020986481913128862
S05-02,Day_2,Khe,0.09124557353534288
S05-02,Day_2,kbh,0.0025895667217882717
S05-02,Day_2,Kbh,0.003363073664660093
S05-02,Day_2,Te,5.348155392482297
S05-02,Day_2,CL,20.986481913128863
