subject,study,parameter,value
S05-02,Day_2,FA,20.0
S05-02,Day_2,TR,0.0058
S05-02,Day_2,n0,4
S05-02,Day_2,center,E
S05-02,Day_2,field_strength,7.0
S05-02,Day_2,substance,Asunaprevir
S05-02,Day_2,BAT,285.0
S05-02,Day_2,duration,30.0
S05-02,Day_2,study,5
S05-02,Day_2,visit,2
S05-02,Day_2,H,0.418
S05-02,Day_2,ve,0.23
S05-02,Day_2,khe,0.016974411788366218
S05-02,Day_2,Th,317.50966118029436
S05-02,Day_2,Kbh,0.003149510463028591
S05-02,Day_2,Khe,0.07380179038420094
S05-02,Day_2,kbh,0.002425123056532015
S05-02,Day_2,E,0.43531486499549077
S05-02,Day_2,Ktrans,0.00958519801233571
