subject,study,parameter,value
S03-03,Day_2,FA,20.0
S03-03,Day_2,TR,0.0058
S03-03,Day_2,n0,4
S03-03,Day_2,center,G
S03-03,Day_2,field_strength,7.0
S03-03,Day_2,BAT,285.0
S03-03,Day_2,duration,30.0
S03-03,Day_2,study,3
S03-03,Day_2,visit,2
S03-03,Day_2,substance,Placebo
S03-03,Day_2,ve,0.23
S03-03,Day_2,Fp,0.022019
S03-03,Day_2,E,0.5133740969527656
S03-03,Day_2,Th,258.5903264119008
S03-03,Day_2,vol,1000
S03-03,Day_2,Ktrans,0.011303984240802947
S03-03,Day_2,khe,0.02322931058543697
S03-03,Day_2,Khe,0.10099700254537812
S03-03,Day_2,kbh,0.0029776829268295603
S03-03,Day_2,Kbh,0.0038671206841942338
S03-03,Day_2,Te,5.08306270497588
S03-03,Day_2,CL,23.22931058543697
