subject,study,parameter,value
S03-03,Day_2,FA,20.0
S03-03,Day_2,TR,0.0058
S03-03,Day_2,n0,4
S03-03,Day_2,center,G
S03-03,Day_2,field_strength,7.0
S03-03,Day_2,BAT,285.0
S03-03,Day_2,duration,30.0
S03-03,Day_2,study,3
S03-03,Day_2,visit,2
S03-03,Day_2,substance,Placebo
S03-03,Day_2,H,0.418
S03-03,Day_2,ve,0.23
S03-03,Day_2,khe,0.017680258713775758
S03-03,Day_2,Th,277.46431688077666
S03-03,Day_2,Kbh,0.0036040670427170242
S03-03,Day_2,Khe,0.0768706900598946
S03-03,Day_2,kbh,0.0027751316228921087
S03-03,Day_2,E,0.4453548828517711
S03-03,Day_2,Ktrans,0.009806269165513151
