subject,study,parameter,value
S02-05,Day_3,FA,20.0
S02-05,Day_3,TR,0.0058
S02-05,Day_3,n0,4
S02-05,Day_3,center,D
S02-05,Day_3,field_strength,4.7
S02-05,Day_3,BAT,292.0
S02-05,Day_3,duration,22.0
S02-05,Day_3,study,2
S02-05,Day_3,visit,3
S02-05,Day_3,substance,Placebo
S02-05,Day_3,H,0.418
S02-05,Day_3,ve,0.23
S02-05,Day_3,khe,0.02825731319996209
S02-05,Day_3,Th,390.2602525739002
S02-05,Day_3,Kbh,0.002562392642870129
S02-05,Day_3,Khe,0.12285788347809605
S02-05,Day_3,kbh,0.0019730423350099993
S02-05,Day_3,E,0.5620402810280726
S02-05,Day_3,Ktrans,0.012375564947957133
