subject,study,parameter,value
S09-03,Day_1,FA,20.0
S09-03,Day_1,TR,0.0058
S09-03,Day_1,n0,4
S09-03,Day_1,center,G
S09-03,Day_1,field_strength,7.0
S09-03,Day_1,substance,Placebo
S09-03,Day_1,BAT,285.0
S09-03,Day_1,duration,30.0
S09-03,Day_1,study,9
S09-03,Day_1,visit,1
S09-03,Day_1,H,0.418
S09-03,Day_1,ve,0.23
S09-03,Day_1,khe,0.028220727316984932
S09-03,Day_1,Th,298.01599985897764
S09-03,Day_1,Kbh,0.003355524537183252
S09-03,Day_1,Khe,0.12269881442167362
S09-03,Day_1,kbh,0.002583753893631104
S09-03,Day_1,E,0.5617213473100228
S09-03,Day_1,Ktrans,0.012368542346419393
