subject,study,parameter,value
S09-03,Day_1,FA,20.0
S09-03,Day_1,TR,0.0058
S09-03,Day_1,n0,4
S09-03,Day_1,center,G
S09-03,Day_1,field_strength,7.0
S09-03,Day_1,substance,Placebo
S09-03,Day_1,BAT,285.0
S09-03,Day_1,duration,30.0
S09-03,Day_1,study,9
S09-03,Day_1,visit,1
S09-03,Day_1,ve,0.23
S09-03,Day_1,Fp,0.022019
S09-03,Day_1,E,0.8095171802481048
S09-03,Day_1,Th,281.552821105037
S09-03,Day_1,vol,1000
S09-03,Day_1,Ktrans,0.01782475879188302
S09-03,Day_1,khe,0.09357672684129655
S09-03,Day_1,Khe,0.40685533409259367
S09-03,Day_1,kbh,0.0027348331903687133
S09-03,Day_1,Kbh,0.003551731416063264
S09-03,Day_1,Te,1.9896929262426037
S09-03,Day_1,CL,93.57672684129655
