subject,study,parameter,value
S11-06,Day_1,FA,20.0
S11-06,Day_1,TR,0.0058
S11-06,Day_1,n0,4
S11-06,Day_1,center,G
S11-06,Day_1,field_strength,7.0
S11-06,Day_1,BAT,285.0
S11-06,Day_1,duration,30.0
S11-06,Day_1,study,11
S11-06,Day_1,visit,1
S11-06,Day_1,substance,Placebo
S11-06,Day_1,H,0.418
S11-06,Day_1,ve,0.23
S11-06,Day_1,khe,0.029338032504567072
S11-06,Day_1,Th,264.5794270556361
S11-06,Day_1,Kbh,0.0037795833603862135
S11-06,Day_1,Khe,0.1275566630633351
S11-06,Day_1,kbh,0.0029102791874973844
S11-06,Day_1,E,0.5712563805542717
S11-06,Day_1,Ktrans,0.01257849424342451
