subject,study,parameter,value
S12-03,Day_2,FA,20.0
S12-03,Day_2,TR,0.0058
S12-03,Day_2,n0,4
S12-03,Day_2,center,G
S12-03,Day_2,field_strength,4.7
S12-03,Day_2,substance,Rifampicin
S12-03,Day_2,BAT,285.0
S12-03,Day_2,duration,30.0
S12-03,Day_2,study,12
S12-03,Day_2,visit,2
S12-03,Day_2,H,0.418
S12-03,Day_2,ve,0.23
S12-03,Day_2,khe,0.013389022389432074
S12-03,Day_2,Th,445.11654699003515
S12-03,Day_2,Kbh,0.0022466026184876633
S12-03,Day_2,Khe,0.05821314082361771
S12-03,Day_2,kbh,0.001729884016235501
S12-03,Day_2,E,0.3781352779936159
S12-03,Day_2,Ktrans,0.00832616068614143
