subject,study,parameter,value
S04-05,Day_2,FA,20.0
S04-05,Day_2,TR,0.0058
S04-05,Day_2,n0,4
S04-05,Day_2,center,G
S04-05,Day_2,field_strength,4.7
S04-05,Day_2,BAT,285.0
S04-05,Day_2,duration,30.0
S04-05,Day_2,study,4
S04-05,Day_2,visit,2
S04-05,Day_2,substance,Rifampicin
S04-05,Day_2,H,0.418
S04-05,Day_2,ve,0.23
S04-05,Day_2,khe,0.006623265255080114
S04-05,Day_2,Th,805.9774877616848
S04-05,Day_2,Kbh,0.001240729443668636
S04-05,Day_2,Khe,0.028796805456870057
S04-05,Day_2,kbh,0.0009553616716248498
S04-05,Day_2,E,0.2312409719027158
S04-05,Day_2,Ktrans,0.0050916949603258994
