subject,study,parameter,value
S04-05,Day_2,FA,20.0
S04-05,Day_2,TR,0.0058
S04-05,Day_2,n0,4
S04-05,Day_2,center,G
S04-05,Day_2,field_strength,4.7
S04-05,Day_2,BAT,285.0
S04-05,Day_2,duration,30.0
S04-05,Day_2,study,4
S04-05,Day_2,visit,2
S04-05,Day_2,substance,Rifampicin
S04-05,Day_2,ve,0.23
S04-05,Day_2,Fp,0.022019
S04-05,Day_2,E,0.18231528530059066
S04-05,Day_2,Th,763.3791043938105
S04-05,Day_2,vol,1000
S04-05,Day_2,Ktrans,0.0040144002670337055
S04-05,Day_2,khe,0.004909472067738782
S04-05,Day_2,Khe,0.021345530729299053
S04-05,Day_2,kbh,0.0010086731423064653
S04-05,Day_2,Kbh,0.0013099651198785263
S04-05,Day_2,Te,8.5411455734077
S04-05,Day_2,CL,4.909472067738783
