subject,study,parameter,value
S07-03,Day_2,FA,20.0
S07-03,Day_2,TR,0.0058
S07-03,Day_2,n0,4
S07-03,Day_2,center,D
S07-03,Day_2,field_strength,4.7
S07-03,Day_2,substance,Ketoconazole
S07-03,Day_2,BAT,292.0
S07-03,Day_2,duration,22.0
S07-03,Day_2,study,7
S07-03,Day_2,visit,2
S07-03,Day_2,H,0.418
S07-03,Day_2,ve,0.23
S07-03,Day_2,khe,0.014715343623812594
S07-03,Day_2,Th,263.64476633297596
S07-03,Day_2,Kbh,0.0037929825572074055
S07-03,Day_2,Khe,0.06397975488614172
S07-03,Day_2,kbh,0.002920596569049702
S07-03,Day_2,E,0.4005881736858788
S07-03,Day_2,Ktrans,0.008820550996389367
