subject,study,parameter,value
S07-02,Day_1,FA,20.0
S07-02,Day_1,TR,0.0058
S07-02,Day_1,n0,4
S07-02,Day_1,center,D
S07-02,Day_1,field_strength,4.7
S07-02,Day_1,substance,Ketoconazole
S07-02,Day_1,BAT,292.0
S07-02,Day_1,duration,22.0
S07-02,Day_1,study,7
S07-02,Day_1,visit,1
S07-02,Day_1,H,0.418
S07-02,Day_1,ve,0.23
S07-02,Day_1,khe,0.02207031188393075
S07-02,Day_1,Th,293.5033754762404
S07-02,Day_1,Kbh,0.003407115841095162
S07-02,Day_1,Khe,0.09595787775622065
S07-02,Day_1,kbh,0.0026234791976432748
S07-02,Day_1,E,0.5005819084233593
S07-02,Day_1,Ktrans,0.01102231304157395
