subject,study,parameter,value
S01-06,Day_1,FA,30.0
S01-06,Day_1,TR,0.036
S01-06,Day_1,n0,4
S01-06,Day_1,center,A
S01-06,Day_1,field_strength,7.0
S01-06,Day_1,BAT,285.0
S01-06,Day_1,duration,30.0
S01-06,Day_1,study,1
S01-06,Day_1,visit,1
S01-06,Day_1,substance,Placebo
S01-06,Day_1,H,0.418
S01-06,Day_1,ve,0.23
S01-06,Day_1,khe,0.018883156947073453
S01-06,Day_1,Th,249.86861447199348
S01-06,Day_1,Kbh,0.004002103273807063
S01-06,Day_1,Khe,0.08210068237858023
S01-06,Day_1,kbh,0.0030816195208314386
S01-06,Day_1,E,0.4616665319510623
S01-06,Day_1,Ktrans,0.010165435367030445
