subject,study,parameter,value
S08-03,Day_1,FA,20.0
S08-03,Day_1,TR,0.0058
S08-03,Day_1,n0,4
S08-03,Day_1,center,G
S08-03,Day_1,field_strength,4.7
S08-03,Day_1,substance,Placebo
S08-03,Day_1,BAT,285.0
S08-03,Day_1,duration,30.0
S08-03,Day_1,study,8
S08-03,Day_1,visit,1
S08-03,Day_1,H,0.418
S08-03,Day_1,ve,0.23
S08-03,Day_1,khe,0.02006548277041779
S08-03,Day_1,Th,379.280945245972
S08-03,Day_1,Kbh,0.0026365679914435933
S08-03,Day_1,Khe,0.0872412294365991
S08-03,Day_1,kbh,0.002030157353411567
S08-03,Day_1,E,0.4767905282305693
S08-03,Day_1,Ktrans,0.010498450641108905
