subject,study,parameter,value
S08-03,Day_1,FA,20.0
S08-03,Day_1,TR,0.0058
S08-03,Day_1,n0,4
S08-03,Day_1,center,G
S08-03,Day_1,field_strength,4.7
S08-03,Day_1,substance,Placebo
S08-03,Day_1,BAT,285.0
S08-03,Day_1,duration,30.0
S08-03,Day_1,study,8
S08-03,Day_1,visit,1
S08-03,Day_1,ve,0.23
S08-03,Day_1,Fp,0.022019
S08-03,Day_1,E,0.5645645247791359
S08-03,Day_1,Th,359.88212087888513
S08-03,Day_1,vol,1000
S08-03,Day_1,Ktrans,0.012431146271111793
S08-03,Day_1,khe,0.02854876779345182
S08-03,Day_1,Khe,0.124125077362834
S08-03,Day_1,kbh,0.002139589480354141
S08-03,Day_1,Kbh,0.0027786876368235598
S08-03,Day_1,Te,4.548351846169161
S08-03,Day_1,CL,28.54876779345182
