subject,study,parameter,value
S03-02,Day_2,FA,20.0
S03-02,Day_2,TR,0.0058
S03-02,Day_2,n0,4
S03-02,Day_2,center,G
S03-02,Day_2,field_strength,7.0
S03-02,Day_2,BAT,285.0
S03-02,Day_2,duration,30.0
S03-02,Day_2,study,3
S03-02,Day_2,visit,2
S03-02,Day_2,substance,Placebo
S03-02,Day_2,ve,0.23
S03-02,Day_2,Fp,0.022019
S03-02,Day_2,E,0.5450206472175212
S03-02,Day_2,Th,358.2603376238383
S03-02,Day_2,vol,1000
S03-02,Day_2,Ktrans,0.012000809631082599
S03-02,Day_2,khe,0.02637660271326657
S03-02,Day_2,Khe,0.11468088136202856
S03-02,Day_2,kbh,0.0021492750358776107
S03-02,Day_2,Kbh,0.002791266280360533
S03-02,Day_2,Te,4.7524978945442635
S03-02,Day_2,CL,26.37660271326657
