subject,study,parameter,value
S03-02,Day_2,FA,20.0
S03-02,Day_2,TR,0.0058
S03-02,Day_2,n0,4
S03-02,Day_2,center,G
S03-02,Day_2,field_strength,7.0
S03-02,Day_2,BAT,285.0
S03-02,Day_2,duration,30.0
S03-02,Day_2,study,3
S03-02,Day_2,visit,2
S03-02,Day_2,substance,Placebo
S03-02,Day_2,H,0.418
S03-02,Day_2,ve,0.23
S03-02,Day_2,khe,0.018934612549582664
S03-02,Day_2,Th,384.01270929940745
S03-02,Day_2,Kbh,0.0026040804790664336
S03-02,Day_2,Khe,0.08232440238948983
S03-02,Day_2,kbh,0.002005141968881154
S03-02,Day_2,E,0.4623429136235166
S03-02,Day_2,Ktrans,0.010180328615076213
