subject,study,parameter,value
S04-07,Day_1,FA,20.0
S04-07,Day_1,TR,0.0058
S04-07,Day_1,n0,4
S04-07,Day_1,center,G
S04-07,Day_1,field_strength,4.7
S04-07,Day_1,BAT,285.0
S04-07,Day_1,duration,30.0
S04-07,Day_1,study,4
S04-07,Day_1,visit,1
S04-07,Day_1,substance,Rifampicin
S04-07,Day_1,H,0.418
S04-07,Day_1,ve,0.23
S04-07,Day_1,khe,0.02880288061997247
S04-07,Day_1,Th,199.38346669099548
S04-07,Day_1,Kbh,0.005015460993813494
S04-07,Day_1,Khe,0.12522991573901074
S04-07,Day_1,kbh,0.003861904965236391
S04-07,Day_1,E,0.5667417314866785
S04-07,Day_1,Ktrans,0.012479086185605176
