subject,study,parameter,value
S15-09,Day_3,FA,20.0
S15-09,Day_3,TR,0.0058
S15-09,Day_3,n0,4
S15-09,Day_3,center,D
S15-09,Day_3,field_strength,4.7
S15-09,Day_3,BAT,292.0
S15-09,Day_3,duration,22.0
S15-09,Day_3,study,15
S15-09,Day_3,visit,3
S15-09,Day_3,substance,Placebo
S15-09,Day_3,H,0.418
S15-09,Day_3,ve,0.23
S15-09,Day_3,khe,0.026179924758113874
S15-09,Day_3,Th,334.0398181189729
S15-09,Day_3,Kbh,0.002993655084687647
S15-09,Day_3,Khe,0.11382575981788641
S15-09,Day_3,kbh,0.0023051144152094884
S15-09,Day_3,E,0.54316408279848
S15-09,Day_3,Ktrans,0.011959929939139732
