subject,study,parameter,value
S15-09,Day_3,FA,20.0
S15-09,Day_3,TR,0.0058
S15-09,Day_3,n0,4
S15-09,Day_3,center,D
S15-09,Day_3,field_strength,4.7
S15-09,Day_3,BAT,292.0
S15-09,Day_3,duration,22.0
S15-09,Day_3,study,15
S15-09,Day_3,visit,3
S15-09,Day_3,study arm,Placebo
S15-09,Day_3,substance,Placebo
S15-09,Day_3,ve,0.23
S15-09,Day_3,Fp,0.022019
S15-09,Day_3,E,0.741247174975522
S15-09,Day_3,Th,316.70963587455884
S15-09,Day_3,vol,1000
S15-09,Day_3,Ktrans,0.01632152154578602
S15-09,Day_3,khe,0.06307765545841673
S15-09,Day_3,Khe,0.2742506759061597
S15-09,Day_3,kbh,0.00243124904575047
S15-09,Day_3,Kbh,0.0031574662931824287
S15-09,Day_3,Te,2.7028089266374478
S15-09,Day_3,CL,63.07765545841673
