subject,study,parameter,value
S02-01,Day_1,FA,20.0
S02-01,Day_1,TR,0.0058
S02-01,Day_1,n0,4
S02-01,Day_1,center,D
S02-01,Day_1,field_strength,4.7
S02-01,Day_1,BAT,292.0
S02-01,Day_1,duration,22.0
S02-01,Day_1,study,2
S02-01,Day_1,visit,1
S02-01,Day_1,substance,Cyclosporine (clinical dose)
S02-01,Day_1,H,0.418
S02-01,Day_1,ve,0.23
S02-01,Day_1,khe,0.021233876934904753
S02-01,Day_1,Th,445.7091254779381
S02-01,Day_1,Kbh,0.0022436157189460516
S02-01,Day_1,Khe,0.09232120406480326
S02-01,Day_1,kbh,0.0017275841035884597
S02-01,Day_1,E,0.49092403649499605
S02-01,Day_1,Ktrans,0.010809656359583317
S02-01,Day_2,FA,20.0
S02-01,Day_2,TR,0.0058
S02-01,Day_2,n0,4
S02-01,Day_2,center,D
S02-01,Day_2,field_strength,4.7
S02-01,Day_2,BAT,292.0
S02-01,Day_2,duration,22.0
S02-01,Day_2,study,2
S02-01,Day_2,visit,2
S02-01,Day_2,substance,Cyclosporine (clinical dose)
S02-01,Day_2,H,0.418
S02-01,Day_2,ve,0.23
S02-01,Day_2,khe,0.0017636783350017178
S02-01,Day_2,Th,946.6973110471437
S02-01,Day_2,Kbh,0.0010563038347430164
S02-01,Day_2,Khe,0.007668166673920512
S02-01,Day_2,kbh,0.0008133539527521226
S02-01,Day_2,E,0.07415810406879433
S02-01,Day_2,Ktrans,0.0016328872934907826
S02-02,Day_1,FA,20.0
S02-02,Day_1,TR,0.0058
S02-02,Day_1,n0,4
S02-02,Day_1,center,D
S02-02,Day_1,field_strength,4.7
S02-02,Day_1,BAT,292.0
S02-02,Day_1,duration,22.0
S02-02,Day_1,study,2
S02-02,Day_1,visit,1
S02-02,Day_1,substance,Cyclosporine (clinical dose)
S02-02,Day_1,H,0.418
S02-02,Day_1,ve,0.23
S02-02,Day_1,khe,0.025438854055535105
S02-02,Day_1,Th,400.94689605407547
S02-02,Day_1,Kbh,0.0024940958761409905
S02-02,Day_1,Khe,0.11060371328493523
S02-02,Day_1,kbh,0.0019204538246285628
S02-02,Day_1,E,0.5360304329345907
S02-02,Day_1,Ktrans,0.011802854102786753
S02-02,Day_2,FA,20.0
S02-02,Day_2,TR,0.0058
S02-02,Day_2,n0,4
S02-02,Day_2,center,D
S02-02,Day_2,field_strength,4.7
S02-02,Day_2,BAT,292.0
S02-02,Day_2,duration,22.0
S02-02,Day_2,study,2
S02-02,Day_2,visit,2
S02-02,Day_2,substance,Cyclosporine (clinical dose)
S02-02,Day_2,H,0.418
S02-02,Day_2,ve,0.23
S02-02,Day_2,khe,0.00326227405010692
S02-02,Day_2,Th,811.6954414574975
S02-02,Day_2,Kbh,0.0012319891783602712
S02-02,Day_2,Khe,0.014183800217856172
S02-02,Day_2,kbh,0.0009486316673374089
S02-02,Day_2,E,0.12903914745914963
S02-02,Day_2,Ktrans,0.0028413129879030154
S02-02,Day_3,FA,20.0
S02-02,Day_3,TR,0.0058
S02-02,Day_3,n0,4
S02-02,Day_3,center,D
S02-02,Day_3,field_strength,4.7
S02-02,Day_3,BAT,292.0
S02-02,Day_3,duration,22.0
S02-02,Day_3,study,2
S02-02,Day_3,visit,3
S02-02,Day_3,substance,Cyclosporine (clinical dose)
S02-02,Day_3,H,0.418
S02-02,Day_3,ve,0.23
S02-02,Day_3,khe,0.0024290863947307034
S02-02,Day_3,Th,1235.2438356473301
S02-02,Day_3,Kbh,0.0008095567621075797
S02-02,Day_3,Khe,0.010561245194481319
S02-02,Day_3,kbh,0.0006233587068228364
S02-02,Day_3,E,0.0993569130733375
S02-02,Day_3,Ktrans,0.002187739868961818
S02-03,Day_1,FA,20.0
S02-03,Day_1,TR,0.0058
S02-03,Day_1,n0,4
S02-03,Day_1,center,D
S02-03,Day_1,field_strength,4.7
S02-03,Day_1,BAT,292.0
S02-03,Day_1,duration,22.0
S02-03,Day_1,study,2
S02-03,Day_1,visit,1
S02-03,Day_1,substance,Placebo
S02-03,Day_1,H,0.418
S02-03,Day_1,ve,0.23
S02-03,Day_1,khe,0.029707696157841048
S02-03,Day_1,Th,319.8812248039985
S02-03,Day_1,Kbh,0.003126160344711485
S02-03,Day_1,Khe,0.12916389633843933
S02-03,Day_1,kbh,0.0024071434654278434
S02-03,Day_1,E,0.5743203870432729
S02-03,Day_1,Ktrans,0.012645960602305824
S02-03,Day_2,FA,20.0
S02-03,Day_2,TR,0.0058
S02-03,Day_2,n0,4
S02-03,Day_2,center,D
S02-03,Day_2,field_strength,4.7
S02-03,Day_2,BAT,292.0
S02-03,Day_2,duration,22.0
S02-03,Day_2,study,2
S02-03,Day_2,visit,2
S02-03,Day_2,substance,Placebo
S02-03,Day_2,H,0.418
S02-03,Day_2,ve,0.23
S02-03,Day_2,khe,0.038069186614924096
S02-03,Day_2,Th,241.03807439224676
S02-03,Day_2,Kbh,0.004148722157366214
S02-03,Day_2,Khe,0.16551820267358303
S02-03,Day_2,kbh,0.003194516061171985
S02-03,Day_2,E,0.633555258688217
S02-03,Day_2,Ktrans,0.01395025324105585
S02-03,Day_3,FA,20.0
S02-03,Day_3,TR,0.0058
S02-03,Day_3,n0,4
S02-03,Day_3,center,D
S02-03,Day_3,field_strength,4.7
S02-03,Day_3,BAT,292.0
S02-03,Day_3,duration,22.0
S02-03,Day_3,study,2
S02-03,Day_3,visit,3
S02-03,Day_3,substance,Placebo
S02-03,Day_3,H,0.418
S02-03,Day_3,ve,0.23
S02-03,Day_3,khe,0.03935368569931768
S02-03,Day_3,Th,291.08210249900435
S02-03,Day_3,Kbh,0.003435456839890802
S02-03,Day_3,Khe,0.1711029813013812
S02-03,Day_3,kbh,0.0026453017667159174
S02-03,Day_3,E,0.6412247606715897
S02-03,Day_3,Ktrans,0.014119128005227737
S02-04,Day_1,FA,20.0
S02-04,Day_1,TR,0.0058
S02-04,Day_1,n0,4
S02-04,Day_1,center,D
S02-04,Day_1,field_strength,4.7
S02-04,Day_1,BAT,292.0
S02-04,Day_1,duration,22.0
S02-04,Day_1,study,2
S02-04,Day_1,visit,1
S02-04,Day_1,substance,Placebo
S02-04,Day_1,H,0.418
S02-04,Day_1,ve,0.23
S02-04,Day_1,khe,0.03465087703030816
S02-04,Day_1,Th,271.86803471450554
S02-04,Day_1,Kbh,0.0036782551543807695
S02-04,Day_1,Khe,0.15065598708829636
S02-04,Day_1,kbh,0.0028322564688731925
S02-04,Day_1,E,0.6114514243921191
S02-04,Day_1,Ktrans,0.013463548913690076
S02-04,Day_2,FA,20.0
S02-04,Day_2,TR,0.0058
S02-04,Day_2,n0,4
S02-04,Day_2,center,D
S02-04,Day_2,field_strength,4.7
S02-04,Day_2,BAT,292.0
S02-04,Day_2,duration,22.0
S02-04,Day_2,study,2
S02-04,Day_2,visit,2
S02-04,Day_2,substance,Placebo
S02-04,Day_2,H,0.418
S02-04,Day_2,ve,0.23
S02-04,Day_2,khe,0.04178468829828959
S02-04,Day_2,Th,277.7356199503753
S02-04,Day_2,Kbh,0.003600546448376611
S02-04,Day_2,Khe,0.18167255781865038
S02-04,Day_2,kbh,0.002772420765249991
S02-04,Day_2,E,0.6548945588057756
S02-04,Day_2,Ktrans,0.014420123290344372
S02-04,Day_3,FA,20.0
S02-04,Day_3,TR,0.0058
S02-04,Day_3,n0,4
S02-04,Day_3,center,D
S02-04,Day_3,field_strength,4.7
S02-04,Day_3,BAT,292.0
S02-04,Day_3,duration,22.0
S02-04,Day_3,study,2
S02-04,Day_3,visit,3
S02-04,Day_3,substance,Placebo
S02-04,Day_3,H,0.418
S02-04,Day_3,ve,0.23
S02-04,Day_3,khe,0.04537389739338391
S02-04,Day_3,Th,303.2525611154267
S02-04,Day_3,Kbh,0.00329758138339142
S02-04,Day_3,Khe,0.1972778147538431
S02-04,Day_3,kbh,0.0025391376652113937
S02-04,Day_3,E,0.6732741749999066
S02-04,Day_3,Ktrans,0.014824824059322946
S02-05,Day_1,FA,20.0
S02-05,Day_1,TR,0.0058
S02-05,Day_1,n0,4
S02-05,Day_1,center,D
S02-05,Day_1,field_strength,4.7
S02-05,Day_1,BAT,292.0
S02-05,Day_1,duration,22.0
S02-05,Day_1,study,2
S02-05,Day_1,visit,1
S02-05,Day_1,substance,Placebo
S02-05,Day_1,H,0.418
S02-05,Day_1,ve,0.23
S02-05,Day_1,khe,0.02966986910820633
S02-05,Day_1,Th,339.69962239969277
S02-05,Day_1,Kbh,0.002943777190377308
S02-05,Day_1,Khe,0.1289994309052449
S02-05,Day_1,kbh,0.0022667084365905273
S02-05,Day_1,E,0.5740088653534853
S02-05,Day_1,Ktrans,0.012639101206218391
S02-05,Day_2,FA,20.0
S02-05,Day_2,TR,0.0058
S02-05,Day_2,n0,4
S02-05,Day_2,center,D
S02-05,Day_2,field_strength,4.7
S02-05,Day_2,BAT,292.0
S02-05,Day_2,duration,22.0
S02-05,Day_2,study,2
S02-05,Day_2,visit,2
S02-05,Day_2,substance,Placebo
S02-05,Day_2,H,0.418
S02-05,Day_2,ve,0.23
S02-05,Day_2,khe,0.02606471345754195
S02-05,Day_2,Th,343.6316520511749
S02-05,Day_2,Kbh,0.002910092810225399
S02-05,Day_2,Khe,0.1133248411197476
S02-05,Day_2,kbh,0.002240771463873557
S02-05,Day_2,E,0.542069478068851
S02-05,Day_2,Ktrans,0.011935827837598029
S02-05,Day_3,FA,20.0
S02-05,Day_3,TR,0.0058
S02-05,Day_3,n0,4
S02-05,Day_3,center,D
S02-05,Day_3,field_strength,4.7
S02-05,Day_3,BAT,292.0
S02-05,Day_3,duration,22.0
S02-05,Day_3,study,2
S02-05,Day_3,visit,3
S02-05,Day_3,substance,Placebo
S02-05,Day_3,H,0.418
S02-05,Day_3,ve,0.23
S02-05,Day_3,khe,0.02825731319996209
S02-05,Day_3,Th,390.2602525739002
S02-05,Day_3,Kbh,0.002562392642870129
S02-05,Day_3,Khe,0.12285788347809605
S02-05,Day_3,kbh,0.0019730423350099993
S02-05,Day_3,E,0.5620402810280726
S02-05,Day_3,Ktrans,0.012375564947957133
S02-06,Day_1,FA,20.0
S02-06,Day_1,TR,0.0058
S02-06,Day_1,n0,4
S02-06,Day_1,center,D
S02-06,Day_1,field_strength,4.7
S02-06,Day_1,BAT,292.0
S02-06,Day_1,duration,22.0
S02-06,Day_1,study,2
S02-06,Day_1,visit,1
S02-06,Day_1,substance,Placebo
S02-06,Day_1,H,0.418
S02-06,Day_1,ve,0.23
S02-06,Day_1,khe,0.03243321694170654
S02-06,Day_1,Th,307.55729555293993
S02-06,Day_1,Kbh,0.0032514266917393598
S02-06,Day_1,Khe,0.14101398670307191
S02-06,Day_1,kbh,0.0025035985526393073
S02-06,Day_1,E,0.5956271160901989
S02-06,Day_1,Ktrans,0.013115113469190092
S02-06,Day_2,FA,20.0
S02-06,Day_2,TR,0.0058
S02-06,Day_2,n0,4
S02-06,Day_2,center,D
S02-06,Day_2,field_strength,4.7
S02-06,Day_2,BAT,292.0
S02-06,Day_2,duration,22.0
S02-06,Day_2,study,2
S02-06,Day_2,visit,2
S02-06,Day_2,substance,Placebo
S02-06,Day_2,H,0.418
S02-06,Day_2,ve,0.23
S02-06,Day_2,khe,0.037130614051736344
S02-06,Day_2,Th,255.16302097832164
S02-06,Day_2,Kbh,0.0039190631783786525
S02-06,Day_2,Khe,0.16143745239885365
S02-06,Day_2,kbh,0.0030176786473515623
S02-06,Day_2,E,0.6277405972464899
S02-06,Day_2,Ktrans,0.013822220210770461
S02-06,Day_3,FA,20.0
S02-06,Day_3,TR,0.0058
S02-06,Day_3,n0,4
S02-06,Day_3,center,D
S02-06,Day_3,field_strength,4.7
S02-06,Day_3,BAT,292.0
S02-06,Day_3,duration,22.0
S02-06,Day_3,study,2
S02-06,Day_3,visit,3
S02-06,Day_3,substance,Placebo
S02-06,Day_3,H,0.418
S02-06,Day_3,ve,0.23
S02-06,Day_3,khe,0.04115177254310072
S02-06,Day_3,Th,292.1574158536978
S02-06,Day_3,Kbh,0.003422812311910525
S02-06,Day_3,Khe,0.17892075018739442
S02-06,Day_3,kbh,0.0026355654801711046
S02-06,Day_3,E,0.6514369048601285
S02-06,Day_3,Ktrans,0.014343989208115167
S02-07,Day_1,FA,20.0
S02-07,Day_1,TR,0.0058
S02-07,Day_1,n0,4
S02-07,Day_1,center,D
S02-07,Day_1,field_strength,4.7
S02-07,Day_1,BAT,292.0
S02-07,Day_1,duration,22.0
S02-07,Day_1,study,2
S02-07,Day_1,visit,1
S02-07,Day_1,substance,Cyclosporine (clinical dose)
S02-07,Day_1,H,0.418
S02-07,Day_1,ve,0.23
S02-07,Day_1,khe,0.024098856771376517
S02-07,Day_1,Th,384.29275138335055
S02-07,Day_1,Kbh,0.0026021828317090785
S02-07,Day_1,Khe,0.10477763813641963
S02-07,Day_1,kbh,0.0020036807804159904
S02-07,Day_1,E,0.5225493650072156
S02-07,Day_1,Ktrans,0.01150601446809388
S02-07,Day_2,FA,20.0
S02-07,Day_2,TR,0.0058
S02-07,Day_2,n0,4
S02-07,Day_2,center,D
S02-07,Day_2,field_strength,4.7
S02-07,Day_2,BAT,292.0
S02-07,Day_2,duration,22.0
S02-07,Day_2,study,2
S02-07,Day_2,visit,2
S02-07,Day_2,substance,Cyclosporine (clinical dose)
S02-07,Day_2,H,0.418
S02-07,Day_2,ve,0.23
S02-07,Day_2,khe,0.00294085782626925
S02-07,Day_2,Th,811.9289456048011
S02-07,Day_2,Kbh,0.0012316348683136377
S02-07,Day_2,Khe,0.012786338375083695
S02-07,Day_2,kbh,0.0009483588486015011
S02-07,Day_2,E,0.1178235007081697
S02-07,Day_2,Ktrans,0.0025943556620931884
S02-07,Day_3,FA,20.0
S02-07,Day_3,TR,0.0058
S02-07,Day_3,n0,4
S02-07,Day_3,center,D
S02-07,Day_3,field_strength,4.7
S02-07,Day_3,BAT,292.0
S02-07,Day_3,duration,22.0
S02-07,Day_3,study,2
S02-07,Day_3,visit,3
S02-07,Day_3,substance,Cyclosporine (clinical dose)
S02-07,Day_3,H,0.418
S02-07,Day_3,ve,0.23
S02-07,Day_3,khe,0.00320547469269102
S02-07,Day_3,Th,949.3400297963186
S02-07,Day_3,Kbh,0.0010533633562408093
S02-07,Day_3,Khe,0.013936846489960955
S02-07,Day_3,kbh,0.0008110897843054231
S02-07,Day_3,E,0.12707795630010998
S02-07,Day_3,Ktrans,0.002798129519772122
S02-08,Day_1,FA,20.0
S02-08,Day_1,TR,0.0058
S02-08,Day_1,n0,4
S02-08,Day_1,center,D
S02-08,Day_1,field_strength,4.7
S02-08,Day_1,BAT,292.0
S02-08,Day_1,duration,22.0
S02-08,Day_1,study,2
S02-08,Day_1,visit,1
S02-08,Day_1,substance,Cyclosporine (clinical dose)
S02-08,Day_1,H,0.418
S02-08,Day_1,ve,0.23
S02-08,Day_1,khe,0.027113414368421327
S02-08,Day_1,Th,357.21238900171517
S02-08,Day_1,Kbh,0.002799454976336777
S02-08,Day_1,Khe,0.11788441029748403
S02-08,Day_1,kbh,0.0021555803317793183
S02-08,Day_1,E,0.5518437210333351
S02-08,Day_1,Ktrans,0.012151046893433009
S02-08,Day_2,FA,20.0
S02-08,Day_2,TR,0.0058
S02-08,Day_2,n0,4
S02-08,Day_2,center,D
S02-08,Day_2,field_strength,4.7
S02-08,Day_2,BAT,292.0
S02-08,Day_2,duration,22.0
S02-08,Day_2,study,2
S02-08,Day_2,visit,2
S02-08,Day_2,substance,Cyclosporine (clinical dose)
S02-08,Day_2,H,0.418
S02-08,Day_2,ve,0.23
S02-08,Day_2,khe,0.003042730889903934
S02-08,Day_2,Th,671.6149828676504
S02-08,Day_2,Kbh,0.0014889483193633007
S02-08,Day_2,Khe,0.013229264738712755
S02-08,Day_2,kbh,0.0011464902059097415
S02-08,Day_2,E,0.1214094470677479
S02-08,Day_2,Ktrans,0.0026733146149847406
S02-08,Day_3,FA,20.0
S02-08,Day_3,TR,0.0058
S02-08,Day_3,n0,4
S02-08,Day_3,center,D
S02-08,Day_3,field_strength,4.7
S02-08,Day_3,BAT,292.0
S02-08,Day_3,duration,22.0
S02-08,Day_3,study,2
S02-08,Day_3,visit,3
S02-08,Day_3,substance,Cyclosporine (clinical dose)
S02-08,Day_3,H,0.418
S02-08,Day_3,ve,0.23
S02-08,Day_3,khe,0.005026460808212775
S02-08,Day_3,Th,833.1690270589246
S02-08,Day_3,Kbh,0.0012002366476943898
S02-08,Day_3,Khe,0.021854177427012067
S02-08,Day_3,kbh,0.0009241822187246801
S02-08,Day_3,E,0.18585228936777487
S02-08,Day_3,Ktrans,0.004092281559589035
S02-09,Day_1,FA,20.0
S02-09,Day_1,TR,0.0058
S02-09,Day_1,n0,4
S02-09,Day_1,center,D
S02-09,Day_1,field_strength,4.7
S02-09,Day_1,BAT,292.0
S02-09,Day_1,duration,22.0
S02-09,Day_1,study,2
S02-09,Day_1,visit,1
S02-09,Day_1,substance,Placebo
S02-09,Day_1,H,0.418
S02-09,Day_1,ve,0.23
S02-09,Day_1,khe,0.02380420274067599
S02-09,Day_1,Th,295.90087371693386
S02-09,Day_1,Kbh,0.0033795101293165658
S02-09,Day_1,Khe,0.103496533655113
S02-09,Day_1,kbh,0.0026022227995737557
S02-09,Day_1,E,0.5194792445082774
S02-09,Day_1,Ktrans,0.01143841348482776
S02-09,Day_2,FA,20.0
S02-09,Day_2,TR,0.0058
S02-09,Day_2,n0,4
S02-09,Day_2,center,D
S02-09,Day_2,field_strength,4.7
S02-09,Day_2,BAT,292.0
S02-09,Day_2,duration,22.0
S02-09,Day_2,study,2
S02-09,Day_2,visit,2
S02-09,Day_2,substance,Placebo
S02-09,Day_2,H,0.418
S02-09,Day_2,ve,0.23
S02-09,Day_2,khe,0.03873721343658872
S02-09,Day_2,Th,216.49416201057363
S02-09,Day_2,Kbh,0.0046190621987818765
S02-09,Day_2,Khe,0.16842266711560314
S02-09,Day_2,kbh,0.0035566778930620447
S02-09,Day_2,E,0.6375843925332635
S02-09,Day_2,Ktrans,0.01403897073918993
S02-09,Day_3,FA,20.0
S02-09,Day_3,TR,0.0058
S02-09,Day_3,n0,4
S02-09,Day_3,center,D
S02-09,Day_3,field_strength,4.7
S02-09,Day_3,BAT,292.0
S02-09,Day_3,duration,22.0
S02-09,Day_3,study,2
S02-09,Day_3,visit,3
S02-09,Day_3,substance,Placebo
S02-09,Day_3,H,0.418
S02-09,Day_3,ve,0.23
S02-09,Day_3,khe,0.02578020880549874
S02-09,Day_3,Th,337.6430639663703
S02-09,Day_3,Kbh,0.002961707515187107
S02-09,Day_3,Khe,0.11208786437173364
S02-09,Day_3,kbh,0.0022805147866940727
S02-09,Day_3,E,0.5393438395685961
S02-09,Day_3,Ktrans,0.011875812003460919
S02-10,Day_1,FA,20.0
S02-10,Day_1,TR,0.0058
S02-10,Day_1,n0,4
S02-10,Day_1,center,D
S02-10,Day_1,field_strength,4.7
S02-10,Day_1,BAT,292.0
S02-10,Day_1,duration,22.0
S02-10,Day_1,study,2
S02-10,Day_1,visit,1
S02-10,Day_1,substance,Placebo
S02-10,Day_1,H,0.418
S02-10,Day_1,ve,0.23
S02-10,Day_1,khe,0.03311193849371309
S02-10,Day_1,Th,235.6200239475995
S02-10,Day_1,Kbh,0.0042441214598229315
S02-10,Day_1,Khe,0.14396494997266562
S02-10,Day_1,kbh,0.003267973524063657
S02-10,Day_1,E,0.6006053841707963
S02-10,Day_1,Ktrans,0.01322472995405676
S02-10,Day_2,FA,20.0
S02-10,Day_2,TR,0.0058
S02-10,Day_2,n0,4
S02-10,Day_2,center,D
S02-10,Day_2,field_strength,4.7
S02-10,Day_2,BAT,292.0
S02-10,Day_2,duration,22.0
S02-10,Day_2,study,2
S02-10,Day_2,visit,2
S02-10,Day_2,substance,Placebo
S02-10,Day_2,H,0.418
S02-10,Day_2,ve,0.23
S02-10,Day_2,khe,0.046996622311114164
S02-10,Day_2,Th,189.26196157016028
S02-10,Day_2,Kbh,0.00528368189626575
S02-10,Day_2,Khe,0.20433314048310505
S02-10,Day_2,kbh,0.004068435060124628
S02-10,Day_2,E,0.6809562927544002
S02-10,Day_2,Ktrans,0.014993976610159132
S02-10,Day_3,FA,20.0
S02-10,Day_3,TR,0.0058
S02-10,Day_3,n0,4
S02-10,Day_3,center,D
S02-10,Day_3,field_strength,4.7
S02-10,Day_3,BAT,292.0
S02-10,Day_3,duration,22.0
S02-10,Day_3,study,2
S02-10,Day_3,visit,3
S02-10,Day_3,substance,Placebo
S02-10,Day_3,H,0.418
S02-10,Day_3,ve,0.23
S02-10,Day_3,khe,0.03943687704351827
S02-10,Day_3,Th,201.53274696617123
S02-10,Day_3,Kbh,0.0049619727565558235
S02-10,Day_3,Khe,0.1714646827979055
S02-10,Day_3,kbh,0.0038207190225479845
S02-10,Day_3,E,0.6417104260930512
S02-10,Day_3,Ktrans,0.014129821872142892
S02-11,Day_1,FA,20.0
S02-11,Day_1,TR,0.0058
S02-11,Day_1,n0,4
S02-11,Day_1,center,D
S02-11,Day_1,field_strength,4.7
S02-11,Day_1,BAT,292.0
S02-11,Day_1,duration,22.0
S02-11,Day_1,study,2
S02-11,Day_1,visit,1
S02-11,Day_1,substance,Cyclosporine (clinical dose)
S02-11,Day_1,H,0.418
S02-11,Day_1,ve,0.23
S02-11,Day_1,khe,0.021183634479930515
S02-11,Day_1,Th,296.4204598040303
S02-11,Day_1,Kbh,0.0033735862924614605
S02-11,Day_1,Khe,0.09210275860839354
S02-11,Day_1,kbh,0.0025976614451953244
S02-11,Day_1,E,0.49033200717820175
S02-11,Day_1,Ktrans,0.010796620466056823
S02-11,Day_2,FA,20.0
S02-11,Day_2,TR,0.0058
S02-11,Day_2,n0,4
S02-11,Day_2,center,D
S02-11,Day_2,field_strength,4.7
S02-11,Day_2,BAT,292.0
S02-11,Day_2,duration,22.0
S02-11,Day_2,study,2
S02-11,Day_2,visit,2
S02-11,Day_2,substance,Cyclosporine (clinical dose)
S02-11,Day_2,H,0.418
S02-11,Day_2,ve,0.23
S02-11,Day_2,khe,0.0019465525590369663
S02-11,Day_2,Th,994.0004981799046
S02-11,Day_2,Kbh,0.001006035713091775
S02-11,Day_2,Khe,0.008463271995812897
S02-11,Day_2,kbh,0.0007746474990806668
S02-11,Day_2,E,0.08122293672310749
S02-11,Day_2,Ktrans,0.001788447843706104
S02-11,Day_3,FA,20.0
S02-11,Day_3,TR,0.0058
S02-11,Day_3,n0,4
S02-11,Day_3,center,D
S02-11,Day_3,field_strength,4.7
S02-11,Day_3,BAT,292.0
S02-11,Day_3,duration,22.0
S02-11,Day_3,study,2
S02-11,Day_3,visit,3
S02-11,Day_3,substance,Cyclosporine (clinical dose)
S02-11,Day_3,H,0.418
S02-11,Day_3,ve,0.23
S02-11,Day_3,khe,0.0036971551177720856
S02-11,Day_3,Th,738.3710009592841
S02-11,Day_3,Kbh,0.0013543327117408596
S02-11,Day_3,Khe,0.016074587468574285
S02-11,Day_3,kbh,0.0010428361880404618
S02-11,Day_3,E,0.14376780280101173
S02-11,Day_3,Ktrans,0.003165623249875477
S02-12,Day_1,FA,20.0
S02-12,Day_1,TR,0.0058
S02-12,Day_1,n0,4
S02-12,Day_1,center,D
S02-12,Day_1,field_strength,4.7
S02-12,Day_1,BAT,292.0
S02-12,Day_1,duration,22.0
S02-12,Day_1,study,2
S02-12,Day_1,visit,1
S02-12,Day_1,substance,Cyclosporine (clinical dose)
S02-12,Day_1,H,0.418
S02-12,Day_1,ve,0.23
S02-12,Day_1,khe,0.03333115321656357
S02-12,Day_1,Th,327.7756860773106
S02-12,Day_1,Kbh,0.0030508669266094855
S02-12,Day_1,Khe,0.14491805746331984
S02-12,Day_1,kbh,0.0023491675334893036
S02-12,Day_1,E,0.6021871897292093
S02-12,Day_1,Ktrans,0.01325955973064746
S02-12,Day_2,FA,20.0
S02-12,Day_2,TR,0.0058
S02-12,Day_2,n0,4
S02-12,Day_2,center,D
S02-12,Day_2,field_strength,4.7
S02-12,Day_2,BAT,292.0
S02-12,Day_2,duration,22.0
S02-12,Day_2,study,2
S02-12,Day_2,visit,2
S02-12,Day_2,substance,Cyclosporine (clinical dose)
S02-12,Day_2,H,0.418
S02-12,Day_2,ve,0.23
S02-12,Day_2,khe,0.004195684266494143
S02-12,Day_2,Th,767.7273126979819
S02-12,Day_2,Kbh,0.0013025458173238033
S02-12,Day_2,Khe,0.01824210550649627
S02-12,Day_2,kbh,0.0010029602793393286
S02-12,Day_2,E,0.1600509174110781
S02-12,Day_2,Ktrans,0.0035241611504745287
S02-12,Day_3,FA,20.0
S02-12,Day_3,TR,0.0058
S02-12,Day_3,n0,4
S02-12,Day_3,center,D
S02-12,Day_3,field_strength,4.7
S02-12,Day_3,BAT,292.0
S02-12,Day_3,duration,22.0
S02-12,Day_3,study,2
S02-12,Day_3,visit,3
S02-12,Day_3,substance,Cyclosporine (clinical dose)
S02-12,Day_3,H,0.418
S02-12,Day_3,ve,0.23
S02-12,Day_3,khe,0.0037803396431035333
S02-12,Day_3,Th,875.3171626467207
S02-12,Day_3,Kbh,0.0011424430397049138
S02-12,Day_3,Khe,0.01643625931784145
S02-12,Day_3,kbh,0.0008796811405727837
S02-12,Day_3,E,0.14652854279989536
S02-12,Day_3,Ktrans,0.003226411983910896
S02-13,Day_1,FA,20.0
S02-13,Day_1,TR,0.0058
S02-13,Day_1,n0,4
S02-13,Day_1,center,D
S02-13,Day_1,field_strength,4.7
S02-13,Day_1,BAT,292.0
S02-13,Day_1,duration,22.0
S02-13,Day_1,study,2
S02-13,Day_1,visit,1
S02-13,Day_1,substance,Cyclosporine (clinical dose)
S02-13,Day_1,H,0.418
S02-13,Day_1,ve,0.23
S02-13,Day_1,khe,0.03915014345254695
S02-13,Day_1,Th,204.4713875250379
S02-13,Day_1,Kbh,0.004890659823382615
S02-13,Day_1,Khe,0.1702180150110737
S02-13,Day_1,kbh,0.0037658080640046135
S02-13,Day_1,E,0.6400309247900188
S02-13,Day_1,Ktrans,0.014092840932951427
S02-13,Day_2,FA,20.0
S02-13,Day_2,TR,0.0058
S02-13,Day_2,n0,4
S02-13,Day_2,center,D
S02-13,Day_2,field_strength,4.7
S02-13,Day_2,BAT,292.0
S02-13,Day_2,duration,22.0
S02-13,Day_2,study,2
S02-13,Day_2,visit,2
S02-13,Day_2,substance,Cyclosporine (clinical dose)
S02-13,Day_2,H,0.418
S02-13,Day_2,ve,0.23
S02-13,Day_2,khe,0.0033605409529403863
S02-13,Day_2,Th,682.3195332004992
S02-13,Day_2,Kbh,0.0014655889965649723
S02-13,Day_2,Khe,0.014611047621479939
S02-13,Day_2,kbh,0.0011285035273550287
S02-13,Day_2,E,0.13241141591849973
S02-13,Day_2,Ktrans,0.0029155669671094456
