subject,study,parameter,value
S14-01,Day_2,FA,30.0
S14-01,Day_2,TR,0.036
S14-01,Day_2,n0,4
S14-01,Day_2,center,A
S14-01,Day_2,field_strength,7.0
S14-01,Day_2,BAT,285.0
S14-01,Day_2,duration,30.0
S14-01,Day_2,study,14
S14-01,Day_2,visit,2
S14-01,Day_2,study arm,Rifampicin (clinical dose)
S14-01,Day_2,substance,Rifampicin (clinical dose)
S14-01,Day_2,ve,0.23
S14-01,Day_2,Fp,0.022019
S14-01,Day_2,E,0.11563613744684688
S14-01,Day_2,Th,673.5939723740254
S14-01,Day_2,vol,1000
S14-01,Day_2,Ktrans,0.0025461921104421217
S14-01,Day_2,khe,0.0028791227437666668
S14-01,Day_2,Khe,0.012517924972898551
S14-01,Day_2,kbh,0.0011431218680389905
S14-01,Day_2,Kbh,0.0014845738545960915
S14-01,Day_2,Te,9.237644233944557
S14-01,Day_2,CL,2.8791227437666667
