subject,study,parameter,value
S14-01,Day_2,FA,30.0
S14-01,Day_2,TR,0.036
S14-01,Day_2,n0,4
S14-01,Day_2,center,A
S14-01,Day_2,field_strength,7.0
S14-01,Day_2,BAT,285.0
S14-01,Day_2,duration,30.0
S14-01,Day_2,study,14
S14-01,Day_2,visit,2
S14-01,Day_2,substance,Rifampicin (clinical dose)
S14-01,Day_2,H,0.418
S14-01,Day_2,ve,0.23
S14-01,Day_2,khe,0.004196692465709738
S14-01,Day_2,Th,707.7049637832781
S14-01,Day_2,Kbh,0.0014130182083988208
S14-01,Day_2,Khe,0.018246488981346686
S14-01,Day_2,kbh,0.001088024020467092
S14-01,Day_2,E,0.16008322004841313
S14-01,Day_2,Ktrans,0.0035248724222460086
