subject,study,parameter,value
S08-01,Day_2,FA,20.0
S08-01,Day_2,TR,0.0058
S08-01,Day_2,n0,4
S08-01,Day_2,center,G
S08-01,Day_2,field_strength,4.7
S08-01,Day_2,substance,Cyclosporine
S08-01,Day_2,BAT,285.0
S08-01,Day_2,duration,30.0
S08-01,Day_2,study,8
S08-01,Day_2,visit,2
S08-01,Day_2,H,0.418
S08-01,Day_2,ve,0.23
S08-01,Day_2,khe,0.003034090229007072
S08-01,Day_2,Th,850.0427662400228
S08-01,Day_2,Kbh,0.0011764113991855727
S08-01,Day_2,Khe,0.013191696647856835
S08-01,Day_2,kbh,0.000905836777372891
S08-01,Day_2,E,0.12110642644371787
S08-01,Day_2,Ktrans,0.002666642403864224
