subject,study,parameter,value
S02-01,Day_2,FA,20.0
S02-01,Day_2,TR,0.0058
S02-01,Day_2,n0,4
S02-01,Day_2,center,D
S02-01,Day_2,field_strength,4.7
S02-01,Day_2,BAT,292.0
S02-01,Day_2,duration,22.0
S02-01,Day_2,study,2
S02-01,Day_2,visit,2
S02-01,Day_2,substance,Cyclosporine (clinical dose)
S02-01,Day_2,H,0.418
S02-01,Day_2,ve,0.23
S02-01,Day_2,khe,0.0017636783350017178
S02-01,Day_2,Th,946.6973110471437
S02-01,Day_2,Kbh,0.0010563038347430164
S02-01,Day_2,Khe,0.007668166673920512
S02-01,Day_2,kbh,0.0008133539527521226
S02-01,Day_2,E,0.07415810406879433
S02-01,Day_2,Ktrans,0.0016328872934907826
