subject,study,parameter,value
S15-01,Day_2,FA,20.0
S15-01,Day_2,TR,0.0058
S15-01,Day_2,n0,4
S15-01,Day_2,center,D
S15-01,Day_2,field_strength,4.7
S15-01,Day_2,BAT,292.0
S15-01,Day_2,duration,22.0
S15-01,Day_2,study,15
S15-01,Day_2,visit,2
S15-01,Day_2,study arm,Cyclosporine (clinical dose)
S15-01,Day_2,substance,Cyclosporine (clinical dose)
S15-01,Day_2,ve,0.23
S15-01,Day_2,Fp,0.022019
S15-01,Day_2,E,0.053575683862978674
S15-01,Day_2,Th,796.7395552970638
S15-01,Day_2,vol,1000
S15-01,Day_2,Ktrans,0.0011796829829789275
S15-01,Day_2,khe,0.0012464630957433425
S15-01,Day_2,Khe,0.005419404764101489
S15-01,Day_2,kbh,0.0009664387752317707
S15-01,Day_2,Kbh,0.001255115292508793
S15-01,Day_2,Te,9.88589821115922
S15-01,Day_2,CL,1.2464630957433425
