subject,study,parameter,value
S15-01,Day_2,FA,20.0
S15-01,Day_2,TR,0.0058
S15-01,Day_2,n0,4
S15-01,Day_2,center,D
S15-01,Day_2,field_strength,4.7
S15-01,Day_2,BAT,292.0
S15-01,Day_2,duration,22.0
S15-01,Day_2,study,15
S15-01,Day_2,visit,2
S15-01,Day_2,substance,Cyclosporine (clinical dose)
S15-01,Day_2,H,0.418
S15-01,Day_2,ve,0.23
S15-01,Day_2,khe,0.0019461703005470789
S15-01,Day_2,Th,845.7646965257471
S15-01,Day_2,Kbh,0.0011823619549359585
S15-01,Day_2,Khe,0.008461610002378604
S15-01,Day_2,kbh,0.000910418705300688
S15-01,Day_2,E,0.08120828169131147
S15-01,Day_2,Ktrans,0.0017881251545609875
