subject,study,parameter,value
S02-06,Day_2,FA,20.0
S02-06,Day_2,TR,0.0058
S02-06,Day_2,n0,4
S02-06,Day_2,center,E
S02-06,Day_2,field_strength,7.0
S02-06,Day_2,BAT,285.0
S02-06,Day_2,duration,30.0
S02-06,Day_2,study,2
S02-06,Day_2,visit,2
S02-06,Day_2,substance,Rifampicin
S02-06,Day_2,H,0.418
S02-06,Day_2,ve,0.23
S02-06,Day_2,khe,0.005382313848441292
S02-06,Day_2,Th,525.2820023455931
S02-06,Day_2,Kbh,0.0019037393162807828
S02-06,Day_2,Khe,0.0234013645584404
S02-06,Day_2,kbh,0.0014658792735362028
S02-06,Day_2,E,0.19642539325709965
S02-06,Day_2,Ktrans,0.004325090734128078
