subject,study,parameter,value
S02-06,Day_2,FA,20.0
S02-06,Day_2,TR,0.0058
S02-06,Day_2,n0,4
S02-06,Day_2,center,E
S02-06,Day_2,field_strength,7.0
S02-06,Day_2,BAT,285.0
S02-06,Day_2,duration,30.0
S02-06,Day_2,study,2
S02-06,Day_2,visit,2
S02-06,Day_2,substance,Rifampicin
S02-06,Day_2,ve,0.23
S02-06,Day_2,Fp,0.022019
S02-06,Day_2,E,0.15117596830231664
S02-06,Day_2,Th,493.0675238364112
S02-06,Day_2,vol,1000
S02-06,Day_2,Ktrans,0.00332874364604871
S02-06,Day_2,khe,0.003921594490428227
S02-06,Day_2,Khe,0.017050410827948812
S02-06,Day_2,kbh,0.0015616522337728914
S02-06,Day_2,Kbh,0.0020281197841206383
S02-06,Day_2,Te,8.86641206641842
S02-06,Day_2,CL,3.921594490428227
