subject,study,parameter,value
S02-09,Day_3,FA,20.0
S02-09,Day_3,TR,0.0058
S02-09,Day_3,n0,4
S02-09,Day_3,center,D
S02-09,Day_3,field_strength,4.7
S02-09,Day_3,BAT,292.0
S02-09,Day_3,duration,22.0
S02-09,Day_3,study,2
S02-09,Day_3,visit,3
S02-09,Day_3,substance,Placebo
S02-09,Day_3,H,0.418
S02-09,Day_3,ve,0.23
S02-09,Day_3,khe,0.02578020880549874
S02-09,Day_3,Th,337.6430639663703
S02-09,Day_3,Kbh,0.002961707515187107
S02-09,Day_3,Khe,0.11208786437173364
S02-09,Day_3,kbh,0.0022805147866940727
S02-09,Day_3,E,0.5393438395685961
S02-09,Day_3,Ktrans,0.011875812003460919
