subject,study,parameter,value
S08-01,Day_1,FA,20.0
S08-01,Day_1,TR,0.0058
S08-01,Day_1,n0,4
S08-01,Day_1,center,G
S08-01,Day_1,field_strength,4.7
S08-01,Day_1,substance,Cyclosporine
S08-01,Day_1,BAT,285.0
S08-01,Day_1,duration,30.0
S08-01,Day_1,study,8
S08-01,Day_1,visit,1
S08-01,Day_1,H,0.418
S08-01,Day_1,ve,0.23
S08-01,Day_1,khe,0.029344480113428977
S08-01,Day_1,Th,408.26204491516353
S08-01,Day_1,Kbh,0.0024494072188557207
S08-01,Day_1,Khe,0.12758469614534337
S08-01,Day_1,kbh,0.001886043558518905
S08-01,Day_1,E,0.5713102003335024
S08-01,Day_1,Ktrans,0.01257967930114339
