subject,study,parameter,value
S15-12,Day_3,FA,20.0
S15-12,Day_3,TR,0.0058
S15-12,Day_3,n0,4
S15-12,Day_3,center,D
S15-12,Day_3,field_strength,4.7
S15-12,Day_3,BAT,292.0
S15-12,Day_3,duration,22.0
S15-12,Day_3,study,15
S15-12,Day_3,visit,3
S15-12,Day_3,substance,Cyclosporine (clinical dose)
S15-12,Day_3,H,0.418
S15-12,Day_3,ve,0.23
S15-12,Day_3,khe,0.003990557119204638
S15-12,Day_3,Th,821.1090522044376
S15-12,Day_3,Kbh,0.00121786502939566
S15-12,Day_3,Khe,0.01735024834436799
S15-12,Day_3,kbh,0.0009377560726346583
S15-12,Day_3,E,0.1534265693535449
S15-12,Day_3,Ktrans,0.003378299630595705
