subject,study,parameter,value
S15-12,Day_3,FA,20.0
S15-12,Day_3,TR,0.0058
S15-12,Day_3,n0,4
S15-12,Day_3,center,D
S15-12,Day_3,field_strength,4.7
S15-12,Day_3,BAT,292.0
S15-12,Day_3,duration,22.0
S15-12,Day_3,study,15
S15-12,Day_3,visit,3
S15-12,Day_3,study arm,Cyclosporine (clinical dose)
S15-12,Day_3,substance,Cyclosporine (clinical dose)
S15-12,Day_3,ve,0.23
S15-12,Day_3,Fp,0.022019
S15-12,Day_3,E,0.10867696442929665
S15-12,Day_3,Th,787.7083056182029
S15-12,Day_3,vol,1000
S15-12,Day_3,Ktrans,0.002392958079768683
S15-12,Day_3,khe,0.002684725945892895
S15-12,Day_3,Khe,0.011672721503882152
S15-12,Day_3,kbh,0.0009775192092150086
S15-12,Day_3,Kbh,0.0012695054665129981
S15-12,Day_3,Te,9.31033644494581
S15-12,Day_3,CL,2.684725945892895
