subject,study,parameter,value
S14-01,Day_1,FA,30.0
S14-01,Day_1,TR,0.036
S14-01,Day_1,n0,4
S14-01,Day_1,center,A
S14-01,Day_1,field_strength,7.0
S14-01,Day_1,BAT,285.0
S14-01,Day_1,duration,30.0
S14-01,Day_1,study,14
S14-01,Day_1,visit,1
S14-01,Day_1,substance,Rifampicin (clinical dose)
S14-01,Day_1,H,0.418
S14-01,Day_1,ve,0.23
S14-01,Day_1,khe,0.009364857223989921
S14-01,Day_1,Th,457.9417987066039
S14-01,Day_1,Kbh,0.0021836836096298
S14-01,Day_1,Khe,0.040716770539086615
S14-01,Day_1,kbh,0.001681436379414946
S14-01,Day_1,E,0.29839726701380076
S14-01,Day_1,Ktrans,0.006570409422376879
S14-01,Day_2,FA,30.0
S14-01,Day_2,TR,0.036
S14-01,Day_2,n0,4
S14-01,Day_2,center,A
S14-01,Day_2,field_strength,7.0
S14-01,Day_2,BAT,285.0
S14-01,Day_2,duration,30.0
S14-01,Day_2,study,14
S14-01,Day_2,visit,2
S14-01,Day_2,substance,Rifampicin (clinical dose)
S14-01,Day_2,H,0.418
S14-01,Day_2,ve,0.23
S14-01,Day_2,khe,0.004196692465709738
S14-01,Day_2,Th,707.7049637832781
S14-01,Day_2,Kbh,0.0014130182083988208
S14-01,Day_2,Khe,0.018246488981346686
S14-01,Day_2,kbh,0.001088024020467092
S14-01,Day_2,E,0.16008322004841313
S14-01,Day_2,Ktrans,0.0035248724222460086
S14-01,Day_3,FA,30.0
S14-01,Day_3,TR,0.036
S14-01,Day_3,n0,4
S14-01,Day_3,center,A
S14-01,Day_3,field_strength,7.0
S14-01,Day_3,BAT,285.0
S14-01,Day_3,duration,30.0
S14-01,Day_3,study,14
S14-01,Day_3,visit,3
S14-01,Day_3,substance,Rifampicin (clinical dose)
S14-01,Day_3,H,0.418
S14-01,Day_3,ve,0.23
S14-01,Day_3,khe,0.008354986885429053
S14-01,Day_3,Th,315.2769534318148
S14-01,Day_3,Kbh,0.003171814460635071
S14-01,Day_3,Khe,0.036326029936648054
S14-01,Day_3,kbh,0.0024422971346890047
S14-01,Day_3,E,0.2750704712207896
S14-01,Day_3,Ktrans,0.006056776705810566
S14-01,Day_4,FA,30.0
S14-01,Day_4,TR,0.036
S14-01,Day_4,n0,4
S14-01,Day_4,center,A
S14-01,Day_4,field_strength,7.0
S14-01,Day_4,BAT,285.0
S14-01,Day_4,duration,30.0
S14-01,Day_4,study,14
S14-01,Day_4,visit,4
S14-01,Day_4,substance,Rifampicin (clinical dose)
S14-01,Day_4,H,0.418
S14-01,Day_4,ve,0.23
S14-01,Day_4,khe,0.013968004718861412
S14-01,Day_4,Th,386.3409434285326
S14-01,Day_4,Kbh,0.0025883873221554765
S14-01,Day_4,Khe,0.06073045529939744
S14-01,Day_4,kbh,0.001993058238059717
S14-01,Day_4,E,0.388140241956301
S14-01,Day_4,Ktrans,0.00854645998763579
S14-02,Day_1,FA,30.0
S14-02,Day_1,TR,0.036
S14-02,Day_1,n0,4
S14-02,Day_1,center,A
S14-02,Day_1,field_strength,7.0
S14-02,Day_1,BAT,285.0
S14-02,Day_1,duration,30.0
S14-02,Day_1,study,14
S14-02,Day_1,visit,1
S14-02,Day_1,substance,Rifampicin (high dose)
S14-02,Day_1,H,0.418
S14-02,Day_1,ve,0.23
S14-02,Day_1,khe,0.01167224433856626
S14-02,Day_1,Th,486.50563365685133
S14-02,Day_1,Kbh,0.0020554746560351926
S14-02,Day_1,Khe,0.05074888842854895
S14-02,Day_1,kbh,0.0015827154851470984
S14-02,Day_1,E,0.3464474099344879
S14-02,Day_1,Ktrans,0.00762842551934749
S14-02,Day_2,FA,30.0
S14-02,Day_2,TR,0.036
S14-02,Day_2,n0,4
S14-02,Day_2,center,A
S14-02,Day_2,field_strength,7.0
S14-02,Day_2,BAT,285.0
S14-02,Day_2,duration,30.0
S14-02,Day_2,study,14
S14-02,Day_2,visit,2
S14-02,Day_2,substance,Rifampicin (high dose)
S14-02,Day_2,H,0.418
S14-02,Day_2,ve,0.23
S14-02,Day_2,khe,0.0036343974828821077
S14-02,Day_2,Th,1066.5258983990038
S14-02,Day_2,Kbh,0.0009376237384400435
S14-02,Day_2,Khe,0.015801728186443945
S14-02,Day_2,kbh,0.0007219702785988335
S14-02,Day_2,E,0.1416731442806846
S14-02,Day_2,Ktrans,0.003119500963916394
S14-02,Day_3,FA,30.0
S14-02,Day_3,TR,0.036
S14-02,Day_3,n0,4
S14-02,Day_3,center,A
S14-02,Day_3,field_strength,7.0
S14-02,Day_3,BAT,285.0
S14-02,Day_3,duration,30.0
S14-02,Day_3,study,14
S14-02,Day_3,visit,3
S14-02,Day_3,substance,Rifampicin (high dose)
S14-02,Day_3,H,0.418
S14-02,Day_3,ve,0.23
S14-02,Day_3,khe,0.004652754563297485
S14-02,Day_3,Th,703.3324916696841
S14-02,Day_3,Kbh,0.001421802649307497
S14-02,Day_3,Khe,0.020229367666510806
S14-02,Day_3,kbh,0.0010947880399667727
S14-02,Day_3,E,0.1744450126914431
S14-02,Day_3,Ktrans,0.003841104734452886
S14-02,Day_4,FA,30.0
S14-02,Day_4,TR,0.036
S14-02,Day_4,n0,4
S14-02,Day_4,center,A
S14-02,Day_4,field_strength,7.0
S14-02,Day_4,BAT,285.0
S14-02,Day_4,duration,30.0
S14-02,Day_4,study,14
S14-02,Day_4,visit,4
S14-02,Day_4,substance,Rifampicin (high dose)
S14-02,Day_4,H,0.418
S14-02,Day_4,ve,0.23
S14-02,Day_4,khe,0.015322178961958517
S14-02,Day_4,Th,316.4586153471061
S14-02,Day_4,Kbh,0.0031599708508588233
S14-02,Day_4,Khe,0.06661816939981964
S14-02,Day_4,kbh,0.002433177555161294
S14-02,Day_4,E,0.4103292768974448
S14-02,Day_4,Ktrans,0.009035040348004838
S14-03,Day_1,FA,30.0
S14-03,Day_1,TR,0.036
S14-03,Day_1,n0,4
S14-03,Day_1,center,A
S14-03,Day_1,field_strength,7.0
S14-03,Day_1,BAT,285.0
S14-03,Day_1,duration,30.0
S14-03,Day_1,study,14
S14-03,Day_1,visit,1
S14-03,Day_1,substance,Placebo
S14-03,Day_1,H,0.418
S14-03,Day_1,ve,0.23
S14-03,Day_1,khe,0.019434893093701555
S14-03,Day_1,Th,313.59636462528675
S14-03,Day_1,Kbh,0.0031888124761742386
S14-03,Day_1,Khe,0.08449953519000676
S14-03,Day_1,kbh,0.0024553856066541636
S14-03,Day_1,E,0.468831553402507
S14-03,Day_1,Ktrans,0.0103232019743698
S14-03,Day_2,FA,30.0
S14-03,Day_2,TR,0.036
S14-03,Day_2,n0,4
S14-03,Day_2,center,A
S14-03,Day_2,field_strength,7.0
S14-03,Day_2,BAT,285.0
S14-03,Day_2,duration,30.0
S14-03,Day_2,study,14
S14-03,Day_2,visit,2
S14-03,Day_2,substance,Placebo
S14-03,Day_2,H,0.418
S14-03,Day_2,ve,0.23
S14-03,Day_2,khe,0.01530720357041782
S14-03,Day_2,Th,328.3360210761681
S14-03,Day_2,Kbh,0.003045660347354998
S14-03,Day_2,Khe,0.06655305900181661
S14-03,Day_2,kbh,0.0023451584674633484
S14-03,Day_2,E,0.4100926991286426
S14-03,Day_2,Ktrans,0.00902983114211358
S14-03,Day_3,FA,30.0
S14-03,Day_3,TR,0.036
S14-03,Day_3,n0,4
S14-03,Day_3,center,A
S14-03,Day_3,field_strength,7.0
S14-03,Day_3,BAT,285.0
S14-03,Day_3,duration,30.0
S14-03,Day_3,study,14
S14-03,Day_3,visit,3
S14-03,Day_3,substance,Placebo
S14-03,Day_3,H,0.418
S14-03,Day_3,ve,0.23
S14-03,Day_3,khe,0.012718028395867127
S14-03,Day_3,Th,396.82988914533036
S14-03,Day_3,Kbh,0.0025199714722944464
S14-03,Day_3,Khe,0.055295775634204895
S14-03,Day_3,kbh,0.0019403780336667237
S14-03,Day_3,E,0.3661230963953228
S14-03,Day_3,Ktrans,0.008061664459528614
S14-03,Day_4,FA,30.0
S14-03,Day_4,TR,0.036
S14-03,Day_4,n0,4
S14-03,Day_4,center,A
S14-03,Day_4,field_strength,7.0
S14-03,Day_4,BAT,285.0
S14-03,Day_4,duration,30.0
S14-03,Day_4,study,14
S14-03,Day_4,visit,4
S14-03,Day_4,substance,Placebo
S14-03,Day_4,H,0.418
S14-03,Day_4,ve,0.23
S14-03,Day_4,khe,0.015904541727298917
S14-03,Day_4,Th,349.89480730936356
S14-03,Day_4,Kbh,0.002858001831149893
S14-03,Day_4,Khe,0.06915018142303876
S14-03,Day_4,kbh,0.0022006614099854176
S14-03,Day_4,E,0.4193843982628388
S14-03,Day_4,Ktrans,0.009234425065349449
S14-04,Day_1,FA,30.0
S14-04,Day_1,TR,0.036
S14-04,Day_1,n0,4
S14-04,Day_1,center,A
S14-04,Day_1,field_strength,7.0
S14-04,Day_1,BAT,285.0
S14-04,Day_1,duration,30.0
S14-04,Day_1,study,14
S14-04,Day_1,visit,1
S14-04,Day_1,substance,Rifampicin (clinical dose)
S14-04,Day_1,H,0.418
S14-04,Day_1,ve,0.23
S14-04,Day_1,khe,0.0025134742534893575
S14-04,Day_1,Th,433.72389168130775
S14-04,Day_1,Kbh,0.002305614284063423
S14-04,Day_1,Khe,0.010928148928214598
S14-04,Day_1,kbh,0.0017753229987288357
S14-04,Day_1,E,0.10245498385193884
S14-04,Day_1,Ktrans,0.002255956289435841
S14-04,Day_2,FA,30.0
S14-04,Day_2,TR,0.036
S14-04,Day_2,n0,4
S14-04,Day_2,center,A
S14-04,Day_2,field_strength,7.0
S14-04,Day_2,BAT,285.0
S14-04,Day_2,duration,30.0
S14-04,Day_2,study,14
S14-04,Day_2,visit,2
S14-04,Day_2,substance,Rifampicin (clinical dose)
S14-04,Day_2,H,0.418
S14-04,Day_2,ve,0.23
S14-04,Day_2,khe,0.004691388718961953
S14-04,Day_2,Th,514.2959650969746
S14-04,Day_2,Kbh,0.0019444056882916476
S14-04,Day_2,Khe,0.020397342256356317
S14-04,Day_2,kbh,0.0014971923799845688
S14-04,Day_2,E,0.17563910313411096
S14-04,Day_2,Ktrans,0.00386739741190999
S14-04,Day_3,FA,30.0
S14-04,Day_3,TR,0.036
S14-04,Day_3,n0,4
S14-04,Day_3,center,A
S14-04,Day_3,field_strength,7.0
S14-04,Day_3,BAT,285.0
S14-04,Day_3,duration,30.0
S14-04,Day_3,study,14
S14-04,Day_3,visit,3
S14-04,Day_3,substance,Rifampicin (clinical dose)
S14-04,Day_3,H,0.418
S14-04,Day_3,ve,0.23
S14-04,Day_3,khe,0.014515499497683935
S14-04,Day_3,Th,281.73861186674594
S14-04,Day_3,Kbh,0.0035493892490425505
S14-04,Day_3,Khe,0.0631108673812345
S14-04,Day_3,kbh,0.002733029721762764
S14-04,Day_3,E,0.39730938420558165
S14-04,Day_3,Ktrans,0.0087483553308227
S14-04,Day_4,FA,30.0
S14-04,Day_4,TR,0.036
S14-04,Day_4,n0,4
S14-04,Day_4,center,A
S14-04,Day_4,field_strength,7.0
S14-04,Day_4,BAT,285.0
S14-04,Day_4,duration,30.0
S14-04,Day_4,study,14
S14-04,Day_4,visit,4
S14-04,Day_4,substance,Rifampicin (clinical dose)
S14-04,Day_4,H,0.418
S14-04,Day_4,ve,0.23
S14-04,Day_4,khe,0.0040451432698719045
S14-04,Day_4,Th,393.72282871636185
S14-04,Day_4,Kbh,0.0025398578062142303
S14-04,Day_4,Khe,0.017587579434225672
S14-04,Day_4,kbh,0.0019556905107849577
S14-04,Day_4,E,0.15519954859010354
S14-04,Day_4,Ktrans,0.0034173388604054897
S14-05,Day_1,FA,30.0
S14-05,Day_1,TR,0.036
S14-05,Day_1,n0,4
S14-05,Day_1,center,A
S14-05,Day_1,field_strength,7.0
S14-05,Day_1,BAT,285.0
S14-05,Day_1,duration,30.0
S14-05,Day_1,study,14
S14-05,Day_1,visit,1
S14-05,Day_1,substance,Rifampicin (high dose)
S14-05,Day_1,H,0.418
S14-05,Day_1,ve,0.23
S14-05,Day_1,khe,0.01166611757411869
S14-05,Day_1,Th,446.92300234138185
S14-05,Day_1,Kbh,0.0022375218880234557
S14-05,Day_1,Khe,0.05072225032225517
S14-05,Day_1,kbh,0.0017228918537780609
S14-05,Day_1,E,0.3463285395530911
S14-05,Day_1,Ktrans,0.007625808112419515
S14-05,Day_2,FA,30.0
S14-05,Day_2,TR,0.036
S14-05,Day_2,n0,4
S14-05,Day_2,center,A
S14-05,Day_2,field_strength,7.0
S14-05,Day_2,BAT,285.0
S14-05,Day_2,duration,30.0
S14-05,Day_2,study,14
S14-05,Day_2,visit,2
S14-05,Day_2,substance,Rifampicin (high dose)
S14-05,Day_2,H,0.418
S14-05,Day_2,ve,0.23
S14-05,Day_2,khe,0.002685717402308555
S14-05,Day_2,Th,1445.5723985642549
S14-05,Day_2,Kbh,0.0006917674970781137
S14-05,Day_2,Khe,0.011677032183950239
S14-05,Day_2,kbh,0.0005326609727501476
S14-05,Day_2,E,0.10871273524697699
S14-05,Day_2,Ktrans,0.0023937457174031864
S14-05,Day_3,FA,30.0
S14-05,Day_3,TR,0.036
S14-05,Day_3,n0,4
S14-05,Day_3,center,A
S14-05,Day_3,field_strength,7.0
S14-05,Day_3,BAT,285.0
S14-05,Day_3,duration,30.0
S14-05,Day_3,study,14
S14-05,Day_3,visit,3
S14-05,Day_3,substance,Rifampicin (high dose)
S14-05,Day_3,H,0.418
S14-05,Day_3,ve,0.23
S14-05,Day_3,khe,0.009382074914535604
S14-05,Day_3,Th,431.6884115813688
S14-05,Day_3,Kbh,0.0023164856252146817
S14-05,Day_3,Khe,0.040791630063198275
S14-05,Day_3,kbh,0.001783693931415305
S14-05,Day_3,E,0.29878196654320993
S14-05,Day_3,Ktrans,0.006578880121314939
S14-05,Day_4,FA,30.0
S14-05,Day_4,TR,0.036
S14-05,Day_4,n0,4
S14-05,Day_4,center,A
S14-05,Day_4,field_strength,7.0
S14-05,Day_4,BAT,285.0
S14-05,Day_4,duration,30.0
S14-05,Day_4,study,14
S14-05,Day_4,visit,4
S14-05,Day_4,substance,Rifampicin (high dose)
S14-05,Day_4,H,0.418
S14-05,Day_4,ve,0.23
S14-05,Day_4,khe,0.01585523654425501
S14-05,Day_4,Th,373.9720092731399
S14-05,Day_4,Kbh,0.0026739969174260437
S14-05,Day_4,Khe,0.06893581106197831
S14-05,Day_4,kbh,0.0020589776264180537
S14-05,Day_4,E,0.4186285451781609
S14-05,Day_4,Ktrans,0.009217781936277925
S14-06,Day_1,FA,30.0
S14-06,Day_1,TR,0.036
S14-06,Day_1,n0,4
S14-06,Day_1,center,A
S14-06,Day_1,field_strength,7.0
S14-06,Day_1,BAT,285.0
S14-06,Day_1,duration,30.0
S14-06,Day_1,study,14
S14-06,Day_1,visit,1
S14-06,Day_1,substance,Placebo
S14-06,Day_1,H,0.418
S14-06,Day_1,ve,0.23
S14-06,Day_1,khe,0.018791228068736555
S14-06,Day_1,Th,250.55387643184656
S14-06,Day_1,Kbh,0.003991157567550191
S14-06,Day_1,Khe,0.0817009916032024
S14-06,Day_1,kbh,0.003073191327013648
S14-06,Day_1,E,0.46045388516541835
S14-06,Day_1,Ktrans,0.010138734097457348
S14-06,Day_2,FA,30.0
S14-06,Day_2,TR,0.036
S14-06,Day_2,n0,4
S14-06,Day_2,center,A
S14-06,Day_2,field_strength,7.0
S14-06,Day_2,BAT,285.0
S14-06,Day_2,duration,30.0
S14-06,Day_2,study,14
S14-06,Day_2,visit,2
S14-06,Day_2,substance,Placebo
S14-06,Day_2,H,0.418
S14-06,Day_2,ve,0.23
S14-06,Day_2,khe,0.01418868680876878
S14-06,Day_2,Th,243.65070037736328
S14-06,Day_2,Kbh,0.00410423609885468
S14-06,Day_2,Khe,0.06168994264682078
S14-06,Day_2,kbh,0.003160261796118104
S14-06,Day_2,E,0.3918694636226406
S14-06,Day_2,Ktrans,0.008628573719506923
S14-06,Day_3,FA,30.0
S14-06,Day_3,TR,0.036
S14-06,Day_3,n0,4
S14-06,Day_3,center,A
S14-06,Day_3,field_strength,7.0
S14-06,Day_3,BAT,285.0
S14-06,Day_3,duration,30.0
S14-06,Day_3,study,14
S14-06,Day_3,visit,3
S14-06,Day_3,substance,Placebo
S14-06,Day_3,H,0.418
S14-06,Day_3,ve,0.23
S14-06,Day_3,khe,0.006522046339221877
S14-06,Day_3,Th,327.49803165928574
S14-06,Day_3,Kbh,0.003053453466371838
S14-06,Day_3,Khe,0.028356723214008162
S14-06,Day_3,kbh,0.002351159169106315
S14-06,Day_3,E,0.2285146193207046
S14-06,Day_3,Ktrans,0.005031663402822595
S14-06,Day_4,FA,30.0
S14-06,Day_4,TR,0.036
S14-06,Day_4,n0,4
S14-06,Day_4,center,A
S14-06,Day_4,field_strength,7.0
S14-06,Day_4,BAT,285.0
S14-06,Day_4,duration,30.0
S14-06,Day_4,study,14
S14-06,Day_4,visit,4
S14-06,Day_4,substance,Placebo
S14-06,Day_4,H,0.418
S14-06,Day_4,ve,0.23
S14-06,Day_4,khe,0.016573936535559837
S14-06,Day_4,Th,192.48081199381429
S14-06,Day_4,Kbh,0.0051953230539786835
S14-06,Day_4,Khe,0.07206059363286885
S14-06,Day_4,kbh,0.004000398751563586
S14-06,Day_4,E,0.42945518075019967
S14-06,Day_4,Ktrans,0.00945617362493865
S14-07,Day_1,FA,30.0
S14-07,Day_1,TR,0.036
S14-07,Day_1,n0,4
S14-07,Day_1,center,A
S14-07,Day_1,field_strength,7.0
S14-07,Day_1,BAT,285.0
S14-07,Day_1,duration,30.0
S14-07,Day_1,study,14
S14-07,Day_1,visit,1
S14-07,Day_1,substance,Rifampicin (clinical dose)
S14-07,Day_1,H,0.418
S14-07,Day_1,ve,0.23
S14-07,Day_1,khe,0.0109685461681979
S14-07,Day_1,Th,296.0623817472349
S14-07,Day_1,Kbh,0.003377666538039798
S14-07,Day_1,Khe,0.04768933116607782
S14-07,Day_1,kbh,0.0026008032342906447
S14-07,Day_1,E,0.33250567084532884
S14-07,Day_1,Ktrans,0.007321442366343295
S14-07,Day_2,FA,30.0
S14-07,Day_2,TR,0.036
S14-07,Day_2,n0,4
S14-07,Day_2,center,A
S14-07,Day_2,field_strength,7.0
S14-07,Day_2,BAT,285.0
S14-07,Day_2,duration,30.0
S14-07,Day_2,study,14
S14-07,Day_2,visit,2
S14-07,Day_2,substance,Rifampicin (clinical dose)
S14-07,Day_2,H,0.418
S14-07,Day_2,ve,0.23
S14-07,Day_2,khe,0.006091831786546977
S14-07,Day_2,Th,538.2269167663965
S14-07,Day_2,Kbh,0.0018579524153267575
S14-07,Day_2,Khe,0.0264862251588999
S14-07,Day_2,kbh,0.0014306233598016032
S14-07,Day_2,E,0.2167076318767042
S14-07,Day_2,Ktrans,0.004771685346293149
S14-07,Day_3,FA,30.0
S14-07,Day_3,TR,0.036
S14-07,Day_3,n0,4
S14-07,Day_3,center,A
S14-07,Day_3,field_strength,7.0
S14-07,Day_3,BAT,285.0
S14-07,Day_3,duration,30.0
S14-07,Day_3,study,14
S14-07,Day_3,visit,3
S14-07,Day_3,substance,Rifampicin (clinical dose)
S14-07,Day_3,H,0.418
S14-07,Day_3,ve,0.23
S14-07,Day_3,khe,0.007230840447741516
S14-07,Day_3,Th,348.8833126508727
S14-07,Day_3,Kbh,0.0028662878496590613
S14-07,Day_3,Khe,0.03143843672931094
S14-07,Day_3,kbh,0.0022070416442374775
S14-07,Day_3,E,0.24720956890894202
S14-07,Day_3,Ktrans,0.005443307497805995
S14-07,Day_4,FA,30.0
S14-07,Day_4,TR,0.036
S14-07,Day_4,n0,4
S14-07,Day_4,center,A
S14-07,Day_4,field_strength,7.0
S14-07,Day_4,BAT,285.0
S14-07,Day_4,duration,30.0
S14-07,Day_4,study,14
S14-07,Day_4,visit,4
S14-07,Day_4,substance,Rifampicin (clinical dose)
S14-07,Day_4,H,0.418
S14-07,Day_4,ve,0.23
S14-07,Day_4,khe,0.011654978411238118
S14-07,Day_4,Th,415.1225225751969
S14-07,Day_4,Kbh,0.0024089273542580577
S14-07,Day_4,Khe,0.05067381917929616
S14-07,Day_4,kbh,0.0018548740627787046
S14-07,Day_4,E,0.34611230870625215
S14-07,Day_4,Ktrans,0.007621046925402967
S14-08,Day_1,FA,30.0
S14-08,Day_1,TR,0.036
S14-08,Day_1,n0,4
S14-08,Day_1,center,A
S14-08,Day_1,field_strength,7.0
S14-08,Day_1,BAT,285.0
S14-08,Day_1,duration,30.0
S14-08,Day_1,study,14
S14-08,Day_1,visit,1
S14-08,Day_1,substance,Rifampicin (high dose)
S14-08,Day_1,H,0.418
S14-08,Day_1,ve,0.23
S14-08,Day_1,khe,0.01160288366390014
S14-08,Day_1,Th,349.52197870566465
S14-08,Day_1,Kbh,0.002861050408627116
S14-08,Day_1,Khe,0.05044732027782669
S14-08,Day_1,kbh,0.0022030088146428794
S14-08,Day_1,E,0.34509915565373783
S14-08,Day_1,Ktrans,0.007598738308339653
S14-08,Day_2,FA,30.0
S14-08,Day_2,TR,0.036
S14-08,Day_2,n0,4
S14-08,Day_2,center,A
S14-08,Day_2,field_strength,7.0
S14-08,Day_2,BAT,285.0
S14-08,Day_2,duration,30.0
S14-08,Day_2,study,14
S14-08,Day_2,visit,2
S14-08,Day_2,substance,Rifampicin (high dose)
S14-08,Day_2,H,0.418
S14-08,Day_2,ve,0.23
S14-08,Day_2,khe,0.002626234093594681
S14-08,Day_2,Th,981.4070623238487
S14-08,Day_2,Kbh,0.001018945184307239
S14-08,Day_2,Khe,0.01141840910258557
S14-08,Day_2,kbh,0.0007845877919165741
S14-08,Day_2,E,0.10656153979390447
S14-08,Day_2,Ktrans,0.0023463785447219825
S14-08,Day_3,FA,30.0
S14-08,Day_3,TR,0.036
S14-08,Day_3,n0,4
S14-08,Day_3,center,A
S14-08,Day_3,field_strength,7.0
S14-08,Day_3,BAT,285.0
S14-08,Day_3,duration,30.0
S14-08,Day_3,study,14
S14-08,Day_3,visit,3
S14-08,Day_3,substance,Rifampicin (high dose)
S14-08,Day_3,H,0.418
S14-08,Day_3,ve,0.23
S14-08,Day_3,khe,0.010454985511787643
S14-08,Day_3,Th,427.5151368787141
S14-08,Day_3,Kbh,0.002339098463977194
S14-08,Day_3,Khe,0.045456458746902795
S14-08,Day_3,kbh,0.0018011058172624395
S14-08,Day_3,E,0.32194956507548533
S14-08,Day_3,Ktrans,0.007089007473397111
S14-08,Day_4,FA,30.0
S14-08,Day_4,TR,0.036
S14-08,Day_4,n0,4
S14-08,Day_4,center,A
S14-08,Day_4,field_strength,7.0
S14-08,Day_4,BAT,285.0
S14-08,Day_4,duration,30.0
S14-08,Day_4,study,14
S14-08,Day_4,visit,4
S14-08,Day_4,substance,Rifampicin (high dose)
S14-08,Day_4,H,0.418
S14-08,Day_4,ve,0.23
S14-08,Day_4,khe,0.009236227313196906
S14-08,Day_4,Th,490.9817374278815
S14-08,Day_4,Kbh,0.002036735633465158
S14-08,Day_4,Khe,0.040157510057377846
S14-08,Day_4,kbh,0.0015682864377681714
S14-08,Day_4,E,0.29550984290224913
S14-08,Day_4,Ktrans,0.006506831230864625
S14-09,Day_1,FA,30.0
S14-09,Day_1,TR,0.036
S14-09,Day_1,n0,4
S14-09,Day_1,center,A
S14-09,Day_1,field_strength,7.0
S14-09,Day_1,BAT,285.0
S14-09,Day_1,duration,30.0
S14-09,Day_1,study,14
S14-09,Day_1,visit,1
S14-09,Day_1,substance,Placebo
S14-09,Day_1,H,0.418
S14-09,Day_1,ve,0.23
S14-09,Day_1,khe,0.008197166267745089
S14-09,Day_1,Th,327.30016265116984
S14-09,Day_1,Kbh,0.003055299428817518
S14-09,Day_1,Khe,0.03563985333802212
S14-09,Day_1,kbh,0.002352580560189489
S14-09,Day_1,E,0.2712841263550808
S14-09,Day_1,Ktrans,0.005973405178212524
S14-09,Day_2,FA,30.0
S14-09,Day_2,TR,0.036
S14-09,Day_2,n0,4
S14-09,Day_2,center,A
S14-09,Day_2,field_strength,7.0
S14-09,Day_2,BAT,285.0
S14-09,Day_2,duration,30.0
S14-09,Day_2,study,14
S14-09,Day_2,visit,2
S14-09,Day_2,substance,Placebo
S14-09,Day_2,H,0.418
S14-09,Day_2,ve,0.23
S14-09,Day_2,khe,0.00817901518529503
S14-09,Day_2,Th,342.4478857010564
S14-09,Day_2,Kbh,0.0029201523553074606
S14-09,Day_2,Khe,0.035560935588239265
S14-09,Day_2,kbh,0.002248517313586745
S14-09,Day_2,E,0.2708461180348639
S14-09,Day_2,Ktrans,0.005963760673009668
S14-09,Day_3,FA,30.0
S14-09,Day_3,TR,0.036
S14-09,Day_3,n0,4
S14-09,Day_3,center,A
S14-09,Day_3,field_strength,7.0
S14-09,Day_3,BAT,285.0
S14-09,Day_3,duration,30.0
S14-09,Day_3,study,14
S14-09,Day_3,visit,3
S14-09,Day_3,substance,Placebo
S14-09,Day_3,H,0.418
S14-09,Day_3,ve,0.23
S14-09,Day_3,khe,0.010948378058096528
S14-09,Day_3,Th,350.44143662061373
S14-09,Day_3,Kbh,0.0028535438321541733
S14-09,Day_3,Khe,0.047601643730854466
S14-09,Day_3,kbh,0.0021972287507587137
S14-09,Day_3,E,0.33209732477975124
S14-09,Day_3,Ktrans,0.007312450994325343
S14-09,Day_4,FA,30.0
S14-09,Day_4,TR,0.036
S14-09,Day_4,n0,4
S14-09,Day_4,center,A
S14-09,Day_4,field_strength,7.0
S14-09,Day_4,BAT,285.0
S14-09,Day_4,duration,30.0
S14-09,Day_4,study,14
S14-09,Day_4,visit,4
S14-09,Day_4,substance,Placebo
S14-09,Day_4,H,0.418
S14-09,Day_4,ve,0.23
S14-09,Day_4,khe,0.01180828546807519
S14-09,Day_4,Th,398.75352004111625
S14-09,Day_4,Kbh,0.002507814852385223
S14-09,Day_4,Khe,0.05134037160032691
S14-09,Day_4,kbh,0.0019310174363366217
S14-09,Day_4,E,0.34907576250004946
S14-09,Day_4,Ktrans,0.00768629921448859
S14-10,Day_3,FA,30.0
S14-10,Day_3,TR,0.036
S14-10,Day_3,n0,4
S14-10,Day_3,center,A
S14-10,Day_3,field_strength,7.0
S14-10,Day_3,BAT,285.0
S14-10,Day_3,duration,30.0
S14-10,Day_3,study,14
S14-10,Day_3,visit,3
S14-10,Day_3,substance,Rifampicin (clinical dose)
S14-10,Day_3,H,0.418
S14-10,Day_3,ve,0.23
S14-10,Day_3,khe,0.011274370087148333
S14-10,Day_3,Th,262.0243830316184
S14-10,Day_3,Kbh,0.0038164387162370698
S14-10,Day_3,Khe,0.04901900037890579
S14-10,Day_3,kbh,0.002938657811502544
S14-10,Day_3,E,0.33863709374078604
S14-10,Day_3,Ktrans,0.0074564501670783675
S14-10,Day_4,FA,30.0
S14-10,Day_4,TR,0.036
S14-10,Day_4,n0,4
S14-10,Day_4,center,A
S14-10,Day_4,field_strength,7.0
S14-10,Day_4,BAT,285.0
S14-10,Day_4,duration,30.0
S14-10,Day_4,study,14
S14-10,Day_4,visit,4
S14-10,Day_4,substance,Rifampicin (clinical dose)
S14-10,Day_4,H,0.418
S14-10,Day_4,ve,0.23
S14-10,Day_4,khe,0.01062640107248283
S14-10,Day_4,Th,367.5813157637655
S14-10,Day_4,Kbh,0.002720486480446337
S14-10,Day_4,Khe,0.0462017437934036
S14-10,Day_4,kbh,0.0020947745899436796
S14-10,Day_4,E,0.3255098949125775
S14-10,Day_4,Ktrans,0.007167402376080044
S14-11,Day_1,FA,30.0
S14-11,Day_1,TR,0.036
S14-11,Day_1,n0,4
S14-11,Day_1,center,A
S14-11,Day_1,field_strength,7.0
S14-11,Day_1,BAT,285.0
S14-11,Day_1,duration,30.0
S14-11,Day_1,study,14
S14-11,Day_1,visit,1
S14-11,Day_1,substance,Rifampicin (high dose)
S14-11,Day_1,H,0.418
S14-11,Day_1,ve,0.23
S14-11,Day_1,khe,0.01386488850631037
S14-11,Day_1,Th,425.7964876773314
S14-11,Day_1,Kbh,0.002348539804672602
S14-11,Day_1,Khe,0.06028212394047986
S14-11,Day_1,kbh,0.0018083756495979038
S14-11,Day_1,E,0.3863819971425938
S14-11,Day_1,Ktrans,0.008507745195082775
S14-11,Day_2,FA,30.0
S14-11,Day_2,TR,0.036
S14-11,Day_2,n0,4
S14-11,Day_2,center,A
S14-11,Day_2,field_strength,7.0
S14-11,Day_2,BAT,285.0
S14-11,Day_2,duration,30.0
S14-11,Day_2,study,14
S14-11,Day_2,visit,2
S14-11,Day_2,substance,Rifampicin (high dose)
S14-11,Day_2,H,0.418
S14-11,Day_2,ve,0.23
S14-11,Day_2,khe,0.0016214864855311575
S14-11,Day_2,Th,2599.2857939743303
S14-11,Day_2,Kbh,0.00038472106542428
S14-11,Day_2,Khe,0.007049941241439815
S14-11,Day_2,kbh,0.0002962352203766956
S14-11,Day_2,E,0.06858938738522012
S14-11,Day_2,Ktrans,0.0015102697208351618
S14-11,Day_3,FA,30.0
S14-11,Day_3,TR,0.036
S14-11,Day_3,n0,4
S14-11,Day_3,center,A
S14-11,Day_3,field_strength,7.0
S14-11,Day_3,BAT,285.0
S14-11,Day_3,duration,30.0
S14-11,Day_3,study,14
S14-11,Day_3,visit,3
S14-11,Day_3,substance,Rifampicin (high dose)
S14-11,Day_3,H,0.418
S14-11,Day_3,ve,0.23
S14-11,Day_3,khe,0.002127637971315129
S14-11,Day_3,Th,984.1467064640557
S14-11,Day_3,Kbh,0.0010161086689939793
S14-11,Day_3,Khe,0.009250599875283169
S14-11,Day_3,kbh,0.000782403675125364
S14-11,Day_3,E,0.08811321782529911
S14-11,Day_3,Ktrans,0.0019401649432952614
S14-11,Day_4,FA,30.0
S14-11,Day_4,TR,0.036
S14-11,Day_4,n0,4
S14-11,Day_4,center,A
S14-11,Day_4,field_strength,7.0
S14-11,Day_4,BAT,285.0
S14-11,Day_4,duration,30.0
S14-11,Day_4,study,14
S14-11,Day_4,visit,4
S14-11,Day_4,substance,Rifampicin (high dose)
S14-11,Day_4,H,0.418
S14-11,Day_4,ve,0.23
S14-11,Day_4,khe,0.004890993688220184
S14-11,Day_4,Th,600.6387565495288
S14-11,Day_4,Kbh,0.0016648942298440241
S14-11,Day_4,Khe,0.021265189948783406
S14-11,Day_4,kbh,0.0012819685569798985
S14-11,Day_4,E,0.18175380287663204
S14-11,Day_4,Ktrans,0.004002036985540561
S14-12,Day_1,FA,30.0
S14-12,Day_1,TR,0.036
S14-12,Day_1,n0,4
S14-12,Day_1,center,A
S14-12,Day_1,field_strength,7.0
S14-12,Day_1,BAT,285.0
S14-12,Day_1,duration,30.0
S14-12,Day_1,study,14
S14-12,Day_1,visit,1
S14-12,Day_1,substance,Placebo
S14-12,Day_1,H,0.418
S14-12,Day_1,ve,0.23
S14-12,Day_1,khe,0.014420777097981155
S14-12,Day_1,Th,418.686542559849
S14-12,Day_1,Kbh,0.0023884216432799614
S14-12,Day_1,Khe,0.06269903086078762
S14-12,Day_1,kbh,0.0018390846653255702
S14-12,Day_1,E,0.3957427362743143
S14-12,Day_1,Ktrans,0.008713859310024129
S14-12,Day_2,FA,30.0
S14-12,Day_2,TR,0.036
S14-12,Day_2,n0,4
S14-12,Day_2,center,A
S14-12,Day_2,field_strength,7.0
S14-12,Day_2,BAT,285.0
S14-12,Day_2,duration,30.0
S14-12,Day_2,study,14
S14-12,Day_2,visit,2
S14-12,Day_2,substance,Placebo
S14-12,Day_2,H,0.418
S14-12,Day_2,ve,0.23
S14-12,Day_2,khe,0.014376720019061479
S14-12,Day_2,Th,338.1925156606976
S14-12,Day_2,Kbh,0.0029568957138107746
S14-12,Day_2,Khe,0.06250747834374555
S14-12,Day_2,kbh,0.0022768096996342965
S14-12,Day_2,E,0.39501128186314155
S14-12,Day_2,Ktrans,0.008697753415344517
S14-12,Day_3,FA,30.0
S14-12,Day_3,TR,0.036
S14-12,Day_3,n0,4
S14-12,Day_3,center,A
S14-12,Day_3,field_strength,7.0
S14-12,Day_3,BAT,285.0
S14-12,Day_3,duration,30.0
S14-12,Day_3,study,14
S14-12,Day_3,visit,3
S14-12,Day_3,substance,Placebo
S14-12,Day_3,H,0.418
S14-12,Day_3,ve,0.23
S14-12,Day_3,khe,0.010942722816574027
S14-12,Day_3,Th,433.6229064350211
S14-12,Day_3,Kbh,0.0023061512322339714
S14-12,Day_3,Khe,0.0475770557242349
S14-12,Day_3,kbh,0.001775736448820158
S14-12,Day_3,E,0.33198273274331813
S14-12,Day_3,Ktrans,0.007309927792275122
S14-12,Day_4,FA,30.0
S14-12,Day_4,TR,0.036
S14-12,Day_4,n0,4
S14-12,Day_4,center,A
S14-12,Day_4,field_strength,7.0
S14-12,Day_4,BAT,285.0
S14-12,Day_4,duration,30.0
S14-12,Day_4,study,14
S14-12,Day_4,visit,4
S14-12,Day_4,substance,Placebo
S14-12,Day_4,H,0.418
S14-12,Day_4,ve,0.23
S14-12,Day_4,khe,0.013803641058745755
S14-12,Day_4,Th,467.9890389807484
S14-12,Day_4,Kbh,0.0021368021827561155
S14-12,Day_4,Khe,0.06001583069019893
S14-12,Day_4,kbh,0.001645337680722209
S14-12,Day_4,E,0.38533286912344306
S14-12,Day_4,Ktrans,0.008484644445229093
