subject,study,parameter,value
S14-01,Day_1,FA,30.0
S14-01,Day_1,TR,0.036
S14-01,Day_1,n0,4
S14-01,Day_1,center,A
S14-01,Day_1,field_strength,7.0
S14-01,Day_1,BAT,285.0
S14-01,Day_1,duration,30.0
S14-01,Day_1,study,14
S14-01,Day_1,visit,1
S14-01,Day_1,study arm,Rifampicin (clinical dose)
S14-01,Day_1,substance,Placebo
S14-01,Day_1,ve,0.23
S14-01,Day_1,Fp,0.022019
S14-01,Day_1,E,0.26195027688352585
S14-01,Day_1,Th,435.1876012755769
S14-01,Day_1,vol,1000.0
S14-01,Day_1,Ktrans,0.005767883146698355
S14-01,Day_1,khe,0.007815033277626615
S14-01,Day_1,Khe,0.033978405554898325
S14-01,Day_1,kbh,0.0017693518789208508
S14-01,Day_1,Kbh,0.0022978595830140916
S14-01,Day_1,Te,7.709316332112678
S14-01,Day_1,CL,7.815033277626615
S14-01,Day_2,FA,30.0
S14-01,Day_2,TR,0.036
S14-01,Day_2,n0,4
S14-01,Day_2,center,A
S14-01,Day_2,field_strength,7.0
S14-01,Day_2,BAT,285.0
S14-01,Day_2,duration,30.0
S14-01,Day_2,study,14
S14-01,Day_2,visit,2
S14-01,Day_2,study arm,Rifampicin (clinical dose)
S14-01,Day_2,substance,Rifampicin (clinical dose)
S14-01,Day_2,ve,0.23
S14-01,Day_2,Fp,0.022019
S14-01,Day_2,E,0.11563613744684688
S14-01,Day_2,Th,673.5939723740254
S14-01,Day_2,vol,1000.0
S14-01,Day_2,Ktrans,0.0025461921104421217
S14-01,Day_2,khe,0.0028791227437666668
S14-01,Day_2,Khe,0.012517924972898551
S14-01,Day_2,kbh,0.0011431218680389905
S14-01,Day_2,Kbh,0.0014845738545960915
S14-01,Day_2,Te,9.237644233944557
S14-01,Day_2,CL,2.8791227437666667
S14-01,Day_3,FA,30.0
S14-01,Day_3,TR,0.036
S14-01,Day_3,n0,4
S14-01,Day_3,center,A
S14-01,Day_3,field_strength,7.0
S14-01,Day_3,BAT,285.0
S14-01,Day_3,duration,30.0
S14-01,Day_3,study,14
S14-01,Day_3,visit,3
S14-01,Day_3,study arm,Rifampicin (clinical dose)
S14-01,Day_3,substance,Rifampicin (clinical dose)
S14-01,Day_3,ve,0.23
S14-01,Day_3,Fp,0.022019
S14-01,Day_3,E,0.2354510931059042
S14-01,Day_3,Th,299.48549439920686
S14-01,Day_3,vol,1000.0
S14-01,Day_3,Ktrans,0.005184397619098904
S14-01,Day_3,khe,0.006780988858070579
S14-01,Day_3,Khe,0.029482560252480777
S14-01,Day_3,kbh,0.002571076110195871
S14-01,Day_3,Kbh,0.003339059883371261
S14-01,Day_3,Te,7.986114200719472
S14-01,Day_3,CL,6.780988858070579
S14-01,Day_4,FA,30.0
S14-01,Day_4,TR,0.036
S14-01,Day_4,n0,4
S14-01,Day_4,center,A
S14-01,Day_4,field_strength,7.0
S14-01,Day_4,BAT,285.0
S14-01,Day_4,duration,30.0
S14-01,Day_4,study,14
S14-01,Day_4,visit,4
S14-01,Day_4,study arm,Rifampicin (clinical dose)
S14-01,Day_4,substance,Rifampicin (clinical dose)
S14-01,Day_4,ve,0.23
S14-01,Day_4,Fp,0.022019
S14-01,Day_4,E,0.3875928045649391
S14-01,Day_4,Th,372.0833140445652
S14-01,Day_4,vol,1000.0
S14-01,Day_4,Ktrans,0.008534405963715394
S14-01,Day_4,khe,0.013935835547543586
S14-01,Day_4,Khe,0.06059058933714602
S14-01,Day_4,kbh,0.002069428998656402
S14-01,Day_4,Kbh,0.002687570128125197
S14-01,Day_4,Te,6.3969142536020716
S14-01,Day_4,CL,13.935835547543586
S14-02,Day_1,FA,30.0
S14-02,Day_1,TR,0.036
S14-02,Day_1,n0,4
S14-02,Day_1,center,A
S14-02,Day_1,field_strength,7.0
S14-02,Day_1,BAT,285.0
S14-02,Day_1,duration,30.0
S14-02,Day_1,study,14
S14-02,Day_1,visit,1
S14-02,Day_1,study arm,Rifampicin (high dose)
S14-02,Day_1,substance,Placebo
S14-02,Day_1,ve,0.23
S14-02,Day_1,Fp,0.022019
S14-02,Day_1,E,0.32328316574595084
S14-02,Day_1,Th,466.824969886779
S14-02,Day_1,vol,1000.0
S14-02,Day_1,Ktrans,0.007118372026560091
S14-02,Day_1,khe,0.01051898174575003
S14-02,Day_1,Khe,0.04573470324239143
S14-02,Day_1,kbh,0.0016494404748459606
S14-02,Day_1,Kbh,0.002142130486812936
S14-02,Day_1,Te,7.068662149890154
S14-02,Day_1,CL,10.518981745750029
S14-02,Day_2,FA,30.0
S14-02,Day_2,TR,0.036
S14-02,Day_2,n0,4
S14-02,Day_2,center,A
S14-02,Day_2,field_strength,7.0
S14-02,Day_2,BAT,285.0
S14-02,Day_2,duration,30.0
S14-02,Day_2,study,14
S14-02,Day_2,visit,2
S14-02,Day_2,study arm,Rifampicin (high dose)
S14-02,Day_2,substance,Rifampicin (high dose)
S14-02,Day_2,ve,0.23
S14-02,Day_2,Fp,0.022019
S14-02,Day_2,E,0.09971023403218114
S14-02,Day_2,Th,1007.5607818827854
S14-02,Day_2,vol,1000.0
S14-02,Day_2,Ktrans,0.002195519643154597
S14-02,Day_2,khe,0.00243868110707045
S14-02,Day_2,Khe,0.010602961335088913
S14-02,Day_2,kbh,0.0007642218850173329
S14-02,Day_2,Kbh,0.0009924959545679647
S14-02,Day_2,Te,9.403998645378914
S14-02,Day_2,CL,2.43868110707045
S14-02,Day_3,FA,30.0
S14-02,Day_3,TR,0.036
S14-02,Day_3,n0,4
S14-02,Day_3,center,A
S14-02,Day_3,field_strength,7.0
S14-02,Day_3,BAT,285.0
S14-02,Day_3,duration,30.0
S14-02,Day_3,study,14
S14-02,Day_3,visit,3
S14-02,Day_3,study arm,Rifampicin (high dose)
S14-02,Day_3,substance,Rifampicin (high dose)
S14-02,Day_3,ve,0.23
S14-02,Day_3,Fp,0.022019
S14-02,Day_3,E,0.12865765575683805
S14-02,Day_3,Th,667.142850638806
S14-02,Day_3,vol,1000.0
S14-02,Day_3,Ktrans,0.002832912922109817
S14-02,Day_3,khe,0.0032512053853763446
S14-02,Day_3,Khe,0.014135675588592802
S14-02,Day_3,kbh,0.001154175600117285
S14-02,Day_3,Kbh,0.0014989293508016687
S14-02,Day_3,Te,9.10162764775545
S14-02,Day_3,CL,3.2512053853763447
S14-02,Day_4,FA,30.0
S14-02,Day_4,TR,0.036
S14-02,Day_4,n0,4
S14-02,Day_4,center,A
S14-02,Day_4,field_strength,7.0
S14-02,Day_4,BAT,285.0
S14-02,Day_4,duration,30.0
S14-02,Day_4,study,14
S14-02,Day_4,visit,4
S14-02,Day_4,study arm,Rifampicin (high dose)
S14-02,Day_4,substance,Rifampicin (high dose)
S14-02,Day_4,ve,0.23
S14-02,Day_4,Fp,0.022019
S14-02,Day_4,E,0.43196882243465157
S14-02,Day_4,Th,302.2873620144197
S14-02,Day_4,vol,1000.0
S14-02,Day_4,Ktrans,0.009511521501188593
S14-02,Day_4,khe,0.016744717326883617
S14-02,Day_4,Khe,0.07280311881253745
S14-02,Day_4,kbh,0.0025472450944319315
S14-02,Day_4,Kbh,0.0033081105122492616
S14-02,Day_4,Te,5.933383479723426
S14-02,Day_4,CL,16.744717326883617
S14-03,Day_1,FA,30.0
S14-03,Day_1,TR,0.036
S14-03,Day_1,n0,4
S14-03,Day_1,center,A
S14-03,Day_1,field_strength,7.0
S14-03,Day_1,BAT,285.0
S14-03,Day_1,duration,30.0
S14-03,Day_1,study,14
S14-03,Day_1,visit,1
S14-03,Day_1,study arm,Placebo
S14-03,Day_1,substance,Placebo
S14-03,Day_1,ve,0.23
S14-03,Day_1,Fp,0.022019
S14-03,Day_1,E,0.5480185458956731
S14-03,Day_1,Th,299.9353826306573
S14-03,Day_1,vol,1000.0
S14-03,Day_1,Ktrans,0.012066820362076826
S14-03,Day_1,khe,0.026697600648214977
S14-03,Day_1,Khe,0.11607652455745641
S14-03,Day_1,kbh,0.002567219623261934
S14-03,Day_1,Kbh,0.0033340514587817324
S14-03,Day_1,Te,4.721183270993015
S14-03,Day_1,CL,26.697600648214976
S14-03,Day_2,FA,30.0
S14-03,Day_2,TR,0.036
S14-03,Day_2,n0,4
S14-03,Day_2,center,A
S14-03,Day_2,field_strength,7.0
S14-03,Day_2,BAT,285.0
S14-03,Day_2,duration,30.0
S14-03,Day_2,study,14
S14-03,Day_2,visit,2
S14-03,Day_2,study arm,Placebo
S14-03,Day_2,substance,Placebo
S14-03,Day_2,ve,0.23
S14-03,Day_2,Fp,0.022019
S14-03,Day_2,E,0.4296088598189874
S14-03,Day_2,Th,314.4910068061485
S14-03,Day_2,vol,1000.0
S14-03,Day_2,Ktrans,0.009459557484354283
S14-03,Day_2,khe,0.01658433453463584
S14-03,Day_2,Khe,0.07210580232450366
S14-03,Day_2,kbh,0.002448400696159258
S14-03,Day_2,Kbh,0.0031797411638431923
S14-03,Day_2,Te,5.958034526619416
S14-03,Day_2,CL,16.584334534635843
S14-03,Day_3,FA,30.0
S14-03,Day_3,TR,0.036
S14-03,Day_3,n0,4
S14-03,Day_3,center,A
S14-03,Day_3,field_strength,7.0
S14-03,Day_3,BAT,285.0
S14-03,Day_3,duration,30.0
S14-03,Day_3,study,14
S14-03,Day_3,visit,3
S14-03,Day_3,study arm,Placebo
S14-03,Day_3,substance,Placebo
S14-03,Day_3,ve,0.23
S14-03,Day_3,Fp,0.022019
S14-03,Day_3,E,0.35583419005987565
S14-03,Day_3,Th,378.74695580840176
S14-03,Day_3,vol,1000.0
S14-03,Day_3,Ktrans,0.007835113030928402
S14-03,Day_3,khe,0.012163192938874978
S14-03,Day_3,Khe,0.05288344756032599
S14-03,Day_3,kbh,0.0020330196406635227
S14-03,Day_3,Kbh,0.002640285247614964
S14-03,Day_3,Te,6.728649633781217
S14-03,Day_3,CL,12.163192938874978
S14-03,Day_4,FA,30.0
S14-03,Day_4,TR,0.036
S14-03,Day_4,n0,4
S14-03,Day_4,center,A
S14-03,Day_4,field_strength,7.0
S14-03,Day_4,BAT,285.0
S14-03,Day_4,duration,30.0
S14-03,Day_4,study,14
S14-03,Day_4,visit,4
S14-03,Day_4,study arm,Placebo
S14-03,Day_4,substance,Placebo
S14-03,Day_4,ve,0.23
S14-03,Day_4,Fp,0.022019
S14-03,Day_4,E,0.4489154252827092
S14-03,Day_4,Th,332.6005513885351
S14-03,Day_4,vol,1000.0
S14-03,Day_4,Ktrans,0.009884668749299974
S14-03,Day_4,khe,0.017936754543294665
S14-03,Day_4,Khe,0.07798588931867245
S14-03,Day_4,kbh,0.002315089367066342
S14-03,Day_4,Kbh,0.0030066095676186256
S14-03,Day_4,Te,5.75636732753426
S14-03,Day_4,CL,17.936754543294665
S14-04,Day_1,FA,30.0
S14-04,Day_1,TR,0.036
S14-04,Day_1,n0,4
S14-04,Day_1,center,A
S14-04,Day_1,field_strength,7.0
S14-04,Day_1,BAT,285.0
S14-04,Day_1,duration,30.0
S14-04,Day_1,study,14
S14-04,Day_1,visit,1
S14-04,Day_1,study arm,Rifampicin (clinical dose)
S14-04,Day_1,substance,Placebo
S14-04,Day_1,ve,0.23
S14-04,Day_1,Fp,0.022019
S14-04,Day_1,E,0.06847446345130598
S14-04,Day_1,Th,421.04854714582297
S14-04,Day_1,vol,1000.0
S14-04,Day_1,Ktrans,0.0015077392107343064
S14-04,Day_1,khe,0.001618569917385718
S14-04,Day_1,Khe,0.007037260510372687
S14-04,Day_1,kbh,0.0018287677400138937
S14-04,Day_1,Kbh,0.0023750230389790825
S14-04,Day_1,Te,9.730272646632436
S14-04,Day_1,CL,1.618569917385718
S14-04,Day_2,FA,30.0
S14-04,Day_2,TR,0.036
S14-04,Day_2,n0,4
S14-04,Day_2,center,A
S14-04,Day_2,field_strength,7.0
S14-04,Day_2,BAT,285.0
S14-04,Day_2,duration,30.0
S14-04,Day_2,study,14
S14-04,Day_2,visit,2
S14-04,Day_2,study arm,Rifampicin (clinical dose)
S14-04,Day_2,substance,Rifampicin (clinical dose)
S14-04,Day_2,ve,0.23
S14-04,Day_2,Fp,0.022019
S14-04,Day_2,E,0.12986422171200845
S14-04,Day_2,Th,491.1329900663872
S14-04,Day_2,vol,1000.0
S14-04,Day_2,Ktrans,0.0028594802978767144
S14-04,Day_2,khe,0.0032862460885159737
S14-04,Day_2,Khe,0.01428802647180858
S14-04,Day_2,kbh,0.0015678034576661567
S14-04,Day_2,Kbh,0.0020361083865794243
S14-04,Day_2,Te,9.089024433727147
S14-04,Day_2,CL,3.286246088515974
S14-04,Day_3,FA,30.0
S14-04,Day_3,TR,0.036
S14-04,Day_3,n0,4
S14-04,Day_3,center,A
S14-04,Day_3,field_strength,7.0
S14-04,Day_3,BAT,285.0
S14-04,Day_3,duration,30.0
S14-04,Day_3,study,14
S14-04,Day_3,visit,3
S14-04,Day_3,study arm,Rifampicin (clinical dose)
S14-04,Day_3,substance,Rifampicin (clinical dose)
S14-04,Day_3,ve,0.23
S14-04,Day_3,Fp,0.022019
S14-04,Day_3,E,0.4100901793954675
S14-04,Day_3,Th,269.0478866424684
S14-04,Day_3,vol,1000.0
S14-04,Day_3,Ktrans,0.0090297756601088
S14-04,Day_3,khe,0.01530704413575484
S14-04,Day_3,Khe,0.06655236580762974
S14-04,Day_3,kbh,0.0028619440561643786
S14-04,Day_3,Kbh,0.0037168104625511407
S14-04,Day_3,Te,6.161917377675756
S14-04,Day_3,CL,15.30704413575484
S14-04,Day_4,FA,30.0
S14-04,Day_4,TR,0.036
S14-04,Day_4,n0,4
S14-04,Day_4,center,A
S14-04,Day_4,field_strength,7.0
S14-04,Day_4,BAT,285.0
S14-04,Day_4,duration,30.0
S14-04,Day_4,study,14
S14-04,Day_4,visit,4
S14-04,Day_4,study arm,Rifampicin (clinical dose)
S14-04,Day_4,substance,Rifampicin (clinical dose)
S14-04,Day_4,ve,0.23
S14-04,Day_4,Fp,0.022019
S14-04,Day_4,E,0.11323433002902905
S14-04,Day_4,Th,373.5214361341748
S14-04,Day_4,vol,1000.0
S14-04,Day_4,Ktrans,0.0024933067129091907
S14-04,Day_4,khe,0.002811686105294098
S14-04,Day_4,Khe,0.012224722196930861
S14-04,Day_4,kbh,0.00206146133932566
S14-04,Day_4,Kbh,0.0026772225186047533
S14-04,Day_4,Te,9.262732371739103
S14-04,Day_4,CL,2.811686105294098
S14-05,Day_1,FA,30.0
S14-05,Day_1,TR,0.036
S14-05,Day_1,n0,4
S14-05,Day_1,center,A
S14-05,Day_1,field_strength,7.0
S14-05,Day_1,BAT,285.0
S14-05,Day_1,duration,30.0
S14-05,Day_1,study,14
S14-05,Day_1,visit,1
S14-05,Day_1,study arm,Rifampicin (high dose)
S14-05,Day_1,substance,Placebo
S14-05,Day_1,ve,0.23
S14-05,Day_1,Fp,0.022019
S14-05,Day_1,E,0.3249372369326059
S14-05,Day_1,Th,427.1123889940785
S14-05,Day_1,vol,1000.0
S14-05,Day_1,Ktrans,0.007154793020019049
S14-05,Day_1,khe,0.010598707870522492
S14-05,Day_1,Khe,0.04608133856748909
S14-05,Day_1,kbh,0.0018028041795122812
S14-05,Day_1,Kbh,0.0023413041292367287
S14-05,Day_1,Te,7.051384509083094
S14-05,Day_1,CL,10.59870787052249
S14-05,Day_2,FA,30.0
S14-05,Day_2,TR,0.036
S14-05,Day_2,n0,4
S14-05,Day_2,center,A
S14-05,Day_2,field_strength,7.0
S14-05,Day_2,BAT,285.0
S14-05,Day_2,duration,30.0
S14-05,Day_2,study,14
S14-05,Day_2,visit,2
S14-05,Day_2,study arm,Rifampicin (high dose)
S14-05,Day_2,substance,Rifampicin (high dose)
S14-05,Day_2,ve,0.23
S14-05,Day_2,Fp,0.022019
S14-05,Day_2,E,0.07385120749315215
S14-05,Day_2,Th,1339.3455064504597
S14-05,Day_2,vol,1000.0
S14-05,Day_2,Ktrans,0.001626129737791717
S14-05,Day_2,khe,0.0017557975035417362
S14-05,Day_2,Khe,0.007633902189311897
S14-05,Day_2,kbh,0.0005749076666861398
S14-05,Day_2,Kbh,0.0007466333333586232
S14-05,Day_2,Te,9.674109735981427
S14-05,Day_2,CL,1.7557975035417361
S14-05,Day_3,FA,30.0
S14-05,Day_3,TR,0.036
S14-05,Day_3,n0,4
S14-05,Day_3,center,A
S14-05,Day_3,field_strength,7.0
S14-05,Day_3,BAT,285.0
S14-05,Day_3,duration,30.0
S14-05,Day_3,study,14
S14-05,Day_3,visit,3
S14-05,Day_3,study arm,Rifampicin (high dose)
S14-05,Day_3,substance,Rifampicin (high dose)
S14-05,Day_3,ve,0.23
S14-05,Day_3,Fp,0.022019
S14-05,Day_3,E,0.2621888424917386
S14-05,Day_3,Th,411.439192044357
S14-05,Day_3,vol,1000.0
S14-05,Day_3,Ktrans,0.005773136122825593
S14-05,Day_3,khe,0.0078246798846505
S14-05,Day_3,Khe,0.034020347324567386
S14-05,Day_3,kbh,0.00187147946741298
S14-05,Day_3,Kbh,0.0024304928148220517
S14-05,Day_3,Te,7.706824389250198
S14-05,Day_3,CL,7.8246798846505
S14-05,Day_4,FA,30.0
S14-05,Day_4,TR,0.036
S14-05,Day_4,n0,4
S14-05,Day_4,center,A
S14-05,Day_4,field_strength,7.0
S14-05,Day_4,BAT,285.0
S14-05,Day_4,duration,30.0
S14-05,Day_4,study,14
S14-05,Day_4,visit,4
S14-05,Day_4,study arm,Rifampicin (high dose)
S14-05,Day_4,substance,Rifampicin (high dose)
S14-05,Day_4,ve,0.23
S14-05,Day_4,Fp,0.022019
S14-05,Day_4,E,0.44433163796336866
S14-05,Day_4,Th,357.4637028282241
S14-05,Day_4,vol,1000.0
S14-05,Day_4,Ktrans,0.009783738336315415
S14-05,Day_4,khe,0.017607153843447434
S14-05,Day_4,Khe,0.07655284279759754
S14-05,Day_4,kbh,0.002154064857236754
S14-05,Day_4,Kbh,0.0027974868275802
S14-05,Day_4,Te,5.804247389455707
S14-05,Day_4,CL,17.607153843447435
S14-06,Day_1,FA,30.0
S14-06,Day_1,TR,0.036
S14-06,Day_1,n0,4
S14-06,Day_1,center,A
S14-06,Day_1,field_strength,7.0
S14-06,Day_1,BAT,285.0
S14-06,Day_1,duration,30.0
S14-06,Day_1,study,14
S14-06,Day_1,visit,1
S14-06,Day_1,study arm,Placebo
S14-06,Day_1,substance,Placebo
S14-06,Day_1,ve,0.23
S14-06,Day_1,Fp,0.022019
S14-06,Day_1,E,0.522501222022259
S14-06,Day_1,Th,244.29802751771572
S14-06,Day_1,vol,1000.0
S14-06,Day_1,Ktrans,0.011504954407708122
S14-06,Day_1,khe,0.024094207018566308
S14-06,Day_1,Khe,0.10475742181985351
S14-06,Day_1,kbh,0.0031518879125790817
S14-06,Day_1,Kbh,0.004093360925427379
S14-06,Day_1,Te,4.987725098091668
S14-06,Day_1,CL,24.09420701856631
S14-06,Day_2,FA,30.0
S14-06,Day_2,TR,0.036
S14-06,Day_2,n0,4
S14-06,Day_2,center,A
S14-06,Day_2,field_strength,7.0
S14-06,Day_2,BAT,285.0
S14-06,Day_2,duration,30.0
S14-06,Day_2,study,14
S14-06,Day_2,visit,2
S14-06,Day_2,study arm,Placebo
S14-06,Day_2,substance,Placebo
S14-06,Day_2,ve,0.23
S14-06,Day_2,Fp,0.022019
S14-06,Day_2,E,0.40031560984322306
S14-06,Day_2,Th,233.90134253578273
S14-06,Day_2,vol,1000.0
S14-06,Day_2,Ktrans,0.008814549413137928
S14-06,Day_2,khe,0.014698647418241983
S14-06,Day_2,Khe,0.06390716268800863
S14-06,Day_2,kbh,0.003291986235103391
S14-06,Day_2,Kbh,0.004275306798835573
S14-06,Day_2,Te,6.264017881650334
S14-06,Day_2,CL,14.698647418241983
S14-06,Day_3,FA,30.0
S14-06,Day_3,TR,0.036
S14-06,Day_3,n0,4
S14-06,Day_3,center,A
S14-06,Day_3,field_strength,7.0
S14-06,Day_3,BAT,285.0
S14-06,Day_3,duration,30.0
S14-06,Day_3,study,14
S14-06,Day_3,visit,3
S14-06,Day_3,study arm,Placebo
S14-06,Day_3,substance,Placebo
S14-06,Day_3,ve,0.23
S14-06,Day_3,Fp,0.022019
S14-06,Day_3,E,0.1843850793589525
S14-06,Day_3,Th,309.8562796079374
S14-06,Day_3,vol,1000.0
S14-06,Day_3,Ktrans,0.0040599750624047744
S14-06,Day_3,khe,0.004977808717885841
S14-06,Day_3,Khe,0.021642646599503657
S14-06,Day_3,kbh,0.002485023059640052
S14-06,Day_3,Kbh,0.0032273026748572105
S14-06,Day_3,Te,8.519525489233885
S14-06,Day_3,CL,4.977808717885841
S14-06,Day_4,FA,30.0
S14-06,Day_4,TR,0.036
S14-06,Day_4,n0,4
S14-06,Day_4,center,A
S14-06,Day_4,field_strength,7.0
S14-06,Day_4,BAT,285.0
S14-06,Day_4,duration,30.0
S14-06,Day_4,study,14
S14-06,Day_4,visit,4
S14-06,Day_4,study arm,Placebo
S14-06,Day_4,substance,Placebo
S14-06,Day_4,ve,0.23
S14-06,Day_4,Fp,0.022019
S14-06,Day_4,E,0.4813893939973184
S14-06,Day_4,Th,181.96652639614268
S14-06,Day_4,vol,1000.0
S14-06,Day_4,Ktrans,0.010599713066426954
S14-06,Day_4,khe,0.02043867391784916
S14-06,Day_4,Khe,0.08886379964282243
S14-06,Day_4,kbh,0.004231547500795302
S14-06,Day_4,Kbh,0.005495516234799094
S14-06,Day_4,Te,5.417159697561958
S14-06,Day_4,CL,20.438673917849158
S14-07,Day_1,FA,30.0
S14-07,Day_1,TR,0.036
S14-07,Day_1,n0,4
S14-07,Day_1,center,A
S14-07,Day_1,field_strength,7.0
S14-07,Day_1,BAT,285.0
S14-07,Day_1,duration,30.0
S14-07,Day_1,study,14
S14-07,Day_1,visit,1
S14-07,Day_1,study arm,Rifampicin (clinical dose)
S14-07,Day_1,substance,Placebo
S14-07,Day_1,ve,0.23
S14-07,Day_1,Fp,0.022019
S14-07,Day_1,E,0.3095351572202719
S14-07,Day_1,Th,282.4144399288456
S14-07,Day_1,vol,1000.0
S14-07,Day_1,Ktrans,0.006815654626833168
S14-07,Day_1,khe,0.009871110307940032
S14-07,Day_1,Khe,0.042917870904087094
S14-07,Day_1,kbh,0.0027264894818905218
S14-07,Day_1,Kbh,0.0035408954310266515
S14-07,Day_1,Te,7.212267307295402
S14-07,Day_1,CL,9.871110307940032
S14-07,Day_2,FA,30.0
S14-07,Day_2,TR,0.036
S14-07,Day_2,n0,4
S14-07,Day_2,center,A
S14-07,Day_2,field_strength,7.0
S14-07,Day_2,BAT,285.0
S14-07,Day_2,duration,30.0
S14-07,Day_2,study,14
S14-07,Day_2,visit,2
S14-07,Day_2,study arm,Rifampicin (clinical dose)
S14-07,Day_2,substance,Rifampicin (clinical dose)
S14-07,Day_2,ve,0.23
S14-07,Day_2,Fp,0.022019
S14-07,Day_2,E,0.17073800724556615
S14-07,Day_2,Th,507.1688257975484
S14-07,Day_2,vol,1000.0
S14-07,Day_2,Ktrans,0.003759480181540121
S14-07,Day_2,khe,0.0045335252482183895
S14-07,Day_2,Khe,0.019710979340079954
S14-07,Day_2,kbh,0.0015182321168678624
S14-07,Day_2,Kbh,0.001971730021906315
S14-07,Day_2,Te,8.662076312889766
S14-07,Day_2,CL,4.53352524821839
S14-07,Day_3,FA,30.0
S14-07,Day_3,TR,0.036
S14-07,Day_3,n0,4
S14-07,Day_3,center,A
S14-07,Day_3,field_strength,7.0
S14-07,Day_3,BAT,285.0
S14-07,Day_3,duration,30.0
S14-07,Day_3,study,14
S14-07,Day_3,visit,3
S14-07,Day_3,study arm,Rifampicin (clinical dose)
S14-07,Day_3,substance,Rifampicin (clinical dose)
S14-07,Day_3,ve,0.23
S14-07,Day_3,Fp,0.022019
S14-07,Day_3,E,0.20245023281682661
S14-07,Day_3,Th,332.89976224821476
S14-07,Day_3,vol,1000.0
S14-07,Day_3,Ktrans,0.004457751676393705
S14-07,Day_3,khe,0.005589308479316366
S14-07,Day_3,Khe,0.024301341214418983
S14-07,Day_3,kbh,0.0023130085608949074
S14-07,Day_3,Kbh,0.003003907221941438
S14-07,Day_3,Te,8.330825489446836
S14-07,Day_3,CL,5.589308479316366
S14-07,Day_4,FA,30.0
S14-07,Day_4,TR,0.036
S14-07,Day_4,n0,4
S14-07,Day_4,center,A
S14-07,Day_4,field_strength,7.0
S14-07,Day_4,BAT,285.0
S14-07,Day_4,duration,30.0
S14-07,Day_4,study,14
S14-07,Day_4,visit,4
S14-07,Day_4,study arm,Rifampicin (clinical dose)
S14-07,Day_4,substance,Rifampicin (clinical dose)
S14-07,Day_4,ve,0.23
S14-07,Day_4,Fp,0.022019
S14-07,Day_4,E,0.3237959700742758
S14-07,Day_4,Th,398.50892533062506
S14-07,Day_4,vol,1000.0
S14-07,Day_4,Ktrans,0.007129663465065479
S14-07,Day_4,khe,0.010543657164907192
S14-07,Day_4,Khe,0.04584198767350953
S14-07,Day_4,kbh,0.0019322026460540762
S14-07,Day_4,Kbh,0.0025093540857845146
S14-07,Day_4,Te,7.063305639807282
S14-07,Day_4,CL,10.543657164907192
S14-08,Day_1,FA,30.0
S14-08,Day_1,TR,0.036
S14-08,Day_1,n0,4
S14-08,Day_1,center,A
S14-08,Day_1,field_strength,7.0
S14-08,Day_1,BAT,285.0
S14-08,Day_1,duration,30.0
S14-08,Day_1,study,14
S14-08,Day_1,visit,1
S14-08,Day_1,study arm,Rifampicin (high dose)
S14-08,Day_1,substance,Placebo
S14-08,Day_1,ve,0.23
S14-08,Day_1,Fp,0.022019
S14-08,Day_1,E,0.3267437149485256
S14-08,Day_1,Th,332.82848980775117
S14-08,Day_1,vol,1000.0
S14-08,Day_1,Ktrans,0.007194569859451586
S14-08,Day_1,khe,0.010686227546916281
S14-08,Day_1,Khe,0.046461858899636
S14-08,Day_1,kbh,0.002313503872354102
S14-08,Day_1,Kbh,0.0030045504835767554
S14-08,Day_1,Te,7.03251489903443
S14-08,Day_1,CL,10.686227546916282
S14-08,Day_2,FA,30.0
S14-08,Day_2,TR,0.036
S14-08,Day_2,n0,4
S14-08,Day_2,center,A
S14-08,Day_2,field_strength,7.0
S14-08,Day_2,BAT,285.0
S14-08,Day_2,duration,30.0
S14-08,Day_2,study,14
S14-08,Day_2,visit,2
S14-08,Day_2,study arm,Rifampicin (high dose)
S14-08,Day_2,substance,Rifampicin (high dose)
S14-08,Day_2,ve,0.23
S14-08,Day_2,Fp,0.022019
S14-08,Day_2,E,0.07244507574363745
S14-08,Day_2,Th,921.8614841359663
S14-08,Day_2,vol,1000.0
S14-08,Day_2,Ktrans,0.0015951681227991531
S14-08,Day_2,khe,0.0017197559746427178
S14-08,Day_2,Khe,0.007477199889750947
S14-08,Day_2,kbh,0.0008352664833607822
S14-08,Day_2,Kbh,0.0010847616667023145
S14-08,Day_2,Te,9.688797519367974
S14-08,Day_2,CL,1.7197559746427178
S14-08,Day_3,FA,30.0
S14-08,Day_3,TR,0.036
S14-08,Day_3,n0,4
S14-08,Day_3,center,A
S14-08,Day_3,field_strength,7.0
S14-08,Day_3,BAT,285.0
S14-08,Day_3,duration,30.0
S14-08,Day_3,study,14
S14-08,Day_3,visit,3
S14-08,Day_3,study arm,Rifampicin (high dose)
S14-08,Day_3,substance,Rifampicin (high dose)
S14-08,Day_3,ve,0.23
S14-08,Day_3,Fp,0.022019
S14-08,Day_3,E,0.29065208957261635
S14-08,Day_3,Th,409.75133530777373
S14-08,Day_3,vol,1000.0
S14-08,Day_3,Ktrans,0.006399868360299439
S14-08,Day_3,khe,0.00902218539904277
S14-08,Day_3,Khe,0.03922689303931639
S14-08,Day_3,kbh,0.0018791885069065978
S14-08,Day_3,Kbh,0.002440504554424153
S14-08,Day_3,Te,7.40951084964341
S14-08,Day_3,CL,9.022185399042769
S14-08,Day_4,FA,30.0
S14-08,Day_4,TR,0.036
S14-08,Day_4,n0,4
S14-08,Day_4,center,A
S14-08,Day_4,field_strength,7.0
S14-08,Day_4,BAT,285.0
S14-08,Day_4,duration,30.0
S14-08,Day_4,study,14
S14-08,Day_4,visit,4
S14-08,Day_4,study arm,Rifampicin (high dose)
S14-08,Day_4,substance,Rifampicin (high dose)
S14-08,Day_4,ve,0.23
S14-08,Day_4,Fp,0.022019
S14-08,Day_4,E,0.2569996099627583
S14-08,Day_4,Th,468.3663834606777
S14-08,Day_4,vol,1000.0
S14-08,Day_4,Ktrans,0.005658874411769974
S14-08,Day_4,khe,0.007616246892530342
S14-08,Day_4,Khe,0.033114116924044965
S14-08,Day_4,kbh,0.0016440120964929293
S14-08,Day_4,Kbh,0.0021350806447960123
S14-08,Day_4,Te,7.761028643833308
S14-08,Day_4,CL,7.616246892530342
S14-09,Day_1,FA,30.0
S14-09,Day_1,TR,0.036
S14-09,Day_1,n0,4
S14-09,Day_1,center,A
S14-09,Day_1,field_strength,7.0
S14-09,Day_1,BAT,285.0
S14-09,Day_1,duration,30.0
S14-09,Day_1,study,14
S14-09,Day_1,visit,1
S14-09,Day_1,study arm,Placebo
S14-09,Day_1,substance,Placebo
S14-09,Day_1,ve,0.23
S14-09,Day_1,Fp,0.022019
S14-09,Day_1,E,0.22663671116300294
S14-09,Day_1,Th,316.7216700369633
S14-09,Day_1,vol,1000.0
S14-09,Day_1,Ktrans,0.004990313743098162
S14-09,Day_1,khe,0.006452741958572561
S14-09,Day_1,Khe,0.0280553998198807
S14-09,Day_1,kbh,0.0024311566679669767
S14-09,Day_1,Kbh,0.003157346322035035
S14-09,Day_1,Te,8.078185041668982
S14-09,Day_1,CL,6.452741958572561
S14-09,Day_2,FA,30.0
S14-09,Day_2,TR,0.036
S14-09,Day_2,n0,4
S14-09,Day_2,center,A
S14-09,Day_2,field_strength,7.0
S14-09,Day_2,BAT,285.0
S14-09,Day_2,duration,30.0
S14-09,Day_2,study,14
S14-09,Day_2,visit,2
S14-09,Day_2,study arm,Placebo
S14-09,Day_2,substance,Placebo
S14-09,Day_2,ve,0.23
S14-09,Day_2,Fp,0.022019
S14-09,Day_2,E,0.22897441640976432
S14-09,Day_2,Th,327.2817095016229
S14-09,Day_2,vol,1000.0
S14-09,Day_2,Ktrans,0.0050417876749266006
S14-09,Day_2,khe,0.006539066643482581
S14-09,Day_2,Khe,0.028430724536880787
S14-09,Day_2,kbh,0.002352713205918346
S14-09,Day_2,Kbh,0.003055471695997852
S14-09,Day_2,Te,8.053766484661166
S14-09,Day_2,CL,6.539066643482581
S14-09,Day_3,FA,30.0
S14-09,Day_3,TR,0.036
S14-09,Day_3,n0,4
S14-09,Day_3,center,A
S14-09,Day_3,field_strength,7.0
S14-09,Day_3,BAT,285.0
S14-09,Day_3,duration,30.0
S14-09,Day_3,study,14
S14-09,Day_3,visit,3
S14-09,Day_3,study arm,Placebo
S14-09,Day_3,substance,Placebo
S14-09,Day_3,ve,0.23
S14-09,Day_3,Fp,0.022019
S14-09,Day_3,E,0.3057120917567817
S14-09,Day_3,Th,336.1010419998204
S14-09,Day_3,vol,1000.0
S14-09,Day_3,Ktrans,0.0067314745483925765
S14-09,Day_3,khe,0.009695508834980965
S14-09,Day_3,Khe,0.04215438623904767
S14-09,Day_3,kbh,0.0022909777233014695
S14-09,Day_3,Kbh,0.0029752957445473628
S14-09,Day_3,Te,7.252201230570881
S14-09,Day_3,CL,9.695508834980965
S14-09,Day_4,FA,30.0
S14-09,Day_4,TR,0.036
S14-09,Day_4,n0,4
S14-09,Day_4,center,A
S14-09,Day_4,field_strength,7.0
S14-09,Day_4,BAT,285.0
S14-09,Day_4,duration,30.0
S14-09,Day_4,study,14
S14-09,Day_4,visit,4
S14-09,Day_4,study arm,Placebo
S14-09,Day_4,substance,Placebo
S14-09,Day_4,ve,0.23
S14-09,Day_4,Fp,0.022019
S14-09,Day_4,E,0.3310349758102172
S14-09,Day_4,Th,379.8433578719199
S14-09,Day_4,vol,1000.0
S14-09,Day_4,Ktrans,0.007289059132365172
S14-09,Day_4,khe,0.010896024259554254
S14-09,Day_4,Khe,0.0473740185198011
S14-09,Day_4,kbh,0.002027151413977437
S14-09,Day_4,Kbh,0.002632664173996671
S14-09,Day_4,Te,6.987690429340572
S14-09,Day_4,CL,10.896024259554254
S14-10,Day_3,FA,30.0
S14-10,Day_3,TR,0.036
S14-10,Day_3,n0,4
S14-10,Day_3,center,A
S14-10,Day_3,field_strength,7.0
S14-10,Day_3,BAT,285.0
S14-10,Day_3,duration,30.0
S14-10,Day_3,study,14
S14-10,Day_3,visit,3
S14-10,Day_3,study arm,Rifampicin (clinical dose)
S14-10,Day_3,substance,Rifampicin (clinical dose)
S14-10,Day_3,ve,0.23
S14-10,Day_3,Fp,0.022019
S14-10,Day_3,E,0.32218504137348447
S14-10,Day_3,Th,247.84072612703184
S14-10,Day_3,vol,1000.0
S14-10,Day_3,Ktrans,0.007094192426002755
S14-10,Day_3,khe,0.010466267136355342
S14-10,Day_3,Khe,0.045505509288501486
S14-10,Day_3,kbh,0.003106834022126505
S14-10,Day_3,Kbh,0.004034849379385072
S14-10,Day_3,Te,7.080132634729033
S14-10,Day_3,CL,10.466267136355341
S14-10,Day_4,FA,30.0
S14-10,Day_4,TR,0.036
S14-10,Day_4,n0,4
S14-10,Day_4,center,A
S14-10,Day_4,field_strength,7.0
S14-10,Day_4,BAT,285.0
S14-10,Day_4,duration,30.0
S14-10,Day_4,study,14
S14-10,Day_4,visit,4
S14-10,Day_4,study arm,Rifampicin (clinical dose)
S14-10,Day_4,substance,Rifampicin (clinical dose)
S14-10,Day_4,ve,0.23
S14-10,Day_4,Fp,0.022019
S14-10,Day_4,E,0.2978053926765292
S14-10,Day_4,Th,350.77079558690275
S14-10,Day_4,vol,1000.0
S14-10,Day_4,Ktrans,0.006557376941344497
S14-10,Day_4,khe,0.009338404016429304
S14-10,Day_4,Khe,0.04060175659317088
S14-10,Day_4,kbh,0.002195165645736417
S14-10,Day_4,Kbh,0.0028508644749823593
S14-10,Day_4,Te,7.3347908481038315
S14-10,Day_4,CL,9.338404016429305
S14-11,Day_1,FA,30.0
S14-11,Day_1,TR,0.036
S14-11,Day_1,n0,4
S14-11,Day_1,center,A
S14-11,Day_1,field_strength,7.0
S14-11,Day_1,BAT,285.0
S14-11,Day_1,duration,30.0
S14-11,Day_1,study,14
S14-11,Day_1,visit,1
S14-11,Day_1,study arm,Rifampicin (high dose)
S14-11,Day_1,substance,Placebo
S14-11,Day_1,ve,0.23
S14-11,Day_1,Fp,0.022019
S14-11,Day_1,E,0.38719643296084627
S14-11,Day_1,Th,406.67481481956605
S14-11,Day_1,vol,1000.0
S14-11,Day_1,Ktrans,0.008525678257364874
S14-11,Day_1,khe,0.01391257935810962
S14-11,Day_1,Khe,0.06048947547004182
S14-11,Day_1,kbh,0.00189340468585849
S14-11,Day_1,Kbh,0.0024589671244915454
S14-11,Day_1,Te,6.401054562832344
S14-11,Day_1,CL,13.91257935810962
S14-11,Day_2,FA,30.0
S14-11,Day_2,TR,0.036
S14-11,Day_2,n0,4
S14-11,Day_2,center,A
S14-11,Day_2,field_strength,7.0
S14-11,Day_2,BAT,285.0
S14-11,Day_2,duration,30.0
S14-11,Day_2,study,14
S14-11,Day_2,visit,2
S14-11,Day_2,study arm,Rifampicin (high dose)
S14-11,Day_2,substance,Rifampicin (high dose)
S14-11,Day_2,ve,0.23
S14-11,Day_2,Fp,0.022019
S14-11,Day_2,E,0.04415255994593097
S14-11,Day_2,Th,2369.237179054449
S14-11,Day_2,vol,1000.0
S14-11,Day_2,Ktrans,0.0009721952174494541
S14-11,Day_2,khe,0.0010171029148694066
S14-11,Day_2,Khe,0.004422186586388724
S14-11,Day_2,kbh,0.00032499912073273443
S14-11,Day_2,Kbh,0.0004220767801723824
S14-11,Day_2,Te,9.984327681204228
S14-11,Day_2,CL,1.0171029148694066
S14-11,Day_3,FA,30.0
S14-11,Day_3,TR,0.036
S14-11,Day_3,n0,4
S14-11,Day_3,center,A
S14-11,Day_3,field_strength,7.0
S14-11,Day_3,BAT,285.0
S14-11,Day_3,duration,30.0
S14-11,Day_3,study,14
S14-11,Day_3,visit,3
S14-11,Day_3,study arm,Rifampicin (high dose)
S14-11,Day_3,substance,Rifampicin (high dose)
S14-11,Day_3,ve,0.23
S14-11,Day_3,Fp,0.022019
S14-11,Day_3,E,0.05867336914236636
S14-11,Day_3,Th,922.5658931084326
S14-11,Day_3,vol,1000.0
S14-11,Day_3,Ktrans,0.0012919289151457649
S14-11,Day_3,khe,0.0013724555035362176
S14-11,Day_3,Khe,0.005967197841461816
S14-11,Day_3,kbh,0.0008346287303182354
S14-11,Day_3,Kbh,0.0010839334159977083
S14-11,Day_3,Te,9.832650215598154
S14-11,Day_3,CL,1.3724555035362176
S14-11,Day_4,FA,30.0
S14-11,Day_4,TR,0.036
S14-11,Day_4,n0,4
S14-11,Day_4,center,A
S14-11,Day_4,field_strength,7.0
S14-11,Day_4,BAT,285.0
S14-11,Day_4,duration,30.0
S14-11,Day_4,study,14
S14-11,Day_4,visit,4
S14-11,Day_4,study arm,Rifampicin (high dose)
S14-11,Day_4,substance,Rifampicin (high dose)
S14-11,Day_4,ve,0.23
S14-11,Day_4,Fp,0.022019
S14-11,Day_4,E,0.13497536535913549
S14-11,Day_4,Th,573.7542921731067
S14-11,Day_4,vol,1000.0
S14-11,Day_4,Ktrans,0.0029720225698428044
S14-11,Day_4,khe,0.0034357663941868084
S14-11,Day_4,Khe,0.01493811475733395
S14-11,Day_4,kbh,0.0013420378906162226
S14-11,Day_4,Kbh,0.0017429063514496398
S14-11,Day_4,Te,9.035635858458551
S14-11,Day_4,CL,3.4357663941868086
S14-12,Day_1,FA,30.0
S14-12,Day_1,TR,0.036
S14-12,Day_1,n0,4
S14-12,Day_1,center,A
S14-12,Day_1,field_strength,7.0
S14-12,Day_1,BAT,285.0
S14-12,Day_1,duration,30.0
S14-12,Day_1,study,14
S14-12,Day_1,visit,1
S14-12,Day_1,study arm,Placebo
S14-12,Day_1,substance,Placebo
S14-12,Day_1,ve,0.23
S14-12,Day_1,Fp,0.022019
S14-12,Day_1,E,0.40290359488511507
S14-12,Day_1,Th,399.8298185387228
S14-12,Day_1,vol,1000.0
S14-12,Day_1,Ktrans,0.00887153425577535
S14-12,Day_1,khe,0.01485779210824157
S14-12,Day_1,Khe,0.06459909612278943
S14-12,Day_1,kbh,0.0019258193468765184
S14-12,Day_1,Kbh,0.0025010640868526213
S14-12,Day_1,Te,6.236985020955698
S14-12,Day_1,CL,14.85779210824157
S14-12,Day_2,FA,30.0
S14-12,Day_2,TR,0.036
S14-12,Day_2,n0,4
S14-12,Day_2,center,A
S14-12,Day_2,field_strength,7.0
S14-12,Day_2,BAT,285.0
S14-12,Day_2,duration,30.0
S14-12,Day_2,study,14
S14-12,Day_2,visit,2
S14-12,Day_2,study arm,Placebo
S14-12,Day_2,substance,Placebo
S14-12,Day_2,ve,0.23
S14-12,Day_2,Fp,0.022019
S14-12,Day_2,E,0.4062977918349021
S14-12,Day_2,Th,321.77974480270075
S14-12,Day_2,vol,1000.0
S14-12,Day_2,Ktrans,0.008946271078412709
S14-12,Day_2,khe,0.015068616817279737
S14-12,Day_2,Khe,0.06551572529252059
S14-12,Day_2,kbh,0.002392941173075159
S14-12,Day_2,Kbh,0.003107715809188518
S14-12,Day_2,Te,6.20153085417015
S14-12,Day_2,CL,15.068616817279738
S14-12,Day_3,FA,30.0
S14-12,Day_3,TR,0.036
S14-12,Day_3,n0,4
S14-12,Day_3,center,A
S14-12,Day_3,field_strength,7.0
S14-12,Day_3,BAT,285.0
S14-12,Day_3,duration,30.0
S14-12,Day_3,study,14
S14-12,Day_3,visit,3
S14-12,Day_3,study arm,Placebo
S14-12,Day_3,substance,Placebo
S14-12,Day_3,ve,0.23
S14-12,Day_3,Fp,0.022019
S14-12,Day_3,E,0.30611205991425133
S14-12,Day_3,Th,412.82051428839037
S14-12,Day_3,vol,1000.0
S14-12,Day_3,Ktrans,0.0067402814472519
S14-12,Day_3,khe,0.009713789587435337
S14-12,Day_3,Khe,0.04223386777145798
S14-12,Day_3,kbh,0.0018652173846721418
S14-12,Day_3,Kbh,0.00242236023983395
S14-12,Day_3,Te,7.248023353454844
S14-12,Day_3,CL,9.713789587435336
S14-12,Day_4,FA,30.0
S14-12,Day_4,TR,0.036
S14-12,Day_4,n0,4
S14-12,Day_4,center,A
S14-12,Day_4,field_strength,7.0
S14-12,Day_4,BAT,285.0
S14-12,Day_4,duration,30.0
S14-12,Day_4,study,14
S14-12,Day_4,visit,4
S14-12,Day_4,study arm,Placebo
S14-12,Day_4,substance,Placebo
S14-12,Day_4,ve,0.23
S14-12,Day_4,Fp,0.022019
S14-12,Day_4,E,0.3837641726073179
S14-12,Day_4,Th,448.1924577245088
S14-12,Day_4,vol,1000.0
S14-12,Day_4,Ktrans,0.008450103316640532
S14-12,Day_4,khe,0.01371245056035325
S14-12,Day_4,Khe,0.059619350262405425
S14-12,Day_4,kbh,0.001718011953858664
S14-12,Day_4,Kbh,0.0022311843556606023
S14-12,Day_4,Te,6.436906321827371
S14-12,Day_4,CL,13.712450560353249
