subject,study,parameter,value
S12-02,Day_2,FA,20.0
S12-02,Day_2,TR,0.0058
S12-02,Day_2,n0,4
S12-02,Day_2,center,G
S12-02,Day_2,field_strength,4.7
S12-02,Day_2,substance,Rifampicin
S12-02,Day_2,BAT,285.0
S12-02,Day_2,duration,30.0
S12-02,Day_2,study,12
S12-02,Day_2,visit,2
S12-02,Day_2,H,0.418
S12-02,Day_2,ve,0.23
S12-02,Day_2,khe,0.01321112165187377
S12-02,Day_2,Th,482.4137978212382
S12-02,Day_2,Kbh,0.002072909200599932
S12-02,Day_2,Khe,0.05743965935597291
S12-02,Day_2,kbh,0.0015961400844619477
S12-02,Day_2,E,0.3749950619648546
S12-02,Day_2,Ktrans,0.008257016269404133
