subject,study,parameter,value
S12-02,Day_2,FA,20.0
S12-02,Day_2,TR,0.0058
S12-02,Day_2,n0,4
S12-02,Day_2,center,G
S12-02,Day_2,field_strength,4.7
S12-02,Day_2,substance,Rifampicin
S12-02,Day_2,BAT,285.0
S12-02,Day_2,duration,30.0
S12-02,Day_2,study,12
S12-02,Day_2,visit,2
S12-02,Day_2,ve,0.23
S12-02,Day_2,Fp,0.022019
S12-02,Day_2,E,0.36918956993784163
S12-02,Day_2,Th,456.9697672300603
S12-02,Day_2,vol,1000
S12-02,Day_2,Ktrans,0.008129185140461336
S12-02,Day_2,khe,0.012886890820210927
S12-02,Day_2,Khe,0.056029960087873594
S12-02,Day_2,kbh,0.0016850130035240283
S12-02,Day_2,Kbh,0.0021883285760052316
S12-02,Day_2,Te,6.589145688464345
S12-02,Day_2,CL,12.886890820210926
