subject,study,parameter,value
S01-11,Day_4,FA,30.0
S01-11,Day_4,TR,0.036
S01-11,Day_4,n0,4
S01-11,Day_4,center,A
S01-11,Day_4,field_strength,7.0
S01-11,Day_4,BAT,285.0
S01-11,Day_4,duration,30.0
S01-11,Day_4,study,1
S01-11,Day_4,visit,4
S01-11,Day_4,substance,Rifampicin (high dose)
S01-11,Day_4,H,0.418
S01-11,Day_4,ve,0.23
S01-11,Day_4,khe,0.004936404357303922
S01-11,Day_4,Th,596.0735571892504
S01-11,Day_4,Kbh,0.0016776452971935894
S01-11,Day_4,Khe,0.021462627640451832
S01-11,Day_4,kbh,0.0012917868788390639
S01-11,Day_4,E,0.18313226883448097
S01-11,Day_4,Ktrans,0.004032389427466437
