subject,study,parameter,value
S14-07,Day_2,FA,30.0
S14-07,Day_2,TR,0.036
S14-07,Day_2,n0,4
S14-07,Day_2,center,A
S14-07,Day_2,field_strength,7.0
S14-07,Day_2,BAT,285.0
S14-07,Day_2,duration,30.0
S14-07,Day_2,study,14
S14-07,Day_2,visit,2
S14-07,Day_2,substance,Rifampicin (clinical dose)
S14-07,Day_2,H,0.418
S14-07,Day_2,ve,0.23
S14-07,Day_2,khe,0.006091831786546977
S14-07,Day_2,Th,538.2269167663965
S14-07,Day_2,Kbh,0.0018579524153267575
S14-07,Day_2,Khe,0.0264862251588999
S14-07,Day_2,kbh,0.0014306233598016032
S14-07,Day_2,E,0.2167076318767042
S14-07,Day_2,Ktrans,0.004771685346293149
