subject,study,parameter,value
S14-07,Day_2,FA,30.0
S14-07,Day_2,TR,0.036
S14-07,Day_2,n0,4
S14-07,Day_2,center,A
S14-07,Day_2,field_strength,7.0
S14-07,Day_2,BAT,285.0
S14-07,Day_2,duration,30.0
S14-07,Day_2,study,14
S14-07,Day_2,visit,2
S14-07,Day_2,study arm,Rifampicin (clinical dose)
S14-07,Day_2,substance,Rifampicin (clinical dose)
S14-07,Day_2,ve,0.23
S14-07,Day_2,Fp,0.022019
S14-07,Day_2,E,0.17073800724556615
S14-07,Day_2,Th,507.1688257975484
S14-07,Day_2,vol,1000
S14-07,Day_2,Ktrans,0.003759480181540121
S14-07,Day_2,khe,0.0045335252482183895
S14-07,Day_2,Khe,0.019710979340079954
S14-07,Day_2,kbh,0.0015182321168678624
S14-07,Day_2,Kbh,0.001971730021906315
S14-07,Day_2,Te,8.662076312889766
S14-07,Day_2,CL,4.53352524821839
