subject,study,parameter,value
S11-05,Day_1,FA,20.0
S11-05,Day_1,TR,0.0058
S11-05,Day_1,n0,4
S11-05,Day_1,center,G
S11-05,Day_1,field_strength,7.0
S11-05,Day_1,BAT,285.0
S11-05,Day_1,duration,30.0
S11-05,Day_1,study,11
S11-05,Day_1,visit,1
S11-05,Day_1,substance,Bosentan (clinical dose)
S11-05,Day_1,H,0.418
S11-05,Day_1,ve,0.23
S11-05,Day_1,khe,0.02752787816878136
S11-05,Day_1,Th,287.2360093725977
S11-05,Day_1,Kbh,0.003481457642390571
S11-05,Day_1,Khe,0.11968642682078852
S11-05,Day_1,kbh,0.00268072238464074
S11-05,Day_1,E,0.5555925859749969
S11-05,Day_1,Ktrans,0.01223359315058346
