subject,study,parameter,value
S11-05,Day_1,FA,20.0
S11-05,Day_1,TR,0.0058
S11-05,Day_1,n0,4
S11-05,Day_1,center,G
S11-05,Day_1,field_strength,7.0
S11-05,Day_1,BAT,285.0
S11-05,Day_1,duration,30.0
S11-05,Day_1,study,11
S11-05,Day_1,visit,1
S11-05,Day_1,study arm,Bosentan (clinical dose)
S11-05,Day_1,substance,Placebo
S11-05,Day_1,ve,0.23
S11-05,Day_1,Fp,0.022019
S11-05,Day_1,E,0.7939054985144427
S11-05,Day_1,Th,270.0864766907554
S11-05,Day_1,vol,1000
S11-05,Day_1,Ktrans,0.017481005171789514
S11-05,Day_1,khe,0.08482033749461554
S11-05,Day_1,Khe,0.3687840760635458
S11-05,Day_1,kbh,0.0028509387416743473
S11-05,Day_1,Kbh,0.0037025178463303207
S11-05,Day_1,Te,2.1527651274661967
S11-05,Day_1,CL,84.82033749461554
