subject,study,parameter,value
S15-10,Day_2,FA,20.0
S15-10,Day_2,TR,0.0058
S15-10,Day_2,n0,4
S15-10,Day_2,center,D
S15-10,Day_2,field_strength,4.7
S15-10,Day_2,BAT,292.0
S15-10,Day_2,duration,22.0
S15-10,Day_2,study,15
S15-10,Day_2,visit,2
S15-10,Day_2,study arm,Placebo
S15-10,Day_2,substance,Placebo
S15-10,Day_2,ve,0.23
S15-10,Day_2,Fp,0.022019
S15-10,Day_2,E,0.8999999876079356
S15-10,Day_2,Th,261.2209235924014
S15-10,Day_2,vol,1000
S15-10,Day_2,Ktrans,0.019817099727139135
S15-10,Day_2,khe,0.19817097271391687
S15-10,Day_2,Khe,0.8616129248431168
S15-10,Day_2,kbh,0.0029476964915776693
S15-10,Day_2,Kbh,0.003828177261789181
S15-10,Day_2,Te,1.0445525614321631
S15-10,Day_2,CL,198.17097271391688
