subject,study,parameter,value
S15-10,Day_2,FA,20.0
S15-10,Day_2,TR,0.0058
S15-10,Day_2,n0,4
S15-10,Day_2,center,D
S15-10,Day_2,field_strength,4.7
S15-10,Day_2,BAT,292.0
S15-10,Day_2,duration,22.0
S15-10,Day_2,study,15
S15-10,Day_2,visit,2
S15-10,Day_2,substance,Placebo
S15-10,Day_2,H,0.418
S15-10,Day_2,ve,0.23
S15-10,Day_2,khe,0.04763894767758456
S15-10,Day_2,Th,187.75396940777853
S15-10,Day_2,Kbh,0.005326119086346041
S15-10,Day_2,Khe,0.20712585946775894
S15-10,Day_2,kbh,0.004101111696486452
S15-10,Day_2,E,0.6838982379739913
S15-10,Day_2,Ktrans,0.015058755301949315
