subject,study,parameter,value
S01-11,Day_2,FA,30.0
S01-11,Day_2,TR,0.036
S01-11,Day_2,n0,4
S01-11,Day_2,center,A
S01-11,Day_2,field_strength,7.0
S01-11,Day_2,BAT,285.0
S01-11,Day_2,duration,30.0
S01-11,Day_2,study,1
S01-11,Day_2,visit,2
S01-11,Day_2,substance,Rifampicin (high dose)
S01-11,Day_2,H,0.418
S01-11,Day_2,ve,0.23
S01-11,Day_2,khe,0.0016476778410308944
S01-11,Day_2,Th,2487.7272246586404
S01-11,Day_2,Kbh,0.000401973331355578
S01-11,Day_2,Khe,0.007163816700134323
S01-11,Day_2,kbh,0.000309519465143795
S01-11,Day_2,E,0.06962015759450264
S01-11,Day_2,Ktrans,0.0015329662500733535
