subject,study,parameter,value
S06-06,Day_2,FA,20.0
S06-06,Day_2,TR,0.0058
S06-06,Day_2,n0,4
S06-06,Day_2,center,E
S06-06,Day_2,field_strength,7.0
S06-06,Day_2,substance,Pioglitazone
S06-06,Day_2,BAT,285.0
S06-06,Day_2,duration,30.0
S06-06,Day_2,study,6
S06-06,Day_2,visit,2
S06-06,Day_2,H,0.418
S06-06,Day_2,ve,0.23
S06-06,Day_2,khe,0.023017823272353216
S06-06,Day_2,Th,234.54858744496897
S06-06,Day_2,Kbh,0.004263508942404632
S06-06,Day_2,Khe,0.10007749248849224
S06-06,Day_2,kbh,0.003282901885651567
S06-06,Day_2,E,0.5110889623177126
S06-06,Day_2,Ktrans,0.011253667861273714
