subject,study,parameter,value
S09-02,Day_2,FA,20.0
S09-02,Day_2,TR,0.0058
S09-02,Day_2,n0,4
S09-02,Day_2,center,G
S09-02,Day_2,field_strength,7.0
S09-02,Day_2,substance,Bosentan (high dose)
S09-02,Day_2,BAT,285.0
S09-02,Day_2,duration,30.0
S09-02,Day_2,study,9
S09-02,Day_2,visit,2
S09-02,Day_2,H,0.418
S09-02,Day_2,ve,0.23
S09-02,Day_2,khe,0.0226217737008987
S09-02,Day_2,Th,327.0159023616146
S09-02,Day_2,Kbh,0.0030579552638825454
S09-02,Day_2,Khe,0.09835553782999434
S09-02,Day_2,kbh,0.00235462555318956
S09-02,Day_2,E,0.5067513805309177
S09-02,Day_2,Ktrans,0.011158158647910277
