subject,study,parameter,value
S09-02,Day_2,FA,20.0
S09-02,Day_2,TR,0.0058
S09-02,Day_2,n0,4
S09-02,Day_2,center,G
S09-02,Day_2,field_strength,7.0
S09-02,Day_2,substance,Bosentan (high dose)
S09-02,Day_2,BAT,285.0
S09-02,Day_2,duration,30.0
S09-02,Day_2,study,9
S09-02,Day_2,visit,2
S09-02,Day_2,ve,0.23
S09-02,Day_2,Fp,0.022019
S09-02,Day_2,E,0.6473846980552947
S09-02,Day_2,Th,308.0972992035874
S09-02,Day_2,vol,1000
S09-02,Day_2,Ktrans,0.014254763666479535
S09-02,Day_2,khe,0.040425822668112316
S09-02,Day_2,Khe,0.17576444638309702
S09-02,Day_2,kbh,0.002499210483150624
S09-02,Day_2,Kbh,0.0032457279001956154
S09-02,Day_2,Te,3.683251712034253
S09-02,Day_2,CL,40.42582266811232
