subject,study,parameter,value
S04-03,Day_2,FA,20.0
S04-03,Day_2,TR,0.0058
S04-03,Day_2,n0,4
S04-03,Day_2,center,G
S04-03,Day_2,field_strength,4.7
S04-03,Day_2,BAT,285.0
S04-03,Day_2,duration,30.0
S04-03,Day_2,study,4
S04-03,Day_2,visit,2
S04-03,Day_2,substance,Placebo
S04-03,Day_2,ve,0.23
S04-03,Day_2,Fp,0.022019
S04-03,Day_2,E,0.8999968809529967
S04-03,Day_2,Th,195.4117919668341
S04-03,Day_2,vol,1000
S04-03,Day_2,Ktrans,0.019817031321704034
S04-03,Day_2,khe,0.19816413238460753
S04-03,Day_2,Khe,0.8615831842809023
S04-03,Day_2,kbh,0.003940396801287646
S04-03,Day_2,Kbh,0.005117398443230709
S04-03,Day_2,Te,1.0445850120718818
S04-03,Day_2,CL,198.16413238460754
