subject,study,parameter,value
S04-03,Day_2,FA,20.0
S04-03,Day_2,TR,0.0058
S04-03,Day_2,n0,4
S04-03,Day_2,center,G
S04-03,Day_2,field_strength,4.7
S04-03,Day_2,BAT,285.0
S04-03,Day_2,duration,30.0
S04-03,Day_2,study,4
S04-03,Day_2,visit,2
S04-03,Day_2,substance,Placebo
S04-03,Day_2,H,0.418
S04-03,Day_2,ve,0.23
S04-03,Day_2,khe,0.032307482247967534
S04-03,Day_2,Th,199.34715233970294
S04-03,Day_2,Kbh,0.005016374642241805
S04-03,Day_2,Khe,0.14046731412159796
S04-03,Day_2,kbh,0.00386260847452619
S04-03,Day_2,E,0.5946912244474697
S04-03,Day_2,Ktrans,0.013094506071108831
