subject,study,parameter,value
S08-01,Day_1,FA,20.0
S08-01,Day_1,TR,0.0058
S08-01,Day_1,n0,4
S08-01,Day_1,center,G
S08-01,Day_1,field_strength,4.7
S08-01,Day_1,substance,Placebo
S08-01,Day_1,BAT,285.0
S08-01,Day_1,duration,30.0
S08-01,Day_1,study,8
S08-01,Day_1,visit,1
S08-01,Day_2,FA,20.0
S08-01,Day_2,TR,0.0058
S08-01,Day_2,n0,4
S08-01,Day_2,center,G
S08-01,Day_2,field_strength,4.7
S08-01,Day_2,substance,Cyclosporine
S08-01,Day_2,BAT,285.0
S08-01,Day_2,duration,30.0
S08-01,Day_2,study,8
S08-01,Day_2,visit,2
S08-02,Day_1,FA,20.0
S08-02,Day_1,TR,0.0058
S08-02,Day_1,n0,4
S08-02,Day_1,center,G
S08-02,Day_1,field_strength,4.7
S08-02,Day_1,substance,Placebo
S08-02,Day_1,BAT,285.0
S08-02,Day_1,duration,30.0
S08-02,Day_1,study,8
S08-02,Day_1,visit,1
S08-02,Day_2,FA,20.0
S08-02,Day_2,TR,0.0058
S08-02,Day_2,n0,4
S08-02,Day_2,center,G
S08-02,Day_2,field_strength,4.7
S08-02,Day_2,substance,Cyclosporine
S08-02,Day_2,BAT,285.0
S08-02,Day_2,duration,30.0
S08-02,Day_2,study,8
S08-02,Day_2,visit,2
S08-03,Day_1,FA,20.0
S08-03,Day_1,TR,0.0058
S08-03,Day_1,n0,4
S08-03,Day_1,center,G
S08-03,Day_1,field_strength,4.7
S08-03,Day_1,substance,Placebo
S08-03,Day_1,BAT,285.0
S08-03,Day_1,duration,30.0
S08-03,Day_1,study,8
S08-03,Day_1,visit,1
S08-03,Day_2,FA,20.0
S08-03,Day_2,TR,0.0058
S08-03,Day_2,n0,4
S08-03,Day_2,center,G
S08-03,Day_2,field_strength,4.7
S08-03,Day_2,substance,Cyclosporine
S08-03,Day_2,BAT,285.0
S08-03,Day_2,duration,30.0
S08-03,Day_2,study,8
S08-03,Day_2,visit,2
S08-04,Day_1,FA,20.0
S08-04,Day_1,TR,0.0058
S08-04,Day_1,n0,4
S08-04,Day_1,center,G
S08-04,Day_1,field_strength,4.7
S08-04,Day_1,substance,Placebo
S08-04,Day_1,BAT,285.0
S08-04,Day_1,duration,30.0
S08-04,Day_1,study,8
S08-04,Day_1,visit,1
S08-04,Day_2,FA,20.0
S08-04,Day_2,TR,0.0058
S08-04,Day_2,n0,4
S08-04,Day_2,center,G
S08-04,Day_2,field_strength,4.7
S08-04,Day_2,substance,Cyclosporine
S08-04,Day_2,BAT,285.0
S08-04,Day_2,duration,30.0
S08-04,Day_2,study,8
S08-04,Day_2,visit,2
S08-05,Day_1,FA,20.0
S08-05,Day_1,TR,0.0058
S08-05,Day_1,n0,4
S08-05,Day_1,center,G
S08-05,Day_1,field_strength,4.7
S08-05,Day_1,substance,Placebo
S08-05,Day_1,BAT,285.0
S08-05,Day_1,duration,30.0
S08-05,Day_1,study,8
S08-05,Day_1,visit,1
S08-05,Day_2,FA,20.0
S08-05,Day_2,TR,0.0058
S08-05,Day_2,n0,4
S08-05,Day_2,center,G
S08-05,Day_2,field_strength,4.7
S08-05,Day_2,substance,Cyclosporine
S08-05,Day_2,BAT,285.0
S08-05,Day_2,duration,30.0
S08-05,Day_2,study,8
S08-05,Day_2,visit,2
S08-06,Day_1,FA,20.0
S08-06,Day_1,TR,0.0058
S08-06,Day_1,n0,4
S08-06,Day_1,center,G
S08-06,Day_1,field_strength,4.7
S08-06,Day_1,substance,Placebo
S08-06,Day_1,BAT,285.0
S08-06,Day_1,duration,30.0
S08-06,Day_1,study,8
S08-06,Day_1,visit,1
S08-06,Day_2,FA,20.0
S08-06,Day_2,TR,0.0058
S08-06,Day_2,n0,4
S08-06,Day_2,center,G
S08-06,Day_2,field_strength,4.7
S08-06,Day_2,substance,Cyclosporine
S08-06,Day_2,BAT,285.0
S08-06,Day_2,duration,30.0
S08-06,Day_2,study,8
S08-06,Day_2,visit,2
