subject,study,parameter,value
S11-03,Day_1,FA,20.0
S11-03,Day_1,TR,0.0058
S11-03,Day_1,n0,4
S11-03,Day_1,center,G
S11-03,Day_1,field_strength,7.0
S11-03,Day_1,BAT,285.0
S11-03,Day_1,duration,30.0
S11-03,Day_1,study,11
S11-03,Day_1,visit,1
S11-03,Day_1,substance,Placebo
S11-03,Day_1,H,0.418
S11-03,Day_1,ve,0.23
S11-03,Day_1,khe,0.03003611706623889
S11-03,Day_1,Th,219.51731462179012
S11-03,Day_1,Kbh,0.004555449312610788
S11-03,Day_1,Khe,0.13059181333147343
S11-03,Day_1,kbh,0.003507695970710307
S11-03,Day_1,E,0.5770060420384542
S11-03,Day_1,Ktrans,0.012705096039644722
