subject,study,parameter,value
S02-10,Day_2,FA,20.0
S02-10,Day_2,TR,0.0058
S02-10,Day_2,n0,4
S02-10,Day_2,center,D
S02-10,Day_2,field_strength,4.7
S02-10,Day_2,BAT,292.0
S02-10,Day_2,duration,22.0
S02-10,Day_2,study,2
S02-10,Day_2,visit,2
S02-10,Day_2,substance,Placebo
S02-10,Day_2,H,0.418
S02-10,Day_2,ve,0.23
S02-10,Day_2,khe,0.046996622311114164
S02-10,Day_2,Th,189.26196157016028
S02-10,Day_2,Kbh,0.00528368189626575
S02-10,Day_2,Khe,0.20433314048310505
S02-10,Day_2,kbh,0.004068435060124628
S02-10,Day_2,E,0.6809562927544002
S02-10,Day_2,Ktrans,0.014993976610159132
