subject,study,parameter,value
S02-11,Day_1,FA,20.0
S02-11,Day_1,TR,0.0058
S02-11,Day_1,n0,4
S02-11,Day_1,center,D
S02-11,Day_1,field_strength,4.7
S02-11,Day_1,BAT,292.0
S02-11,Day_1,duration,22.0
S02-11,Day_1,study,2
S02-11,Day_1,visit,1
S02-11,Day_1,substance,Cyclosporine (clinical dose)
S02-11,Day_1,H,0.418
S02-11,Day_1,ve,0.23
S02-11,Day_1,khe,0.021183634479930515
S02-11,Day_1,Th,296.4204598040303
S02-11,Day_1,Kbh,0.0033735862924614605
S02-11,Day_1,Khe,0.09210275860839354
S02-11,Day_1,kbh,0.0025976614451953244
S02-11,Day_1,E,0.49033200717820175
S02-11,Day_1,Ktrans,0.010796620466056823
