subject,study,parameter,value
S15-10,Day_1,FA,20.0
S15-10,Day_1,TR,0.0058
S15-10,Day_1,n0,4
S15-10,Day_1,center,D
S15-10,Day_1,field_strength,4.7
S15-10,Day_1,BAT,292.0
S15-10,Day_1,duration,22.0
S15-10,Day_1,study,15
S15-10,Day_1,visit,1
S15-10,Day_1,substance,Placebo
S15-10,Day_2,FA,20.0
S15-10,Day_2,TR,0.0058
S15-10,Day_2,n0,4
S15-10,Day_2,center,D
S15-10,Day_2,field_strength,4.7
S15-10,Day_2,BAT,292.0
S15-10,Day_2,duration,22.0
S15-10,Day_2,study,15
S15-10,Day_2,visit,2
S15-10,Day_2,substance,Placebo
S15-10,Day_3,FA,20.0
S15-10,Day_3,TR,0.0058
S15-10,Day_3,n0,4
S15-10,Day_3,center,D
S15-10,Day_3,field_strength,4.7
S15-10,Day_3,BAT,292.0
S15-10,Day_3,duration,22.0
S15-10,Day_3,study,15
S15-10,Day_3,visit,3
S15-10,Day_3,substance,Placebo
S15-11,Day_1,FA,20.0
S15-11,Day_1,TR,0.0058
S15-11,Day_1,n0,4
S15-11,Day_1,center,D
S15-11,Day_1,field_strength,4.7
S15-11,Day_1,BAT,292.0
S15-11,Day_1,duration,22.0
S15-11,Day_1,study,15
S15-11,Day_1,visit,1
S15-11,Day_1,substance,Cyclosporine (clinical dose)
S15-11,Day_2,FA,20.0
S15-11,Day_2,TR,0.0058
S15-11,Day_2,n0,4
S15-11,Day_2,center,D
S15-11,Day_2,field_strength,4.7
S15-11,Day_2,BAT,292.0
S15-11,Day_2,duration,22.0
S15-11,Day_2,study,15
S15-11,Day_2,visit,2
S15-11,Day_2,substance,Cyclosporine (clinical dose)
S15-11,Day_3,FA,20.0
S15-11,Day_3,TR,0.0058
S15-11,Day_3,n0,4
S15-11,Day_3,center,D
S15-11,Day_3,field_strength,4.7
S15-11,Day_3,BAT,292.0
S15-11,Day_3,duration,22.0
S15-11,Day_3,study,15
S15-11,Day_3,visit,3
S15-11,Day_3,substance,Cyclosporine (clinical dose)
S15-12,Day_1,FA,20.0
S15-12,Day_1,TR,0.0058
S15-12,Day_1,n0,4
S15-12,Day_1,center,D
S15-12,Day_1,field_strength,4.7
S15-12,Day_1,BAT,292.0
S15-12,Day_1,duration,22.0
S15-12,Day_1,study,15
S15-12,Day_1,visit,1
S15-12,Day_1,substance,Cyclosporine (clinical dose)
S15-12,Day_2,FA,20.0
S15-12,Day_2,TR,0.0058
S15-12,Day_2,n0,4
S15-12,Day_2,center,D
S15-12,Day_2,field_strength,4.7
S15-12,Day_2,BAT,292.0
S15-12,Day_2,duration,22.0
S15-12,Day_2,study,15
S15-12,Day_2,visit,2
S15-12,Day_2,substance,Cyclosporine (clinical dose)
S15-12,Day_3,FA,20.0
S15-12,Day_3,TR,0.0058
S15-12,Day_3,n0,4
S15-12,Day_3,center,D
S15-12,Day_3,field_strength,4.7
S15-12,Day_3,BAT,292.0
S15-12,Day_3,duration,22.0
S15-12,Day_3,study,15
S15-12,Day_3,visit,3
S15-12,Day_3,substance,Cyclosporine (clinical dose)
S15-13,Day_1,FA,20.0
S15-13,Day_1,TR,0.0058
S15-13,Day_1,n0,4
S15-13,Day_1,center,D
S15-13,Day_1,field_strength,4.7
S15-13,Day_1,BAT,292.0
S15-13,Day_1,duration,22.0
S15-13,Day_1,study,15
S15-13,Day_1,visit,1
S15-13,Day_1,substance,Cyclosporine (clinical dose)
S15-13,Day_2,FA,20.0
S15-13,Day_2,TR,0.0058
S15-13,Day_2,n0,4
S15-13,Day_2,center,D
S15-13,Day_2,field_strength,4.7
S15-13,Day_2,BAT,292.0
S15-13,Day_2,duration,22.0
S15-13,Day_2,study,15
S15-13,Day_2,visit,2
S15-13,Day_2,substance,Cyclosporine (clinical dose)
S15-01,Day_1,FA,20.0
S15-01,Day_1,TR,0.0058
S15-01,Day_1,n0,4
S15-01,Day_1,center,D
S15-01,Day_1,field_strength,4.7
S15-01,Day_1,BAT,292.0
S15-01,Day_1,duration,22.0
S15-01,Day_1,study,15
S15-01,Day_1,visit,1
S15-01,Day_1,substance,Cyclosporine (clinical dose)
S15-01,Day_2,FA,20.0
S15-01,Day_2,TR,0.0058
S15-01,Day_2,n0,4
S15-01,Day_2,center,D
S15-01,Day_2,field_strength,4.7
S15-01,Day_2,BAT,292.0
S15-01,Day_2,duration,22.0
S15-01,Day_2,study,15
S15-01,Day_2,visit,2
S15-01,Day_2,substance,Cyclosporine (clinical dose)
S15-02,Day_1,FA,20.0
S15-02,Day_1,TR,0.0058
S15-02,Day_1,n0,4
S15-02,Day_1,center,D
S15-02,Day_1,field_strength,4.7
S15-02,Day_1,BAT,292.0
S15-02,Day_1,duration,22.0
S15-02,Day_1,study,15
S15-02,Day_1,visit,1
S15-02,Day_1,substance,Cyclosporine (clinical dose)
S15-02,Day_2,FA,20.0
S15-02,Day_2,TR,0.0058
S15-02,Day_2,n0,4
S15-02,Day_2,center,D
S15-02,Day_2,field_strength,4.7
S15-02,Day_2,BAT,292.0
S15-02,Day_2,duration,22.0
S15-02,Day_2,study,15
S15-02,Day_2,visit,2
S15-02,Day_2,substance,Cyclosporine (clinical dose)
S15-02,Day_3,FA,20.0
S15-02,Day_3,TR,0.0058
S15-02,Day_3,n0,4
S15-02,Day_3,center,D
S15-02,Day_3,field_strength,4.7
S15-02,Day_3,BAT,292.0
S15-02,Day_3,duration,22.0
S15-02,Day_3,study,15
S15-02,Day_3,visit,3
S15-02,Day_3,substance,Cyclosporine (clinical dose)
S15-03,Day_1,FA,20.0
S15-03,Day_1,TR,0.0058
S15-03,Day_1,n0,4
S15-03,Day_1,center,D
S15-03,Day_1,field_strength,4.7
S15-03,Day_1,BAT,292.0
S15-03,Day_1,duration,22.0
S15-03,Day_1,study,15
S15-03,Day_1,visit,1
S15-03,Day_1,substance,Placebo
S15-03,Day_2,FA,20.0
S15-03,Day_2,TR,0.0058
S15-03,Day_2,n0,4
S15-03,Day_2,center,D
S15-03,Day_2,field_strength,4.7
S15-03,Day_2,BAT,292.0
S15-03,Day_2,duration,22.0
S15-03,Day_2,study,15
S15-03,Day_2,visit,2
S15-03,Day_2,substance,Placebo
S15-03,Day_3,FA,20.0
S15-03,Day_3,TR,0.0058
S15-03,Day_3,n0,4
S15-03,Day_3,center,D
S15-03,Day_3,field_strength,4.7
S15-03,Day_3,BAT,292.0
S15-03,Day_3,duration,22.0
S15-03,Day_3,study,15
S15-03,Day_3,visit,3
S15-03,Day_3,substance,Placebo
S15-04,Day_1,FA,20.0
S15-04,Day_1,TR,0.0058
S15-04,Day_1,n0,4
S15-04,Day_1,center,D
S15-04,Day_1,field_strength,4.7
S15-04,Day_1,BAT,292.0
S15-04,Day_1,duration,22.0
S15-04,Day_1,study,15
S15-04,Day_1,visit,1
S15-04,Day_1,substance,Placebo
S15-04,Day_2,FA,20.0
S15-04,Day_2,TR,0.0058
S15-04,Day_2,n0,4
S15-04,Day_2,center,D
S15-04,Day_2,field_strength,4.7
S15-04,Day_2,BAT,292.0
S15-04,Day_2,duration,22.0
S15-04,Day_2,study,15
S15-04,Day_2,visit,2
S15-04,Day_2,substance,Placebo
S15-04,Day_3,FA,20.0
S15-04,Day_3,TR,0.0058
S15-04,Day_3,n0,4
S15-04,Day_3,center,D
S15-04,Day_3,field_strength,4.7
S15-04,Day_3,BAT,292.0
S15-04,Day_3,duration,22.0
S15-04,Day_3,study,15
S15-04,Day_3,visit,3
S15-04,Day_3,substance,Placebo
S15-05,Day_1,FA,20.0
S15-05,Day_1,TR,0.0058
S15-05,Day_1,n0,4
S15-05,Day_1,center,D
S15-05,Day_1,field_strength,4.7
S15-05,Day_1,BAT,292.0
S15-05,Day_1,duration,22.0
S15-05,Day_1,study,15
S15-05,Day_1,visit,1
S15-05,Day_1,substance,Placebo
S15-05,Day_2,FA,20.0
S15-05,Day_2,TR,0.0058
S15-05,Day_2,n0,4
S15-05,Day_2,center,D
S15-05,Day_2,field_strength,4.7
S15-05,Day_2,BAT,292.0
S15-05,Day_2,duration,22.0
S15-05,Day_2,study,15
S15-05,Day_2,visit,2
S15-05,Day_2,substance,Placebo
S15-05,Day_3,FA,20.0
S15-05,Day_3,TR,0.0058
S15-05,Day_3,n0,4
S15-05,Day_3,center,D
S15-05,Day_3,field_strength,4.7
S15-05,Day_3,BAT,292.0
S15-05,Day_3,duration,22.0
S15-05,Day_3,study,15
S15-05,Day_3,visit,3
S15-05,Day_3,substance,Placebo
S15-06,Day_1,FA,20.0
S15-06,Day_1,TR,0.0058
S15-06,Day_1,n0,4
S15-06,Day_1,center,D
S15-06,Day_1,field_strength,4.7
S15-06,Day_1,BAT,292.0
S15-06,Day_1,duration,22.0
S15-06,Day_1,study,15
S15-06,Day_1,visit,1
S15-06,Day_1,substance,Placebo
S15-06,Day_2,FA,20.0
S15-06,Day_2,TR,0.0058
S15-06,Day_2,n0,4
S15-06,Day_2,center,D
S15-06,Day_2,field_strength,4.7
S15-06,Day_2,BAT,292.0
S15-06,Day_2,duration,22.0
S15-06,Day_2,study,15
S15-06,Day_2,visit,2
S15-06,Day_2,substance,Placebo
S15-06,Day_3,FA,20.0
S15-06,Day_3,TR,0.0058
S15-06,Day_3,n0,4
S15-06,Day_3,center,D
S15-06,Day_3,field_strength,4.7
S15-06,Day_3,BAT,292.0
S15-06,Day_3,duration,22.0
S15-06,Day_3,study,15
S15-06,Day_3,visit,3
S15-06,Day_3,substance,Placebo
S15-07,Day_1,FA,20.0
S15-07,Day_1,TR,0.0058
S15-07,Day_1,n0,4
S15-07,Day_1,center,D
S15-07,Day_1,field_strength,4.7
S15-07,Day_1,BAT,292.0
S15-07,Day_1,duration,22.0
S15-07,Day_1,study,15
S15-07,Day_1,visit,1
S15-07,Day_1,substance,Cyclosporine (clinical dose)
S15-07,Day_2,FA,20.0
S15-07,Day_2,TR,0.0058
S15-07,Day_2,n0,4
S15-07,Day_2,center,D
S15-07,Day_2,field_strength,4.7
S15-07,Day_2,BAT,292.0
S15-07,Day_2,duration,22.0
S15-07,Day_2,study,15
S15-07,Day_2,visit,2
S15-07,Day_2,substance,Cyclosporine (clinical dose)
S15-07,Day_3,FA,20.0
S15-07,Day_3,TR,0.0058
S15-07,Day_3,n0,4
S15-07,Day_3,center,D
S15-07,Day_3,field_strength,4.7
S15-07,Day_3,BAT,292.0
S15-07,Day_3,duration,22.0
S15-07,Day_3,study,15
S15-07,Day_3,visit,3
S15-07,Day_3,substance,Cyclosporine (clinical dose)
S15-08,Day_1,FA,20.0
S15-08,Day_1,TR,0.0058
S15-08,Day_1,n0,4
S15-08,Day_1,center,D
S15-08,Day_1,field_strength,4.7
S15-08,Day_1,BAT,292.0
S15-08,Day_1,duration,22.0
S15-08,Day_1,study,15
S15-08,Day_1,visit,1
S15-08,Day_1,substance,Cyclosporine (clinical dose)
S15-08,Day_2,FA,20.0
S15-08,Day_2,TR,0.0058
S15-08,Day_2,n0,4
S15-08,Day_2,center,D
S15-08,Day_2,field_strength,4.7
S15-08,Day_2,BAT,292.0
S15-08,Day_2,duration,22.0
S15-08,Day_2,study,15
S15-08,Day_2,visit,2
S15-08,Day_2,substance,Cyclosporine (clinical dose)
S15-08,Day_3,FA,20.0
S15-08,Day_3,TR,0.0058
S15-08,Day_3,n0,4
S15-08,Day_3,center,D
S15-08,Day_3,field_strength,4.7
S15-08,Day_3,BAT,292.0
S15-08,Day_3,duration,22.0
S15-08,Day_3,study,15
S15-08,Day_3,visit,3
S15-08,Day_3,substance,Cyclosporine (clinical dose)
S15-09,Day_1,FA,20.0
S15-09,Day_1,TR,0.0058
S15-09,Day_1,n0,4
S15-09,Day_1,center,D
S15-09,Day_1,field_strength,4.7
S15-09,Day_1,BAT,292.0
S15-09,Day_1,duration,22.0
S15-09,Day_1,study,15
S15-09,Day_1,visit,1
S15-09,Day_1,substance,Placebo
S15-09,Day_2,FA,20.0
S15-09,Day_2,TR,0.0058
S15-09,Day_2,n0,4
S15-09,Day_2,center,D
S15-09,Day_2,field_strength,4.7
S15-09,Day_2,BAT,292.0
S15-09,Day_2,duration,22.0
S15-09,Day_2,study,15
S15-09,Day_2,visit,2
S15-09,Day_2,substance,Placebo
S15-09,Day_3,FA,20.0
S15-09,Day_3,TR,0.0058
S15-09,Day_3,n0,4
S15-09,Day_3,center,D
S15-09,Day_3,field_strength,4.7
S15-09,Day_3,BAT,292.0
S15-09,Day_3,duration,22.0
S15-09,Day_3,study,15
S15-09,Day_3,visit,3
S15-09,Day_3,substance,Placebo
