subject,study,parameter,value
S15-08,Day_2,FA,20.0
S15-08,Day_2,TR,0.0058
S15-08,Day_2,n0,4
S15-08,Day_2,center,D
S15-08,Day_2,field_strength,4.7
S15-08,Day_2,BAT,292.0
S15-08,Day_2,duration,22.0
S15-08,Day_2,study,15
S15-08,Day_2,visit,2
S15-08,Day_2,study arm,Cyclosporine (clinical dose)
S15-08,Day_2,substance,Cyclosporine (clinical dose)
S15-08,Day_2,ve,0.23
S15-08,Day_2,Fp,0.022019
S15-08,Day_2,E,0.08952709307184031
S15-08,Day_2,Th,600.2681455733991
S15-08,Day_2,vol,1000
S15-08,Day_2,Ktrans,0.001971297062348852
S15-08,Day_2,khe,0.0021651353349983827
S15-08,Day_2,Khe,0.009413631891297316
S15-08,Day_2,kbh,0.0012827600559487736
S15-08,Day_2,Kbh,0.0016659221505828227
S15-08,Day_2,Te,9.510366891933183
S15-08,Day_2,CL,2.1651353349983826
