subject,study,parameter,value
S15-08,Day_2,FA,20.0
S15-08,Day_2,TR,0.0058
S15-08,Day_2,n0,4
S15-08,Day_2,center,D
S15-08,Day_2,field_strength,4.7
S15-08,Day_2,BAT,292.0
S15-08,Day_2,duration,22.0
S15-08,Day_2,study,15
S15-08,Day_2,visit,2
S15-08,Day_2,substance,Cyclosporine (clinical dose)
S15-08,Day_2,H,0.418
S15-08,Day_2,ve,0.23
S15-08,Day_2,khe,0.0032819065272444614
S15-08,Day_2,Th,623.8385347335606
S15-08,Day_2,Kbh,0.001602978886879915
S15-08,Day_2,Khe,0.014269158814106354
S15-08,Day_2,kbh,0.0012342937428975345
S15-08,Day_2,E,0.1297149777503208
S15-08,Day_2,Ktrans,0.0028561940950843135
