subject,study,parameter,value
S14-08,Day_3,FA,30.0
S14-08,Day_3,TR,0.036
S14-08,Day_3,n0,4
S14-08,Day_3,center,A
S14-08,Day_3,field_strength,7.0
S14-08,Day_3,BAT,285.0
S14-08,Day_3,duration,30.0
S14-08,Day_3,study,14
S14-08,Day_3,visit,3
S14-08,Day_3,study arm,Rifampicin (high dose)
S14-08,Day_3,substance,Rifampicin (high dose)
S14-08,Day_3,ve,0.23
S14-08,Day_3,Fp,0.022019
S14-08,Day_3,E,0.29065208957261635
S14-08,Day_3,Th,409.75133530777373
S14-08,Day_3,vol,1000
S14-08,Day_3,Ktrans,0.006399868360299439
S14-08,Day_3,khe,0.00902218539904277
S14-08,Day_3,Khe,0.03922689303931639
S14-08,Day_3,kbh,0.0018791885069065978
S14-08,Day_3,Kbh,0.002440504554424153
S14-08,Day_3,Te,7.40951084964341
S14-08,Day_3,CL,9.022185399042769
