subject,study,parameter,value
S14-08,Day_3,FA,30.0
S14-08,Day_3,TR,0.036
S14-08,Day_3,n0,4
S14-08,Day_3,center,A
S14-08,Day_3,field_strength,7.0
S14-08,Day_3,BAT,285.0
S14-08,Day_3,duration,30.0
S14-08,Day_3,study,14
S14-08,Day_3,visit,3
S14-08,Day_3,substance,Rifampicin (high dose)
S14-08,Day_3,H,0.418
S14-08,Day_3,ve,0.23
S14-08,Day_3,khe,0.010454985511787643
S14-08,Day_3,Th,427.5151368787141
S14-08,Day_3,Kbh,0.002339098463977194
S14-08,Day_3,Khe,0.045456458746902795
S14-08,Day_3,kbh,0.0018011058172624395
S14-08,Day_3,E,0.32194956507548533
S14-08,Day_3,Ktrans,0.007089007473397111
