subject,study,parameter,value
S15-09,Day_2,FA,20.0
S15-09,Day_2,TR,0.0058
S15-09,Day_2,n0,4
S15-09,Day_2,center,D
S15-09,Day_2,field_strength,4.7
S15-09,Day_2,BAT,292.0
S15-09,Day_2,duration,22.0
S15-09,Day_2,study,15
S15-09,Day_2,visit,2
S15-09,Day_2,substance,Placebo
S15-09,Day_2,H,0.418
S15-09,Day_2,ve,0.23
S15-09,Day_2,khe,0.03932121106214301
S15-09,Day_2,Th,214.5039401319169
S15-09,Day_2,Kbh,0.004661919027617927
S15-09,Day_2,Khe,0.1709617872267087
S15-09,Day_2,kbh,0.0035896776512658038
S15-09,Day_2,E,0.6410348184538716
S15-09,Day_2,Ktrans,0.0141149456675358
