subject,study,parameter,value
S15-09,Day_2,FA,20.0
S15-09,Day_2,TR,0.0058
S15-09,Day_2,n0,4
S15-09,Day_2,center,D
S15-09,Day_2,field_strength,4.7
S15-09,Day_2,BAT,292.0
S15-09,Day_2,duration,22.0
S15-09,Day_2,study,15
S15-09,Day_2,visit,2
S15-09,Day_2,study arm,Placebo
S15-09,Day_2,substance,Placebo
S15-09,Day_2,ve,0.23
S15-09,Day_2,Fp,0.022019
S15-09,Day_2,E,0.899991556985456
S15-09,Day_2,Th,251.07924940960805
S15-09,Day_2,vol,1000
S15-09,Day_2,Ktrans,0.019816914093262757
S15-09,Day_2,khe,0.19815241089575628
S15-09,Day_2,Khe,0.8615322212858968
S15-09,Day_2,kbh,0.003066760800865029
S15-09,Day_2,Kbh,0.003982806234889649
S15-09,Day_2,Te,1.0446406237043067
S15-09,Day_2,CL,198.15241089575628
