subject,study,parameter,value
S02-13,Day_1,FA,20.0
S02-13,Day_1,TR,0.0058
S02-13,Day_1,n0,4
S02-13,Day_1,center,D
S02-13,Day_1,field_strength,4.7
S02-13,Day_1,BAT,292.0
S02-13,Day_1,duration,22.0
S02-13,Day_1,study,2
S02-13,Day_1,visit,1
S02-13,Day_1,substance,Cyclosporine (clinical dose)
S02-13,Day_1,H,0.418
S02-13,Day_1,ve,0.23
S02-13,Day_1,khe,0.03915014345254695
S02-13,Day_1,Th,204.4713875250379
S02-13,Day_1,Kbh,0.004890659823382615
S02-13,Day_1,Khe,0.1702180150110737
S02-13,Day_1,kbh,0.0037658080640046135
S02-13,Day_1,E,0.6400309247900188
S02-13,Day_1,Ktrans,0.014092840932951427
