subject,study,parameter,value
S04-03,Day_1,FA,20.0
S04-03,Day_1,TR,0.0058
S04-03,Day_1,n0,4
S04-03,Day_1,center,G
S04-03,Day_1,field_strength,4.7
S04-03,Day_1,BAT,285.0
S04-03,Day_1,duration,30.0
S04-03,Day_1,study,4
S04-03,Day_1,visit,1
S04-03,Day_1,substance,Placebo
S04-03,Day_1,H,0.418
S04-03,Day_1,ve,0.23
S04-03,Day_1,khe,0.030745428856714246
S04-03,Day_1,Th,164.76651153125766
S04-03,Day_1,Kbh,0.006069194466196435
S04-03,Day_1,Khe,0.13367577763788802
S04-03,Day_1,kbh,0.004673279738971255
S04-03,Day_1,E,0.582692346395064
S04-03,Day_1,Ktrans,0.012830302775272914
