subject,study,parameter,value
S04-03,Day_1,FA,20.0
S04-03,Day_1,TR,0.0058
S04-03,Day_1,n0,4
S04-03,Day_1,center,G
S04-03,Day_1,field_strength,4.7
S04-03,Day_1,BAT,285.0
S04-03,Day_1,duration,30.0
S04-03,Day_1,study,4
S04-03,Day_1,visit,1
S04-03,Day_1,substance,Placebo
S04-03,Day_1,ve,0.23
S04-03,Day_1,Fp,0.022019
S04-03,Day_1,E,0.8998594818259124
S04-03,Day_1,Th,155.51934015044236
S04-03,Day_1,vol,1000
S04-03,Day_1,Ktrans,0.019814005930324764
S04-03,Day_1,khe,0.19786202719541984
S04-03,Day_1,Khe,0.8602696834583471
S04-03,Day_1,kbh,0.0049511526942895775
S04-03,Day_1,Kbh,0.006430068434142309
S04-03,Day_1,Te,1.0460202179953748
S04-03,Day_1,CL,197.86202719541984
