subject,study,parameter,value
S06-04,Day_2,FA,20.0
S06-04,Day_2,TR,0.0058
S06-04,Day_2,n0,4
S06-04,Day_2,center,E
S06-04,Day_2,field_strength,7.0
S06-04,Day_2,substance,Pioglitazone
S06-04,Day_2,BAT,285.0
S06-04,Day_2,duration,30.0
S06-04,Day_2,study,6
S06-04,Day_2,visit,2
S06-04,Day_2,H,0.418
S06-04,Day_2,ve,0.23
S06-04,Day_2,khe,0.016584236459985354
S06-04,Day_2,Th,202.54725339523455
S06-04,Day_2,Kbh,0.004937119527603171
S06-04,Day_2,Khe,0.0721053759129798
S06-04,Day_2,kbh,0.0038015820362544413
S06-04,Day_2,E,0.4296074106940733
S06-04,Day_2,Ktrans,0.009459525576072802
