subject,study,parameter,value
S02-13,Day_2,FA,20.0
S02-13,Day_2,TR,0.0058
S02-13,Day_2,n0,4
S02-13,Day_2,center,D
S02-13,Day_2,field_strength,4.7
S02-13,Day_2,BAT,292.0
S02-13,Day_2,duration,22.0
S02-13,Day_2,study,2
S02-13,Day_2,visit,2
S02-13,Day_2,substance,Cyclosporine (clinical dose)
S02-13,Day_2,H,0.418
S02-13,Day_2,ve,0.23
S02-13,Day_2,khe,0.0033605409529403863
S02-13,Day_2,Th,682.3195332004992
S02-13,Day_2,Kbh,0.0014655889965649723
S02-13,Day_2,Khe,0.014611047621479939
S02-13,Day_2,kbh,0.0011285035273550287
S02-13,Day_2,E,0.13241141591849973
S02-13,Day_2,Ktrans,0.0029155669671094456
