subject,study,parameter,value
S03-02,Day_1,FA,20.0
S03-02,Day_1,TR,0.0058
S03-02,Day_1,n0,4
S03-02,Day_1,center,G
S03-02,Day_1,field_strength,7.0
S03-02,Day_1,BAT,285.0
S03-02,Day_1,duration,30.0
S03-02,Day_1,study,3
S03-02,Day_1,visit,1
S03-02,Day_1,substance,Bosentan (clinical dose)
S03-02,Day_1,H,0.418
S03-02,Day_1,ve,0.23
S03-02,Day_1,khe,0.02447080976396211
S03-02,Day_1,Th,302.32466590999394
S03-02,Day_1,Kbh,0.003307702323890811
S03-02,Day_1,Khe,0.10639482506070481
S03-02,Day_1,kbh,0.0025469307893959247
S03-02,Day_1,E,0.5263693245510191
S03-02,Day_1,Ktrans,0.01159012615728889
