subject,study,parameter,value
S12-01,Day_1,FA,20.0
S12-01,Day_1,TR,0.0058
S12-01,Day_1,n0,4
S12-01,Day_1,center,G
S12-01,Day_1,field_strength,4.7
S12-01,Day_1,substance,Placebo
S12-01,Day_1,BAT,285.0
S12-01,Day_1,duration,30.0
S12-01,Day_1,study,12
S12-01,Day_1,visit,1
S12-01,Day_1,ve,0.23
S12-01,Day_1,Fp,0.022019
S12-01,Day_1,E,0.8552765140113054
S12-01,Day_1,Th,309.3278463317156
S12-01,Day_1,vol,1000
S12-01,Day_1,Ktrans,0.018832333562014934
S12-01,Day_1,khe,0.1301263124872909
S12-01,Day_1,Khe,0.5657665760316996
S12-01,Day_1,kbh,0.00248926829294984
S12-01,Day_1,Kbh,0.003232815964869922
S12-01,Day_1,Te,1.511712692556417
S12-01,Day_1,CL,130.1263124872909
