subject,study,parameter,value
S12-01,Day_1,FA,20.0
S12-01,Day_1,TR,0.0058
S12-01,Day_1,n0,4
S12-01,Day_1,center,G
S12-01,Day_1,field_strength,4.7
S12-01,Day_1,substance,Placebo
S12-01,Day_1,BAT,285.0
S12-01,Day_1,duration,30.0
S12-01,Day_1,study,12
S12-01,Day_1,visit,1
S12-01,Day_1,H,0.418
S12-01,Day_1,ve,0.23
S12-01,Day_1,khe,0.030381576521382642
S12-01,Day_1,Th,323.45298245599736
S12-01,Day_1,Kbh,0.003091639447585061
S12-01,Day_1,Khe,0.13209381096253323
S12-01,Day_1,kbh,0.0023805623746404967
S12-01,Day_1,E,0.5797946995675725
S12-01,Day_1,Ktrans,0.01276649948977838
