subject,study,parameter,value
S15-12,Day_2,FA,20.0
S15-12,Day_2,TR,0.0058
S15-12,Day_2,n0,4
S15-12,Day_2,center,D
S15-12,Day_2,field_strength,4.7
S15-12,Day_2,BAT,292.0
S15-12,Day_2,duration,22.0
S15-12,Day_2,study,15
S15-12,Day_2,visit,2
S15-12,Day_2,substance,Cyclosporine (clinical dose)
S15-12,Day_2,H,0.418
S15-12,Day_2,ve,0.23
S15-12,Day_2,khe,0.0044210887134208164
S15-12,Day_2,Th,725.5118129731287
S15-12,Day_2,Kbh,0.001378337309081193
S15-12,Day_2,Khe,0.01922212484096007
S15-12,Day_2,kbh,0.0010613197279925187
S15-12,Day_2,E,0.1672115688165865
S15-12,Day_2,Ktrans,0.0036818315337724178
