subject,study,parameter,value
S15-12,Day_2,FA,20.0
S15-12,Day_2,TR,0.0058
S15-12,Day_2,n0,4
S15-12,Day_2,center,D
S15-12,Day_2,field_strength,4.7
S15-12,Day_2,BAT,292.0
S15-12,Day_2,duration,22.0
S15-12,Day_2,study,15
S15-12,Day_2,visit,2
S15-12,Day_2,study arm,Cyclosporine (clinical dose)
S15-12,Day_2,substance,Cyclosporine (clinical dose)
S15-12,Day_2,ve,0.23
S15-12,Day_2,Fp,0.022019
S15-12,Day_2,E,0.12032346330637139
S15-12,Day_2,Th,698.8624632730073
S15-12,Day_2,vol,1000
S15-12,Day_2,Ktrans,0.0026494023385429917
S15-12,Day_2,khe,0.003011791525668166
S15-12,Day_2,Khe,0.013094745763774633
S15-12,Day_2,kbh,0.0011017904673171768
S15-12,Day_2,Kbh,0.0014308967108015284
S15-12,Day_2,Te,9.188682657683573
S15-12,Day_2,CL,3.011791525668166
