subject,study,parameter,value
S03-06,Day_1,FA,20.0
S03-06,Day_1,TR,0.0058
S03-06,Day_1,n0,4
S03-06,Day_1,center,G
S03-06,Day_1,field_strength,7.0
S03-06,Day_1,BAT,285.0
S03-06,Day_1,duration,30.0
S03-06,Day_1,study,3
S03-06,Day_1,visit,1
S03-06,Day_1,substance,Placebo
S03-06,Day_1,H,0.418
S03-06,Day_1,ve,0.23
S03-06,Day_1,khe,0.018784926444104382
S03-06,Day_1,Th,361.92582400842167
S03-06,Day_1,Kbh,0.0027629970940585076
S03-06,Day_1,Khe,0.08167359323523644
S03-06,Day_1,kbh,0.002127507762425051
S03-06,Day_1,E,0.46037055943224187
S03-06,Day_1,Ktrans,0.010136899348138535
