subject,study,parameter,value
S03-06,Day_1,FA,20.0
S03-06,Day_1,TR,0.0058
S03-06,Day_1,n0,4
S03-06,Day_1,center,G
S03-06,Day_1,field_strength,7.0
S03-06,Day_1,BAT,285.0
S03-06,Day_1,duration,30.0
S03-06,Day_1,study,3
S03-06,Day_1,visit,1
S03-06,Day_1,substance,Placebo
S03-06,Day_1,ve,0.23
S03-06,Day_1,Fp,0.022019
S03-06,Day_1,E,0.5405685191958706
S03-06,Day_1,Th,337.3248832913366
S03-06,Day_1,vol,1000
S03-06,Day_1,Ktrans,0.011902778224173875
S03-06,Day_1,khe,0.025907624360744265
S03-06,Day_1,Khe,0.11264184504671419
S03-06,Day_1,kbh,0.0022826658753631757
S03-06,Day_1,Kbh,0.002964501136835293
S03-06,Day_1,Te,4.799002706069747
S03-06,Day_1,CL,25.907624360744265
