subject,study,parameter,value
S11-01,Day_1,FA,20.0
S11-01,Day_1,TR,0.0058
S11-01,Day_1,n0,4
S11-01,Day_1,center,G
S11-01,Day_1,field_strength,7.0
S11-01,Day_1,BAT,285.0
S11-01,Day_1,duration,30.0
S11-01,Day_1,study,11
S11-01,Day_1,visit,1
S11-01,Day_1,substance,Bosentan (clinical dose)
S11-01,Day_1,H,0.418
S11-01,Day_1,ve,0.23
S11-01,Day_1,khe,0.013776092779588101
S11-01,Day_1,Th,222.588307914077
S11-01,Day_1,Kbh,0.004492598957111519
S11-01,Day_1,Khe,0.059896055563426524
S11-01,Day_1,kbh,0.0034593011969758698
S11-01,Day_1,E,0.38485981484712956
S11-01,Day_1,Ktrans,0.008474228263118945
