subject,study,parameter,value
S11-01,Day_1,FA,20.0
S11-01,Day_1,TR,0.0058
S11-01,Day_1,n0,4
S11-01,Day_1,center,G
S11-01,Day_1,field_strength,7.0
S11-01,Day_1,BAT,285.0
S11-01,Day_1,duration,30.0
S11-01,Day_1,study,11
S11-01,Day_1,visit,1
S11-01,Day_1,study arm,Bosentan (clinical dose)
S11-01,Day_1,substance,Placebo
S11-01,Day_1,ve,0.23
S11-01,Day_1,Fp,0.022019
S11-01,Day_1,E,0.3791720311264659
S11-01,Day_1,Th,219.17603278867102
S11-01,Day_1,vol,1000
S11-01,Day_1,Ktrans,0.008348988953373652
S11-01,Day_1,khe,0.013448152100045584
S11-01,Day_1,Khe,0.05847022652193732
S11-01,Day_1,kbh,0.0035131578494370873
S11-01,Day_1,Kbh,0.0045625426616066065
S11-01,Day_1,Te,6.484873647346058
S11-01,Day_1,CL,13.448152100045585
